cell_id,x,y,cell_type,unique_region,true_organization,true_border,true_border_operational,signed_distance,distance_from_border,window_frac_B,Neighborhood
0,205.04530984908342,1322.7587663568556,1,1,A,False,False,-360.59566230070504,360.59566230070504,0.0,A
1,1067.4690501764417,599.4057822972536,3,1,B,False,False,342.4800530165924,342.4800530165924,1.0,B
2,1403.731354046613,537.9970245994627,7,1,B,False,False,766.9119029923863,766.9119029923863,1.0,B
3,852.7735155075788,221.0998423397541,5,1,A,True,True,-6.514162481733573,6.514162481733573,0.5,B
4,334.3837670981884,695.6341559998691,8,1,A,False,False,-279.6957072815183,279.6957072815183,0.0,A
5,1085.6893071904778,1120.3906475566328,4,1,B,False,False,306.853442473298,306.853442473298,1.0,B
6,89.63628765195608,472.4977291189134,6,1,A,False,False,-497.1796157228728,497.1796157228728,0.0,A
7,541.5595080703497,887.5331156887114,8,1,A,False,False,-325.31240277476326,325.31240277476326,0.0,A
8,1104.3256781995296,1191.5543116629124,3,1,B,False,False,446.8386481120377,446.8386481120377,1.0,B
9,195.02712646499276,886.663697194308,7,1,A,False,False,-670.0842290125247,670.0842290125247,0.0,A
10,499.7902507893741,504.12381486967206,6,1,A,False,False,-129.72460068374266,129.72460068374266,0.0,A
11,566.613417584449,605.9974269010127,6,1,A,True,False,-76.2113697651668,76.2113697651668,0.0,A
12,402.9150204733014,1183.009648695588,1,1,A,False,False,-218.932391868569,218.932391868569,0.0,A
13,912.2393536381423,778.7484275177121,5,1,B,True,False,65.2219557218951,65.2219557218951,1.0,B
14,364.4019076600671,25.126602966338396,1,1,A,False,False,-284.45981270660246,284.45981270660246,0.0,A
15,553.292874712497,246.23275268822908,8,1,A,False,False,-246.48332263144545,246.48332263144545,0.0,A
16,528.2251741737127,145.57810267433524,1,1,A,False,False,-325.01239604237,325.01239604237,0.0,A
17,933.3601179532707,825.0715769827366,2,1,B,True,False,68.15302157857073,68.15302157857073,1.0,A
18,252.7096546255052,1232.6772739179432,8,1,A,False,False,-376.54096132756854,376.54096132756854,0.0,A
19,845.9896501153708,923.5313180834055,4,1,A,True,True,-11.656103773695868,11.656103773695868,0.45,A
20,121.62031140178442,540.2629869058728,5,1,A,False,False,-504.07921651185944,504.07921651185944,0.0,A
21,631.9837952032685,54.328075144439936,2,1,A,False,False,-126.22667063149298,126.22667063149298,0.0,A
22,65.45101013034582,291.37184377759695,6,1,A,False,False,-545.0374004569645,545.0374004569645,0.0,A
23,1041.0298956558108,466.7505822144449,3,1,B,False,False,347.87231631562764,347.87231631562764,1.0,B
24,583.2533980719745,1143.3571698144078,5,1,A,True,False,-62.9194061540117,62.9194061540117,0.0,A
25,816.7520924471319,901.4324080199003,5,1,A,True,False,-48.36059515243528,48.36059515243528,0.0,A
26,1441.4498386904597,1162.755835801363,4,1,B,False,False,688.8305919976137,688.8305919976137,1.0,B
27,60.71885582059622,1316.209711600095,2,1,A,False,False,-477.33253904571603,477.33253904571603,0.0,A
28,28.271089307963848,761.6890696808696,1,1,A,False,False,-578.6853603312219,578.6853603312219,0.0,A
29,10.010631289333105,1195.2306465245783,6,1,A,False,False,-600.4369585003092,600.4369585003092,0.0,A
30,108.70080068707466,56.260859593749046,1,1,A,False,False,-508.8919288492291,508.8919288492291,0.0,A
31,1410.764432977885,908.515106420964,4,1,B,False,False,520.295818240007,520.295818240007,1.0,B
32,316.70872773975134,1139.1490995883942,2,1,A,False,False,-277.7160876060627,277.7160876060627,0.0,A
33,868.8568691723049,308.636368252337,5,1,B,True,False,53.1600894647345,53.1600894647345,1.0,B
34,881.1875232495368,0.6265849806368351,6,1,B,True,False,88.79960269507778,88.79960269507778,1.0,B
35,878.2736049033701,52.908651530742645,5,1,B,True,False,53.007025212327875,53.007025212327875,1.0,A
36,946.4826551266015,1394.079688936472,7,1,B,False,False,138.12525130769802,138.12525130769802,1.0,B
37,915.4534405097365,1316.3731545209885,6,1,B,False,False,194.2781146309414,194.2781146309414,1.0,B
38,112.69828397780657,1139.4241810776293,7,1,A,False,False,-441.1418787813949,441.1418787813949,0.0,A
39,1275.1339981332421,900.3997785039246,6,1,B,False,False,396.65417859964725,396.65417859964725,1.0,B
40,728.09235798195,625.5048452876508,3,1,B,True,False,40.08616061647094,40.08616061647094,1.0,B
41,747.4725069478154,549.0371352061629,8,1,B,False,False,111.75740991088402,111.75740991088402,1.0,B
42,939.5961030386388,608.6836298927665,7,1,B,False,False,223.43142904101217,223.43142904101217,1.0,B
43,1045.104876626283,601.9082958810031,5,1,B,False,False,319.6618820700182,319.6618820700182,1.0,B
44,210.14535846188664,86.23270969837904,1,1,A,False,False,-494.1449016631761,494.1449016631761,0.0,A
45,959.0501971542835,462.5395769253373,3,1,B,False,False,269.59349844288164,269.59349844288164,1.0,B
46,892.4559191800654,1314.6184883080423,6,1,B,False,False,178.29608753553993,178.29608753553993,1.0,B
47,1495.0525327585638,1295.2441982924938,4,1,B,False,False,710.777380948077,710.777380948077,1.0,B
48,1489.5085017196834,456.83860033750534,6,1,B,False,False,712.4298848670214,712.4298848670214,1.0,B
49,925.0167547725141,124.0210966207087,5,1,B,True,False,60.8265949289367,60.8265949289367,1.0,B
50,613.1649753078818,237.4549973756075,5,1,A,False,False,-206.93518246409508,206.93518246409508,0.0,A
51,740.2995899319649,199.0693132393062,2,1,A,False,False,-123.65715364750938,123.65715364750938,0.0,A
52,1221.2228486314416,1463.6686560697854,3,1,B,False,False,301.11880646531614,301.11880646531614,1.0,B
53,651.4442847110331,883.5137905552983,1,1,A,False,False,-217.47143102520366,217.47143102520366,0.0,A
54,1012.8133543767035,260.20679203793406,7,1,B,False,False,141.26996262995326,141.26996262995326,1.0,B
55,589.0824194066226,689.930368680507,5,1,A,False,False,-102.34054702477228,102.34054702477228,0.0,A
56,1020.9541535004973,875.9874156676233,8,1,B,False,False,150.951988418172,150.951988418172,1.0,B
57,226.9611982628703,930.0762307830155,7,1,A,False,False,-559.8020998922084,559.8020998922084,0.0,A
58,703.5991279408336,681.6809833981097,6,1,A,True,True,-18.33813036541958,18.33813036541958,0.35,A
59,7.376605644822121,682.8155424445868,5,1,A,False,False,-495.87930398303547,495.87930398303547,0.0,A
60,36.771987564861774,141.26095874235034,7,1,A,False,False,-788.1031122030207,788.1031122030207,0.0,A
61,120.60008430853486,576.3240521773696,8,1,A,False,False,-470.7260402604329,470.7260402604329,0.0,A
62,308.01113275811076,129.88399900496006,6,1,A,False,False,-508.39925952670046,508.39925952670046,0.0,A
63,721.5043636970222,420.1001054607332,2,1,B,True,False,31.76834417368189,31.76834417368189,0.85,B
64,912.1633884496987,988.0797998048365,6,1,B,True,False,72.92791536819304,72.92791536819304,1.0,B
65,1363.5738962329924,1424.9017867259681,3,1,B,False,False,404.74477094905023,404.74477094905023,1.0,B
66,1174.2705130018294,632.3676723986864,3,1,B,False,False,369.04107433459876,369.04107433459876,1.0,B
67,1114.9087683297694,925.7836793549359,6,1,B,False,False,232.36384924918272,232.36384924918272,1.0,B
68,1213.8783247210085,767.2723741270602,7,1,B,False,False,296.1109667146228,296.1109667146228,1.0,B
69,1068.379757925868,69.67253051698208,3,1,B,False,False,186.89849693416136,186.89849693416136,1.0,B
70,152.51983841881156,277.1887583658099,1,1,A,False,False,-509.53725351638167,509.53725351638167,0.0,A
71,1016.9538832269609,334.6321159042418,7,1,B,False,False,171.27657074746068,171.27657074746068,1.0,B
72,723.8411391153932,814.7477614693344,1,1,A,False,False,-112.84360978676173,112.84360978676173,0.0,A
73,701.4933102764189,1467.6845711655915,1,1,A,True,False,-87.64914385936864,87.64914385936864,0.0,A
74,485.0705391727388,749.5727883651853,6,1,A,False,False,-226.98527161068407,226.98527161068407,0.0,A
75,683.6553448811173,81.79194945842028,7,1,A,False,False,-114.6050658398105,114.6050658398105,0.0,A
76,1109.2453747987747,408.6995073594153,5,1,B,False,False,307.092695564637,307.092695564637,1.0,B
77,730.2509886212647,1056.7086786031723,5,1,A,True,True,-8.531719485671942,8.531719485671942,0.35,A
78,1370.1056940481067,397.58984092622995,4,1,B,False,False,478.31528825397737,478.31528825397737,1.0,B
79,1237.2968383133411,1371.9259137287736,3,1,B,False,False,357.9328740533857,357.9328740533857,1.0,B
80,1175.5313565954566,1245.6742250360548,7,1,B,False,False,533.0463121583405,533.0463121583405,1.0,B
81,914.9812222458422,757.4395230039954,6,1,B,True,False,77.21270521235726,77.21270521235726,1.0,B
82,61.02908542379737,405.0948014482856,2,1,A,False,False,-458.6535486301438,458.6535486301438,0.0,A
83,1304.8162325285375,732.088434509933,4,1,B,False,False,362.23222423116414,362.23222423116414,1.0,B
84,1403.5871126689017,1017.1115761622787,4,1,B,False,False,430.84414727968806,430.84414727968806,1.0,B
85,634.3618165701628,75.63696848228574,1,1,A,False,False,-146.3681748924961,146.3681748924961,0.0,A
86,364.084058906883,1123.0562101118267,2,1,A,False,False,-237.85666441181638,237.85666441181638,0.0,A
87,1145.8644638769329,1260.3581459261477,3,1,B,False,False,483.29819134625694,483.29819134625694,1.0,B
88,736.9426321238279,1304.5062446035445,6,1,B,True,False,63.470035079170856,63.470035079170856,1.0,B
89,343.17402821034193,970.7031855359674,2,1,A,False,False,-376.00396292981685,376.00396292981685,0.0,A
90,1294.7328854352236,398.50070094689727,6,1,B,False,False,425.91145314404076,425.91145314404076,1.0,B
91,132.88235943764448,1389.0097732655704,5,1,A,False,False,-412.913450570603,412.913450570603,0.0,A
92,532.9238721169531,584.4805701635778,6,1,A,False,False,-99.77116060994686,99.77116060994686,0.0,A
93,610.798392444849,912.3713518492877,8,1,A,False,False,-237.99530270331857,237.99530270331857,0.0,A
94,1387.5260925851762,1116.18190119043,4,1,B,False,False,525.7269310577764,525.7269310577764,1.0,B
95,1480.6769164279103,655.8887078426778,3,1,B,False,False,551.1023507569676,551.1023507569676,1.0,B
96,75.11704880744219,1031.0778398998082,7,1,A,False,False,-476.65215203674217,476.65215203674217,0.0,A
97,550.5769397132099,89.79561924934387,1,1,A,False,False,-229.26821095851372,229.26821095851372,0.0,A
98,667.4525742419064,771.1410708725452,2,1,A,False,False,-116.53393809665215,116.53393809665215,0.0,A
99,1087.3154047876596,489.38743863254786,3,1,B,False,False,427.4167353079925,427.4167353079925,1.0,B
100,1327.255509328097,186.60691380500793,8,1,B,False,False,455.06017514161186,455.06017514161186,1.0,B
101,1112.1440576389432,4.2097982950508595,1,1,B,False,False,243.40630398192403,243.40630398192403,1.0,B
102,138.30561842769384,583.4960332140326,5,1,A,False,False,-446.8827994216876,446.8827994216876,0.0,A
103,23.8614734262228,908.4486477077007,2,1,A,False,False,-801.1064438192789,801.1064438192789,0.0,A
104,351.97540232911706,734.5231859944761,6,1,A,False,False,-303.38043462712096,303.38043462712096,0.0,A
105,131.23304257169366,1092.0217540115118,2,1,A,False,False,-405.9979890049097,405.9979890049097,0.0,A
106,324.6821123175323,987.6908236183226,8,1,A,False,False,-361.11777578913666,361.11777578913666,0.0,A
107,702.2723047994077,571.7323953285813,6,1,B,True,False,56.65703431515903,56.65703431515903,1.0,B
108,552.6747372932732,1137.5255193561316,5,1,A,True,False,-89.46776184331307,89.46776184331307,0.0,A
109,1474.9523769132793,871.7736401595175,4,1,B,False,False,604.7086546021922,604.7086546021922,1.0,B
110,718.5822576284409,245.32952578738332,6,1,A,False,False,-108.26704547820313,108.26704547820313,0.0,A
111,981.8195421248674,786.2016940489411,6,1,B,False,False,117.20796409096963,117.20796409096963,1.0,B
112,199.695888441056,673.7627196125686,2,1,A,False,False,-360.68033646117226,360.68033646117226,0.0,A
113,122.00056342408061,1358.4291078150272,2,1,A,False,False,-412.51147917574724,412.51147917574724,0.0,A
114,1110.817744396627,992.8763508796692,3,1,B,False,False,220.1622306423644,220.1622306423644,1.0,B
115,1129.214613698423,1341.7181647382677,3,1,B,False,False,321.0988182485349,321.0988182485349,1.0,B
116,1272.0157247968018,852.3848969489336,3,1,B,False,False,395.2678272662094,395.2678272662094,1.0,B
117,316.2955013103783,1379.7753173857927,1,1,A,False,False,-282.83217854944934,282.83217854944934,0.0,A
118,1287.9918068647385,1388.6111271567643,3,1,B,False,False,375.42484681124137,375.42484681124137,1.0,B
119,543.2816692627966,1385.0289755500853,7,1,A,False,False,-130.33925644160982,130.33925644160982,0.0,A
120,500.6830464117229,1114.3037318252027,6,1,A,False,False,-136.46637671434075,136.46637671434075,0.0,A
121,733.9890813454986,913.0790275521576,7,1,A,False,False,-121.39993097527889,121.39993097527889,0.0,A
122,465.3271618299186,1108.7890500202775,6,1,A,False,False,-164.1614789289528,164.1614789289528,0.0,A
123,1320.211443118751,1421.7539154924452,6,1,B,False,False,375.94193656701486,375.94193656701486,1.0,B
124,1362.4983080662787,158.472562674433,3,1,B,False,False,487.67467797199066,487.67467797199066,1.0,B
125,626.9356138072908,352.95667592436075,6,1,A,True,False,-81.58004804878559,81.58004804878559,0.0,A
126,1246.6685031540692,1215.9294127486646,4,1,B,False,False,613.9199996698028,613.9199996698028,1.0,B
127,22.360618226230145,324.53673938289285,5,1,A,False,False,-520.8035588285219,520.8035588285219,0.0,A
128,786.7948394268751,704.988936893642,7,1,B,True,False,21.391232478204888,21.391232478204888,0.8,B
129,1298.3115739189088,1435.337777249515,8,1,B,False,False,357.05025180030407,357.05025180030407,1.0,B
130,272.81399304047227,1214.0649282373488,2,1,A,False,False,-355.7870983783222,355.7870983783222,0.0,A
131,829.3826817534864,887.0528521947563,6,1,A,True,False,-39.64850307930453,39.64850307930453,0.1,A
132,1078.5341053269804,362.7606946974993,3,1,B,False,False,233.68214617486575,233.68214617486575,1.0,B
133,715.8528068102896,1470.7518070936203,1,1,A,True,False,-79.58283757246492,79.58283757246492,0.0,A
134,1451.4554645866156,79.78135021403432,3,1,B,False,False,483.2624693987995,483.2624693987995,1.0,B
135,64.67644684016705,1440.4623820446432,1,1,A,False,False,-512.9801616962504,512.9801616962504,0.0,A
136,516.383686568588,747.9960825294256,6,1,A,False,False,-202.7750703622734,202.7750703622734,0.0,A
137,762.129973154515,602.2065449506044,4,1,B,True,False,86.04601192711104,86.04601192711104,1.0,B
138,351.2456067837775,125.21454272791743,1,1,A,False,False,-459.61815349095025,459.61815349095025,0.0,A
139,1171.118882484734,114.27325336262584,8,1,B,False,False,278.08163457401,278.08163457401,1.0,B
140,367.33365431427956,382.2894492186606,5,1,A,False,False,-242.40314861049518,242.40314861049518,0.0,A
141,93.4461560100317,1487.9414909519255,2,1,A,False,False,-590.9417960627313,590.9417960627313,0.0,A
142,768.502140417695,749.7784774750471,5,1,A,True,True,-23.921048158147872,23.921048158147872,0.3,A
143,435.9675538726151,196.00927038118243,5,1,A,False,False,-423.36072386913645,423.36072386913645,0.0,A
144,1035.2950575761497,861.0707586631179,5,1,B,False,False,164.75219335898595,164.75219335898595,1.0,B
145,759.9878241308033,1006.1368905007839,5,1,A,True,False,-25.556417028332003,25.556417028332003,0.15,A
146,1087.2078789398074,748.8210001029074,8,1,B,False,False,204.94798299857013,204.94798299857013,1.0,B
147,1384.0110856108367,882.6018241234124,4,1,B,False,False,512.9090624362937,512.9090624362937,1.0,B
148,589.8796669207513,632.0245619863272,5,1,A,True,False,-68.49251418156487,68.49251418156487,0.0,A
149,1003.8273883983493,856.3675568439066,1,1,B,False,False,133.37470634339115,133.37470634339115,1.0,B
150,1113.1194750778377,968.059035949409,7,1,B,False,False,220.81942599703729,220.81942599703729,1.0,B
151,1151.6256951726973,1098.873202688992,4,1,B,False,False,324.0380446556352,324.0380446556352,1.0,B
152,1140.4461502097547,1029.9066114239395,4,1,B,False,False,253.20540096367074,253.20540096367074,1.0,B
153,686.028344091028,478.6978019401431,8,1,B,True,False,42.012104330872276,42.012104330872276,1.0,B
154,461.841213516891,1321.2104430422187,5,1,A,False,False,-162.6309832702024,162.6309832702024,0.0,A
155,597.4644692614675,1365.2872941456735,1,1,A,True,False,-80.81924962254556,80.81924962254556,0.0,A
156,1362.2906869277358,963.8446066528559,4,1,B,False,False,418.56421677435264,418.56421677435264,1.0,B
157,145.05940955132246,485.1054805330932,2,1,A,False,False,-460.8088635474024,460.8088635474024,0.0,A
158,430.5697060190141,910.3937787003815,8,1,A,False,False,-410.79560281483964,410.79560281483964,0.0,A
159,619.6563499979675,389.5655502565205,5,1,A,True,False,-62.35225277693212,62.35225277693212,0.0,A
160,1484.4043054617941,377.8711734339595,3,1,B,False,False,528.6649615860864,528.6649615860864,1.0,B
161,541.9690799899399,261.34215435013175,5,1,A,False,False,-234.59369749868003,234.59369749868003,0.0,A
162,1101.2684809975326,686.0062619671226,4,1,B,False,False,250.2833523337989,250.2833523337989,1.0,B
163,1252.4967603385448,1339.5906225778162,3,1,B,False,False,414.83551974486863,414.83551974486863,1.0,B
164,840.7511017285287,465.25363298133016,7,1,B,False,False,169.87763319177648,169.87763319177648,1.0,B
165,1350.2524886280298,751.9244193099439,2,1,B,False,False,393.6738992070886,393.6738992070886,1.0,B
166,576.9131407141685,157.66429156064987,8,1,A,False,False,-287.65671967754906,287.65671967754906,0.0,A
167,1068.265431560576,1229.9856282770634,7,1,B,False,False,437.63751686145173,437.63751686145173,1.0,B
168,186.75016053020954,1172.5800423882902,1,1,A,False,False,-410.01712372237796,410.01712372237796,0.0,A
169,55.325312074273825,216.80279821157455,6,1,A,False,False,-750.0074036412741,750.0074036412741,0.0,A
170,1295.5708298832178,1477.399345021695,7,1,B,False,False,361.1427403966982,361.1427403966982,1.0,B
171,714.6678417921066,131.82984525337815,5,1,A,False,False,-135.63134713516965,135.63134713516965,0.0,A
172,481.11535515636206,29.054646380245686,5,1,A,False,False,-207.74008341228512,207.74008341228512,0.0,A
173,755.7700057514012,858.6681825108826,1,1,A,False,False,-111.57044608411906,111.57044608411906,0.0,A
174,1429.8306279815733,943.3943289332092,3,1,B,False,False,494.3158470260365,494.3158470260365,1.0,B
175,809.2700131237507,1309.0907139703631,6,1,B,False,False,118.02107057231845,118.02107057231845,1.0,B
176,172.74227505549788,272.2226162441075,1,1,A,False,False,-504.7501285908834,504.7501285908834,0.0,A
177,1292.4205251038074,34.50214862823486,3,1,B,False,False,353.09154569809124,353.09154569809124,1.0,B
178,299.1555514745414,1180.8780636638403,5,1,A,False,False,-314.0970510228149,314.0970510228149,0.0,A
179,364.257856272161,1418.311265297234,1,1,A,False,False,-277.8169473122504,277.8169473122504,0.0,A
180,234.25860749557614,282.29559073224664,7,1,A,False,False,-437.6849410925576,437.6849410925576,0.0,A
181,1151.7582689411938,455.88058652356267,7,1,B,False,False,423.2562855875992,423.2562855875992,1.0,B
182,1336.1012153327465,1166.9682213105261,7,1,B,False,False,608.3049504099861,608.3049504099861,1.0,B
183,134.35184117406607,1046.2069069035351,1,1,A,False,False,-421.78837529923067,421.78837529923067,0.0,A
184,609.0139453299344,834.6486333757639,2,1,A,False,False,-236.55796030574416,236.55796030574416,0.0,A
185,697.4704563617706,1128.056994639337,6,1,B,True,False,19.172362033800265,19.172362033800265,0.8,A
186,215.0124181061983,1057.2129297070205,2,1,A,False,False,-359.1191601296041,359.1191601296041,0.0,A
187,732.663691509515,492.1355461701751,6,1,B,True,False,93.02570411997463,93.02570411997463,1.0,B
188,1291.3885186426342,1093.3151473291218,5,1,B,False,False,415.66447217950696,415.66447217950696,1.0,B
189,630.0771734677255,1389.5136513747275,4,1,A,True,False,-74.0960548830907,74.0960548830907,0.0,A
190,275.35654697567225,1401.8284287303686,2,1,A,False,False,-324.30372211794503,324.30372211794503,0.0,A
191,597.304092720151,299.11722941324115,6,1,A,False,False,-147.83260184627457,147.83260184627457,0.0,A
192,78.18662747740746,821.4447414502501,1,1,A,False,False,-696.5922618785257,696.5922618785257,0.0,A
193,1091.701333411038,1307.0987169630826,7,1,B,False,False,348.78490214289724,348.78490214289724,1.0,B
194,1157.5445467606187,437.23743595182896,5,1,B,False,False,391.2213965795845,391.2213965795845,1.0,B
195,1368.3895077556372,281.63003688678145,3,1,B,False,False,412.2365520984802,412.2365520984802,1.0,B
196,1216.4699574932456,574.3528297170997,6,1,B,False,False,521.9421047728064,521.9421047728064,1.0,B
197,330.9499332681298,819.7919796220958,2,1,A,False,False,-466.9326683051488,466.9326683051488,0.0,A
198,579.6688226982951,995.2004528604448,2,1,A,False,False,-164.62617128262508,164.62617128262508,0.0,A
199,83.38211383670568,760.1526193320751,8,1,A,False,False,-534.9448842653262,534.9448842653262,0.0,A
200,1446.028879377991,850.3525382839143,6,1,B,False,False,563.4295849464022,563.4295849464022,1.0,B
201,437.7589775249362,752.3138425312936,5,1,A,False,False,-264.3475439464661,264.3475439464661,0.0,A
202,749.0560691803694,1267.0579589903355,6,1,B,False,False,102.80011696915682,102.80011696915682,1.0,B
203,648.4075784683228,203.13910022377968,5,1,A,False,False,-210.2998515590699,210.2998515590699,0.0,A
204,459.1002934612334,1369.2342708818614,4,1,A,False,False,-179.27797373951984,179.27797373951984,0.0,A
205,408.95930025726557,1027.4219638668,1,1,A,False,False,-251.22046634628583,251.22046634628583,0.0,A
206,437.06450052559376,398.6647753044963,1,1,A,False,False,-187.6210055502898,187.6210055502898,0.0,A
207,536.0670131631196,902.5207255035639,2,1,A,False,False,-319.3980334065722,319.3980334065722,0.0,A
208,1217.1300435438752,728.9382400922477,4,1,B,False,False,302.2611218473433,302.2611218473433,1.0,B
209,665.3246716596186,1139.51146742329,6,1,B,True,True,1.3579215431938396,1.3579215431938396,0.5,A
210,693.8860290683806,999.011832755059,5,1,A,True,False,-78.48389412437669,78.48389412437669,0.0,A
211,1413.181662093848,206.0834518633783,5,1,B,False,False,525.2020181732003,525.2020181732003,1.0,B
212,653.2686352729797,671.8175718560815,6,1,A,True,False,-46.16367488673847,46.16367488673847,0.1,A
213,526.4195711351931,1381.5289079211652,8,1,A,False,False,-139.67146620251694,139.67146620251694,0.0,A
214,50.41903769597411,920.7929950207472,2,1,A,False,False,-743.6407774519008,743.6407774519008,0.0,A
215,782.4451387859881,582.5455896556377,7,1,B,False,False,120.7662260971423,120.7662260971423,1.0,B
216,119.10313786938787,952.9061783105135,7,1,A,False,False,-593.9473564521038,593.9473564521038,0.0,A
217,520.0844309292734,944.4699282757938,1,1,A,False,False,-277.0827344411233,277.0827344411233,0.0,A
218,804.689256940037,534.1403782367706,4,1,B,False,False,173.61054617984848,173.61054617984848,1.0,B
219,1400.5029648542404,745.8562231622636,3,1,B,False,False,428.77163717742303,428.77163717742303,1.0,B
220,664.448456838727,476.2364183552563,6,1,B,True,True,21.046249927313855,21.046249927313855,0.7,B
221,826.9343487918377,760.7040773145854,5,1,B,True,True,10.83899218787273,10.83899218787273,0.65,A
222,1438.8355775736272,766.3088534027338,5,1,B,False,False,463.8624156249229,463.8624156249229,1.0,B
223,89.91929003968835,288.93010737374425,7,1,A,False,False,-531.9797331313055,531.9797331313055,0.0,A
224,719.8794297873974,928.5285570658743,2,1,A,False,False,-122.2249699166705,122.2249699166705,0.0,A
225,1401.5427832491696,1281.97256103158,4,1,B,False,False,668.9438167855328,668.9438167855328,1.0,B
226,1064.9911318905652,1084.5830622129142,7,1,B,False,False,245.4843434442832,245.4843434442832,1.0,B
227,1155.829658266157,1170.4148291610181,8,1,B,False,False,456.4268214713603,456.4268214713603,1.0,B
228,904.8387492075562,898.2822080142796,6,1,B,True,False,36.548195733904166,36.548195733904166,0.95,B
229,447.6419985294342,1107.171923853457,2,1,A,False,False,-177.5244100446226,177.5244100446226,0.0,A
230,924.4255009107292,1332.5882060453296,3,1,B,False,False,181.65673501692808,181.65673501692808,1.0,B
231,1465.6833345070481,1259.3396622687578,3,1,B,False,False,788.9733052105632,788.9733052105632,1.0,B
232,527.040843386203,1439.3460312858224,3,1,A,False,False,-186.01210949752274,186.01210949752274,0.0,A
233,760.3156082332134,478.7688651122153,4,1,B,False,False,110.18989899156772,110.18989899156772,1.0,B
234,91.50777803733945,1416.261866223067,8,1,A,False,False,-462.53881834997605,462.53881834997605,0.0,A
235,419.6696821600199,259.4993468374014,6,1,A,False,False,-335.41744203636557,335.41744203636557,0.0,A
236,874.2848234251142,984.7709108144045,5,1,B,True,False,43.13885168505869,43.13885168505869,1.0,A
237,1303.2473777420819,845.2686737291515,4,1,B,False,False,420.8468164328621,420.8468164328621,1.0,B
238,663.8218243606389,14.668854419142008,5,1,A,True,False,-69.67671164790787,69.67671164790787,0.0,A
239,1372.1109358593822,1484.633285086602,5,1,B,False,False,425.1705107918702,425.1705107918702,1.0,B
240,249.71838109195232,493.1424264796078,6,1,A,False,False,-368.5208576076393,368.5208576076393,0.0,A
241,1175.3089218400419,897.8966195136309,3,1,B,False,False,300.6564299353013,300.6564299353013,1.0,B
242,1465.4768267646432,367.8659135475755,7,1,B,False,False,503.2947624514495,503.2947624514495,1.0,B
243,256.6285841166973,910.1144406013191,1,1,A,False,False,-576.1892231600827,576.1892231600827,0.0,A
244,382.8224642202258,1351.2849295511842,2,1,A,False,False,-226.42744766493115,226.42744766493115,0.0,A
245,1285.5489472858608,70.54487708956003,8,1,B,False,False,350.7647601585971,350.7647601585971,1.0,B
246,449.9101093970239,997.6803185418248,1,1,A,False,False,-255.59151842039276,255.59151842039276,0.0,A
247,1173.250830732286,501.04745104908943,3,1,B,False,False,526.7587113122692,526.7587113122692,1.0,B
248,1076.3717922382057,213.34760868921876,6,1,B,False,False,200.57234233989792,200.57234233989792,1.0,B
249,872.2674669697881,95.00895068049431,5,1,B,True,False,26.021677716297944,26.021677716297944,0.85,B
250,800.8440993726254,521.0353089496493,3,1,B,False,False,170.64285806872277,170.64285806872277,1.0,B
251,473.92936097458005,441.52905279770494,1,1,A,False,False,-151.75034463515604,151.75034463515604,0.0,A
252,646.5748460032046,420.8079264499247,1,1,A,True,False,-24.323177784876655,24.323177784876655,0.2,A
253,845.9211867302656,689.7725919261575,5,1,B,True,False,72.91276239271787,72.91276239271787,1.0,B
254,1200.307359918952,667.5375388003886,3,1,B,False,False,337.3996354877296,337.3996354877296,1.0,B
255,410.21744767203927,647.0160246826708,7,1,A,False,False,-205.72777805347974,205.72777805347974,0.0,A
256,1258.9928833767772,554.8993251286447,7,1,B,False,False,600.6771667546103,600.6771667546103,1.0,B
257,861.722634639591,257.5730122625828,3,1,B,True,True,18.764302985620986,18.764302985620986,0.7,B
258,188.79599450156093,915.62295332551,2,1,A,False,False,-628.5427475976228,628.5427475976228,0.0,A
259,980.5363132618368,1227.4538450874388,3,1,B,False,False,350.4086246653339,350.4086246653339,1.0,B
260,1046.0502072237432,808.8443381711841,4,1,B,False,False,168.37778902035652,168.37778902035652,1.0,B
261,274.07520823180676,1295.4042060300708,2,1,A,False,False,-319.8448716269291,319.8448716269291,0.0,A
262,739.4626471213996,1451.3824512250721,6,1,A,True,False,-46.020868073834194,46.020868073834194,0.0,A
263,214.16611410677433,540.7901429571211,2,1,A,False,False,-412.29215938336665,412.29215938336665,0.0,A
264,1176.6664911992848,168.11126936227083,5,1,B,False,False,306.2182770765063,306.2182770765063,1.0,B
265,1328.7275838665664,377.08876747637987,6,1,B,False,False,420.00415024775197,420.00415024775197,1.0,B
266,1241.9733256101608,1292.5759661011398,7,1,B,False,False,503.2708534871999,503.2708534871999,1.0,B
267,68.64708568900824,518.6542407609522,2,1,A,False,False,-560.4947839528343,560.4947839528343,0.0,A
268,1116.6993426159024,369.66225737705827,3,1,B,False,False,266.0431556905041,266.0431556905041,1.0,B
269,468.7365749850869,900.1520164310932,8,1,A,False,False,-387.1242853946138,387.1242853946138,0.0,A
270,580.3586966358125,541.1525079980493,4,1,A,True,False,-50.294967745677695,50.294967745677695,0.0,A
271,850.9476673789322,183.1610812805593,6,1,A,True,True,-18.672579563177692,18.672579563177692,0.4,A
272,837.5083026476204,907.6776788569987,6,1,A,True,True,-26.128877681754048,26.128877681754048,0.3,A
273,374.1776179522276,599.8863433487713,5,1,A,False,False,-234.13877729025103,234.13877729025103,0.0,A
274,366.5323667228222,990.8600631169975,2,1,A,False,False,-325.46910029673023,325.46910029673023,0.0,A
275,966.0815424285829,282.8427432104945,3,1,B,False,False,110.74050912984413,110.74050912984413,1.0,B
276,373.67933616042137,844.6274036541581,5,1,A,False,False,-472.42131579419953,472.42131579419953,0.0,A
277,855.5479268543422,1095.9785878658295,5,1,B,False,False,109.39295231705653,109.39295231705653,1.0,B
278,179.48382580652833,495.9188704378903,7,1,A,False,False,-437.9743831564916,437.9743831564916,0.0,A
279,241.38559168204665,1247.9633521288633,6,1,A,False,False,-381.98314548924253,381.98314548924253,0.0,A
280,1039.5557787269354,500.1678583212197,8,1,B,False,False,395.5302717216482,395.5302717216482,1.0,B
281,272.13498344644904,362.6043819822371,8,1,A,False,False,-317.0016092837517,317.0016092837517,0.0,A
282,854.3744757771492,823.230401147157,6,1,A,True,True,-2.612718060628214,2.612718060628214,0.45,A
283,218.6355390585959,386.3066313788295,1,1,A,False,False,-345.02434773658996,345.02434773658996,0.0,A
284,1041.6865604929626,398.00118701532483,4,1,B,False,False,244.28267528317787,244.28267528317787,1.0,B
285,914.8317407816648,1200.4605769179761,6,1,B,False,False,274.4352418105679,274.4352418105679,1.0,B
286,997.8577480651438,875.7432997226715,5,1,B,False,False,127.85711744562587,127.85711744562587,1.0,B
287,1307.0588065311313,1259.433661121875,3,1,B,False,False,638.0020892500899,638.0020892500899,1.0,B
288,592.4798282794654,716.2940916605294,5,1,A,False,False,-119.75804297037365,119.75804297037365,0.0,A
289,1492.5583032891154,932.6285314746201,4,1,B,False,False,563.3291233248032,563.3291233248032,1.0,B
290,330.517643596977,281.51583345606923,2,1,A,False,False,-366.8765667802887,366.8765667802887,0.0,A
291,1396.7353426851332,127.07568425685167,7,1,B,False,False,490.4607126062032,490.4607126062032,1.0,B
292,927.3194367997348,1373.6879560165107,5,1,B,False,False,141.85076088487506,141.85076088487506,1.0,B
293,992.6435672678053,172.5422814488411,5,1,B,False,False,122.63815453288728,122.63815453288728,1.0,B
294,295.08204152807593,40.72670917958021,5,1,A,False,False,-350.96352961851613,350.96352961851613,0.0,A
295,1011.5243154577911,385.2740745060146,5,1,B,False,False,208.86836875472048,208.86836875472048,1.0,B
296,1360.661320388317,198.90586752444506,3,1,B,False,False,480.92605103726737,480.92605103726737,1.0,B
297,21.674422547221184,1011.0277002677321,5,1,A,False,False,-540.8619265334847,540.8619265334847,0.0,A
298,69.20052319765091,311.55711645260453,2,1,A,False,False,-506.63645387790405,506.63645387790405,0.0,A
299,725.1192550174892,897.4574692547321,6,1,A,False,False,-139.24970697245013,139.24970697245013,0.0,A
300,1144.7261106222868,691.7540696449578,3,1,B,False,False,275.00746248743684,275.00746248743684,1.0,B
301,939.1581052914262,1289.1329918056726,8,1,B,False,False,250.00819851034817,250.00819851034817,1.0,B
302,1248.1556106358767,213.26021617278457,7,1,B,False,False,362.08462867660546,362.08462867660546,1.0,B
303,415.7805321738124,1225.1652460545301,2,1,A,False,False,-214.21932643874177,214.21932643874177,0.0,A
304,1420.597726944834,1163.1808443926275,4,1,B,False,False,671.939341468089,671.939341468089,1.0,B
305,146.90492302179337,1270.182138774544,2,1,A,False,False,-453.5734684960184,453.5734684960184,0.0,A
306,97.3767377436161,88.03288685157895,6,1,A,False,False,-588.0431816069522,588.0431816069522,0.0,A
307,1208.6387467570603,970.772270578891,6,1,B,False,False,294.6562661255309,294.6562661255309,1.0,B
308,79.80373688042164,449.9723631888628,6,1,A,False,False,-478.4573754290001,478.4573754290001,0.0,A
309,1134.2794569209218,914.7980441339314,8,1,B,False,False,254.40807820827646,254.40807820827646,1.0,B
310,168.9961371012032,116.42185924574733,3,1,A,False,False,-602.4016665039353,602.4016665039353,0.0,A
311,922.7881296537817,868.3289363980293,6,1,B,True,False,52.89342779054769,52.89342779054769,1.0,B
312,669.4880928844213,1272.9640533216298,5,1,B,True,False,26.028732547405152,26.028732547405152,0.8,A
313,696.1659290827811,254.24628239125013,6,1,A,False,False,-118.39452077190087,118.39452077190087,0.0,A
314,1261.6154188290238,981.1713751405478,5,1,B,False,False,332.2216933983693,332.2216933983693,1.0,B
315,420.5399192869663,782.528477255255,7,1,A,False,False,-321.30708271670323,321.30708271670323,0.0,A
316,1361.0092587769032,880.8460375294089,1,1,B,False,False,490.3924760369393,490.3924760369393,1.0,B
317,1451.0171650908887,635.4105225764215,3,1,B,False,False,569.6091587356169,569.6091587356169,1.0,B
318,1364.8713785223663,695.1541663147509,4,1,B,False,False,422.1138973991802,422.1138973991802,1.0,B
319,433.6565458215773,565.8510122448206,8,1,A,False,False,-190.6026935957478,190.6026935957478,0.0,A
320,1243.7724941410124,474.5547822676599,5,1,B,False,False,544.27898893238,544.27898893238,1.0,B
321,979.7281371429563,1296.2048496119678,4,1,B,False,False,274.3037488811365,274.3037488811365,1.0,B
322,281.599638517946,562.0649275369942,2,1,A,False,False,-334.86537289475,334.86537289475,0.0,A
323,622.4118950776756,1481.0952320694923,5,1,A,False,False,-161.6449616886899,161.6449616886899,0.0,A
324,1142.7939436398447,424.08890509977937,7,1,B,False,False,356.12950735936806,356.12950735936806,1.0,B
325,160.9790464863181,1054.3960891664028,8,1,A,False,False,-397.7064849269696,397.7064849269696,0.0,A
326,748.2784939929843,397.38142071291804,6,1,B,True,False,34.11178844353148,34.11178844353148,0.95,B
327,494.1982766613364,816.4190836250782,7,1,A,False,False,-316.3228102783486,316.3228102783486,0.0,A
328,923.5563254915178,437.4655201099813,3,1,B,False,False,205.52910473137533,205.52910473137533,1.0,B
329,1377.0959582179785,560.7344848103821,4,1,B,False,False,701.6224727819177,701.6224727819177,1.0,B
330,229.68243900686502,606.3599707558751,5,1,A,False,False,-349.9503871533603,349.9503871533603,0.0,A
331,619.4428699091077,1081.0333471745253,6,1,A,True,False,-67.76936661859051,67.76936661859051,0.0,A
332,255.45386178418994,968.1710503064096,1,1,A,False,False,-449.10804127088915,449.10804127088915,0.0,A
333,749.0953761152923,466.31392696872354,6,1,B,True,False,90.42172672907591,90.42172672907591,1.0,B
334,778.3167874440551,349.98291498050094,3,1,B,True,False,19.2538007559014,19.2538007559014,0.8,B
335,630.5144699290395,508.44027986750007,4,1,A,True,True,-0.7986203746675525,0.7986203746675525,0.45,B
336,1226.8779817968607,407.1575766429305,4,1,B,False,False,390.6860837074011,390.6860837074011,1.0,B
337,813.7927176430821,267.9327232763171,6,1,A,True,True,-13.150371033864436,13.150371033864436,0.3,B
338,700.8116072975099,363.66819217801094,6,1,A,True,True,-23.570346370111615,23.570346370111615,0.25,A
339,70.41906891390681,1247.3206599242985,5,1,A,False,False,-549.4983589193047,549.4983589193047,0.0,A
340,1296.8146386556327,304.9676176160574,7,1,B,False,False,354.99904385704974,354.99904385704974,1.0,B
341,376.6377428546548,693.7646688893437,7,1,A,False,False,-249.67281464940314,249.67281464940314,0.0,A
342,1131.7100054584444,977.6389924809337,4,1,B,False,False,234.63674436896036,234.63674436896036,1.0,B
343,14.907523524016142,1064.870330505073,7,1,A,False,False,-491.6242253906569,491.6242253906569,0.0,A
344,1247.111496515572,1021.9335635192692,3,1,B,False,False,323.3159657853981,323.3159657853981,1.0,B
345,254.29608346894383,515.1939592324197,5,1,A,False,False,-374.49351406987694,374.49351406987694,0.0,A
346,1291.5366115048528,1448.4170973300934,3,1,B,False,False,351.214841857218,351.214841857218,1.0,B
347,131.05033664032817,799.5511097833514,2,1,A,False,False,-590.5386227088765,590.5386227088765,0.0,A
348,715.5228825286031,776.6424003057182,5,1,A,True,False,-85.06988437093892,85.06988437093892,0.0,A
349,947.9404692538083,1045.5318773165345,3,1,B,False,False,131.4589110437457,131.4589110437457,1.0,B
350,1179.7650489024818,371.9309479929507,4,1,B,False,False,311.59172412912915,311.59172412912915,1.0,B
351,686.9868356734514,1268.4570802375674,6,1,B,True,False,44.393451370234516,44.393451370234516,0.95,A
352,1107.2381646372378,149.58444284275174,6,1,B,False,False,233.5186612218576,233.5186612218576,1.0,B
353,549.9559817835689,542.4679610878229,1,1,A,True,False,-80.386933647668,80.386933647668,0.0,A
354,271.7778095975518,785.1721658371389,1,1,A,False,False,-443.13509305691736,443.13509305691736,0.0,A
355,441.847903188318,924.3981409817934,2,1,A,False,False,-378.1287026354458,378.1287026354458,0.0,A
356,669.3695951253176,649.799978826195,6,1,A,True,True,-20.367969493023676,20.367969493023676,0.35,A
357,375.858910381794,1391.791366506368,7,1,A,False,False,-248.91222746701638,248.91222746701638,0.0,A
358,524.996948428452,210.55641397833824,2,1,A,False,False,-321.1013273222343,321.1013273222343,0.0,A
359,419.33712316676974,1100.8923542685807,6,1,A,False,False,-199.68563215294975,199.68563215294975,0.0,A
360,1473.1958890333772,1405.1599600352347,5,1,B,False,False,488.55290098388105,488.55290098388105,1.0,B
361,1221.5177309699357,891.3711807690561,8,1,B,False,False,348.5035347543923,348.5035347543923,1.0,B
362,234.49784656986594,529.7196661122143,1,1,A,False,False,-395.1988457182394,395.1988457182394,0.0,A
363,598.31698006019,1384.8947491496801,5,1,A,True,False,-92.6223664410728,92.6223664410728,0.0,A
364,178.79358446225524,848.5106751322746,5,1,A,False,False,-666.7094084461509,666.7094084461509,0.0,A
365,639.7401429712772,256.1578550375998,2,1,A,False,False,-162.37237875692057,162.37237875692057,0.0,A
366,782.3917055502534,1434.0997100807726,1,1,A,True,True,-2.6277979623212335,2.6277979623212335,0.45,A
367,301.7492461949587,1368.2733499445021,1,1,A,False,False,-288.22028038066713,288.22028038066713,0.0,A
368,892.2334369271994,1019.3806020542979,5,1,B,True,False,76.13646546598603,76.13646546598603,1.0,A
369,977.1709917113185,863.3761201053858,6,1,B,False,False,107.15147131402216,107.15147131402216,1.0,B
370,255.01278089359403,805.4320625960827,6,1,A,False,False,-501.2367326124517,501.2367326124517,0.0,A
371,519.9623345397413,132.34099885448813,1,1,A,False,False,-316.66720389190647,316.66720389190647,0.0,A
372,695.3198430128396,624.1520424373448,6,1,B,True,False,15.989042016985886,15.989042016985886,0.8,B
373,1149.979225359857,1387.8346220590174,4,1,B,False,False,281.938291122365,281.938291122365,1.0,B
374,1480.444866232574,900.6741363555193,8,1,B,False,False,595.848446795415,595.848446795415,1.0,B
375,327.5488084182143,716.5920194238424,1,1,A,False,False,-301.331004160249,301.331004160249,0.0,A
376,1482.137301005423,283.8948802091181,7,1,B,False,False,496.042003259988,496.042003259988,1.0,B
377,1211.4432589150965,344.7168921120465,8,1,B,False,False,310.2761226848096,310.2761226848096,1.0,B
378,318.2425294071436,1040.7774508930743,7,1,A,False,False,-301.0657135829226,301.0657135829226,0.0,A
379,776.3491510413587,1447.3650413565338,6,1,A,True,True,-16.520636459790214,16.520636459790214,0.25,A
380,1174.7202454134822,58.60819760710001,4,1,B,False,False,266.6898256645582,266.6898256645582,1.0,B
381,30.54295526817441,1022.1850736998022,6,1,A,False,False,-518.247997738021,518.247997738021,0.0,A
382,398.42569548636675,886.9366203434765,5,1,A,False,False,-467.79318290388045,467.79318290388045,0.0,A
383,545.5249529331923,412.3713383451104,5,1,A,False,False,-103.9594636707915,103.9594636707915,0.0,A
384,1150.5894642323256,1128.3588157966733,8,1,B,False,False,369.50697577469805,369.50697577469805,1.0,B
385,49.817032646387815,629.1780970059335,2,1,A,False,False,-475.2682463643932,475.2682463643932,0.0,A
386,1034.3798459507525,942.6042605191469,4,1,B,False,False,158.32271278468932,158.32271278468932,1.0,B
387,876.4048386365175,1423.9408657886088,7,1,B,True,False,69.44678350562678,69.44678350562678,1.0,B
388,873.8466133363545,1183.5362697020173,4,1,B,False,False,219.4012069457796,219.4012069457796,1.0,B
389,1364.8107019253075,532.7091934159398,3,1,B,False,False,732.49495730944,732.49495730944,1.0,B
390,445.9892576560378,1226.7478527501225,2,1,A,False,False,-183.99924263036786,183.99924263036786,0.0,A
391,1123.354366980493,420.6482539884746,7,1,B,False,False,335.6947239833573,335.6947239833573,1.0,B
392,529.8937358893454,64.41262923181057,7,1,A,False,False,-212.13166886347508,212.13166886347508,0.0,A
393,74.19773004949093,1138.5498312301934,1,1,A,False,False,-471.1200858861587,471.1200858861587,0.0,A
394,665.9804549999535,1289.6135682240129,5,1,B,True,True,14.086995989524544,14.086995989524544,0.65,A
395,529.4000376015902,1028.2963360659778,5,1,A,False,False,-167.5932438033687,167.5932438033687,0.0,A
396,506.07551727443933,723.9756351336837,6,1,A,False,False,-185.68594947654373,185.68594947654373,0.0,A
397,1195.2152168378234,18.227299209684134,6,1,B,False,False,291.70498831489306,291.70498831489306,1.0,B
398,1454.1021846234798,1477.8574062511325,8,1,B,False,False,483.664513765501,483.664513765501,1.0,B
399,617.0298820361495,847.4317900836468,2,1,A,False,False,-241.0665864630782,241.0665864630782,0.0,A
400,1110.672296024859,557.8383835963905,4,1,B,False,False,453.79938144526574,453.79938144526574,1.0,B
401,367.20228753983974,1075.0409653410316,5,1,A,False,False,-245.5503247016727,245.5503247016727,0.0,A
402,1083.7365542538464,336.89904352650046,4,1,B,False,False,218.29881268739078,218.29881268739078,1.0,B
403,525.6403810344636,657.1808885782957,5,1,A,False,False,-126.92346104608863,126.92346104608863,0.0,A
404,349.332969635725,147.1023545600474,1,1,A,False,False,-499.4401733361455,499.4401733361455,0.0,A
405,1195.0611141510308,871.3838579133153,3,1,B,False,False,324.9258720520372,324.9258720520372,1.0,B
406,806.1390048824251,385.9174093231559,7,1,B,True,False,65.86492986566064,65.86492986566064,1.0,B
407,23.34738476201892,589.7093606181443,1,1,A,False,False,-539.1961659350062,539.1961659350062,0.0,A
408,757.3994183912873,121.62890704348683,5,1,A,True,False,-88.7549603751268,88.7549603751268,0.0,A
409,201.82374631986022,299.48138259351254,7,1,A,False,False,-431.584206953133,431.584206953133,0.0,A
410,1049.9332495965064,386.1424676142633,1,1,B,False,False,236.64237317793447,236.64237317793447,1.0,B
411,1357.7458960935473,1477.2635148838162,3,1,B,False,False,408.9627042621336,408.9627042621336,1.0,B
412,1009.2443036846817,240.2002215385437,4,1,B,False,False,136.826467203101,136.826467203101,1.0,B
413,1.5540705062448978,560.0271513685584,5,1,A,False,False,-601.8191672860628,601.8191672860628,0.0,A
414,216.03526594117284,1079.088939819485,2,1,A,False,False,-348.518695738698,348.518695738698,0.0,A
415,88.46156531944871,649.2052632384002,6,1,A,False,False,-437.5572402252511,437.5572402252511,0.0,A
416,249.90117643028498,597.7131086401641,2,1,A,False,False,-338.7280277964338,338.7280277964338,0.0,A
417,1009.7634494304657,1492.4046518281102,2,1,B,False,False,138.49588069101642,138.49588069101642,1.0,B
418,786.8311065249145,1406.121640931815,1,1,B,True,True,20.592006979785356,20.592006979785356,0.7,B
419,957.5531082227826,492.29404516518116,4,1,B,False,False,307.81403296844,307.81403296844,1.0,B
420,1132.3273438028991,1354.8000385053456,4,1,B,False,False,305.4076427924497,305.4076427924497,1.0,B
421,1373.2365709729493,1297.4168630316854,8,1,B,False,False,602.1302446770062,602.1302446770062,1.0,B
422,46.520110219717026,1242.002402432263,1,1,A,False,False,-577.1879076487127,577.1879076487127,0.0,A
423,121.14971084520221,471.3185001164675,5,1,A,False,False,-467.50866354150423,467.50866354150423,0.0,A
424,135.74811397120357,523.9739385433495,5,1,A,False,False,-494.2326580528965,494.2326580528965,0.0,A
425,744.2218386568129,955.9625722467899,6,1,A,True,False,-77.62953166263397,77.62953166263397,0.0,A
426,541.1830055527389,1365.0240367278457,6,1,A,False,False,-119.97550754657904,119.97550754657904,0.0,A
427,1020.5798107199371,271.7891545034945,1,1,B,False,False,149.13187743099115,149.13187743099115,1.0,B
428,792.4444559030235,368.4606682509184,5,1,B,True,False,42.658553247804235,42.658553247804235,0.95,B
429,355.52137484773993,1218.963569495827,2,1,A,False,False,-274.18863279292424,274.18863279292424,0.0,A
430,1257.0769996382296,567.5443145446479,7,1,B,False,False,573.9228378771622,573.9228378771622,1.0,B
431,1455.4218552075326,305.05672143772244,3,1,B,False,False,467.67916502494916,467.67916502494916,1.0,B
432,680.8317387476563,590.6046261079609,6,1,B,True,False,26.27693411552587,26.27693411552587,0.85,A
433,655.8752185665071,821.7144291847944,6,1,A,False,False,-179.77880074673783,179.77880074673783,0.0,A
434,13.071211986243725,839.4803632982075,6,1,A,False,False,-806.1737175969996,806.1737175969996,0.0,A
435,331.56179124489427,1141.7253878898919,1,1,A,False,False,-266.6023646112929,266.6023646112929,0.0,A
436,579.8094989731908,560.2971967309713,6,1,A,True,False,-53.24496189360215,53.24496189360215,0.0,A
437,1001.8233871087432,688.5381261818111,6,1,B,False,False,180.23317882798713,180.23317882798713,1.0,B
438,1156.0431942343712,471.20474372059107,5,1,B,False,False,458.2129274695507,458.2129274695507,1.0,B
439,307.3831074871123,109.78730907663703,2,1,A,False,False,-466.3152351354186,466.3152351354186,0.0,A
440,250.37454441189766,435.32602675259113,1,1,A,False,False,-328.9483068734123,328.9483068734123,0.0,A
441,532.4520841240883,281.42550168558955,2,1,A,False,False,-215.39059518110204,215.39059518110204,0.0,A
442,667.6754825748503,690.5951793305576,6,1,A,True,False,-49.222256735273774,49.222256735273774,0.05,A
443,1195.4681519418955,417.8683217614889,4,1,B,False,False,385.32307619895613,385.32307619895613,1.0,B
444,648.5223574563861,1456.9163974374533,6,1,A,False,False,-116.71468181963743,116.71468181963743,0.0,A
445,1460.44881362468,1071.1667547002435,7,1,B,False,False,503.64473107390944,503.64473107390944,1.0,B
446,216.484559699893,1382.3989969678223,6,1,A,False,False,-352.5015224429675,352.5015224429675,0.0,A
447,923.0844173580408,253.53457080200315,6,1,B,True,False,66.98365025970074,66.98365025970074,1.0,B
448,1204.1380447335541,1424.994352273643,6,1,B,False,False,294.7689549100934,294.7689549100934,1.0,B
449,230.91781418770552,1211.260441225022,5,1,A,False,False,-396.5279546921581,396.5279546921581,0.0,A
450,234.32724690064788,1371.9006297178566,1,1,A,False,False,-336.1504732483728,336.1504732483728,0.0,A
451,104.13756826892495,831.1596969142556,7,1,A,False,False,-699.3904030848756,699.3904030848756,0.0,A
452,1299.7578126378357,664.9369820952415,8,1,B,False,False,410.0109791556496,410.0109791556496,1.0,B
453,664.1135062091053,274.13611952215433,5,1,A,False,False,-123.79743711902177,123.79743711902177,0.0,A
454,465.1748249307275,1409.8747777752578,8,1,A,False,False,-201.44244464270702,201.44244464270702,0.0,A
455,167.68797487020493,11.55431941151619,8,1,A,False,False,-405.81857420731023,405.81857420731023,0.0,A
456,854.7718352638185,1429.3522769585252,5,1,B,True,False,50.958967093901656,50.958967093901656,1.0,A
457,910.9562113881111,1240.5826882459223,6,1,B,False,False,276.6821508988671,276.6821508988671,1.0,B
458,1356.0244529508054,791.1672340705991,6,1,B,False,False,417.4973964117929,417.4973964117929,1.0,B
459,809.0329407714307,426.2695605866611,4,1,B,False,False,103.59008910200754,103.59008910200754,1.0,B
460,403.5414308309555,1345.8178821019828,1,1,A,False,False,-210.28534127687936,210.28534127687936,0.0,A
461,654.8824924975634,34.88984517753124,5,1,A,True,False,-92.25181584553418,92.25181584553418,0.0,A
462,139.4833722151816,550.6636770442128,7,1,A,False,False,-479.40147281037326,479.40147281037326,0.0,A
463,666.3841288536787,609.2559769749641,4,1,B,True,True,2.95243261877357,2.95243261877357,0.55,A
464,637.9184704273939,596.7123555019498,6,1,A,True,True,-13.516770064576994,13.516770064576994,0.35,A
465,1302.0331668667495,1333.1958940252662,6,1,B,False,False,463.1366256112429,463.1366256112429,1.0,B
466,500.7060938514769,586.7216172628105,6,1,A,False,False,-128.10458569100948,128.10458569100948,0.0,A
467,1273.183315526694,1328.3198517747223,4,1,B,False,False,450.8593464212052,450.8593464212052,1.0,B
468,220.68717749789357,616.3834305480123,4,1,A,False,False,-351.5104488322205,351.5104488322205,0.0,A
469,1177.987421862781,1283.7652363814414,3,1,B,False,False,467.4006412491932,467.4006412491932,1.0,B
470,1045.4387068748474,1143.884053453803,3,1,B,False,False,312.9294672714257,312.9294672714257,1.0,B
471,675.1924711279571,937.2139829210937,1,1,A,False,False,-153.35957704449206,153.35957704449206,0.0,A
472,995.1724237762392,1032.0030497387052,3,1,B,False,False,154.75865356069855,154.75865356069855,1.0,B
473,332.91935501620173,418.0277525447309,1,1,A,False,False,-261.13444278169453,261.13444278169453,0.0,A
474,423.8591152243316,1333.0789147876203,5,1,A,False,False,-193.09869831390665,193.09869831390665,0.0,A
475,181.9482701830566,615.4200467281044,2,1,A,False,False,-382.53192382335806,382.53192382335806,0.0,A
476,400.7949996739626,861.0500902868807,2,1,A,False,False,-464.0854956153563,464.0854956153563,0.0,A
477,118.6296958476305,1024.7798161581159,7,1,A,False,False,-454.08525060109054,454.08525060109054,0.0,A
478,667.4145190045238,118.30057064071298,5,1,A,False,False,-165.91568066230852,165.91568066230852,0.0,A
479,59.70171047374606,1388.0853108130395,8,1,A,False,False,-462.3704841407874,462.3704841407874,0.0,A
480,666.2174672819674,248.27180849388242,6,1,A,False,False,-149.29553932621783,149.29553932621783,0.0,A
481,84.58758378401399,1123.9953730255365,1,1,A,False,False,-451.05585911345435,451.05585911345435,0.0,A
482,1362.345987930894,507.89169408380985,8,1,B,False,False,721.2108199544659,721.2108199544659,1.0,B
483,1375.6830878555775,1464.626982808113,7,1,B,False,False,415.989322622984,415.989322622984,1.0,B
484,142.75606255978346,351.30995884537697,6,1,A,False,False,-412.2150694422179,412.2150694422179,0.0,A
485,677.3121538572013,181.1097515746951,5,1,A,False,False,-192.17279340617762,192.17279340617762,0.0,A
486,1410.908343270421,74.12721868604422,4,1,B,False,False,447.7092649377821,447.7092649377821,1.0,B
487,1334.2148498632014,441.2271869368851,5,1,B,False,False,541.1695330423129,541.1695330423129,1.0,B
488,615.6806219369173,1332.520151976496,6,1,A,True,False,-49.41129612863072,49.41129612863072,0.0,A
489,620.279457885772,645.7604309543967,5,1,A,True,False,-53.292294758621495,53.292294758621495,0.0,A
490,1110.1932828314602,1313.9779279008508,3,1,B,False,False,351.4408134956728,351.4408134956728,1.0,B
491,639.2228272743523,833.3013514056802,1,1,A,False,False,-206.9970523245018,206.9970523245018,0.0,A
492,784.9819706752896,394.92004411295056,3,1,B,True,False,58.298470113584045,58.298470113584045,1.0,B
493,277.96396147459745,134.60991298779845,2,1,A,False,False,-545.7707365819326,545.7707365819326,0.0,A
494,974.0508059039712,1098.7865030765533,4,1,B,False,False,196.80689130386122,196.80689130386122,1.0,B
495,1287.0445218868554,134.72353108227253,8,1,B,False,False,396.96885854982077,396.96885854982077,1.0,B
496,932.8185045160353,1320.7303807139397,3,1,B,False,False,202.37836861558802,202.37836861558802,1.0,B
497,760.1369870826602,352.24353382363915,4,1,B,True,True,8.54205882527735,8.54205882527735,0.65,B
498,320.52132301032543,651.6885878518224,2,1,A,False,False,-271.076793599282,271.076793599282,0.0,A
499,440.1466464623809,607.9305005259812,5,1,A,False,False,-178.99737299180063,178.99737299180063,0.0,A
500,174.70854800194502,1328.8705260492861,6,1,A,False,False,-381.0233459240613,381.0233459240613,0.0,A
501,135.19848743453622,628.5787294618785,5,1,A,False,False,-411.057798752832,411.057798752832,0.0,A
502,810.2307412773371,695.4238428734243,7,1,B,True,False,44.352905444829304,44.352905444829304,0.95,B
503,685.7378133572638,738.1772291846573,8,1,A,True,False,-73.41777622317699,73.41777622317699,0.0,A
504,968.3921746909618,376.7260448075831,7,1,B,False,False,170.59587456125325,170.59587456125325,1.0,B
505,831.5105955116451,1256.8875085562468,7,1,B,False,False,188.1224046389286,188.1224046389286,1.0,B
506,1379.8466892912984,293.5787891037762,4,1,B,False,False,416.1138335919379,416.1138335919379,1.0,B
507,185.312082991004,748.3600596897304,5,1,A,False,False,-439.9632225651794,439.9632225651794,0.0,A
508,957.6756209135056,704.8977124504745,4,1,B,False,False,137.78273115569814,137.78273115569814,1.0,B
509,336.1726454459131,1116.5781039744616,7,1,A,False,False,-258.63458776252554,258.63458776252554,0.0,A
510,1186.575431842357,408.3132133819163,3,1,B,False,False,363.08732503258733,363.08732503258733,1.0,B
511,865.8014461398125,813.797241076827,3,1,B,True,True,11.73019290644972,11.73019290644972,0.6,A
512,480.2628415636718,9.838771540671587,1,1,A,False,False,-191.12584109506034,191.12584109506034,0.0,A
513,1158.7843070738018,519.8690942488611,6,1,B,False,False,528.0082604387288,528.0082604387288,1.0,B
514,1401.7851082608104,453.397034201771,6,1,B,False,False,628.2878376545441,628.2878376545441,1.0,B
515,1097.0585122704506,200.8203794248402,1,1,B,False,False,223.52746101965948,223.52746101965948,1.0,B
516,179.01203781366348,43.3263354934752,5,1,A,False,False,-436.6455589468713,436.6455589468713,0.0,A
517,832.7492717653513,1497.5082613527775,5,1,A,True,True,-7.714533278903608,7.714533278903608,0.65,A
518,1387.2824013233185,245.12534961104393,7,1,B,False,False,456.28175054731037,456.28175054731037,1.0,B
519,181.87980959191918,1048.9871590398252,1,1,A,False,False,-387.29138772896755,387.29138772896755,0.0,A
520,913.4428426623344,1092.9452693089843,3,1,B,False,False,147.61798698512737,147.61798698512737,1.0,B
521,571.5206516906619,740.4086091555655,6,1,A,False,False,-155.76102139084853,155.76102139084853,0.0,A
522,553.558842279017,444.81213949620724,5,1,A,True,False,-86.59663524224648,86.59663524224648,0.0,A
523,553.3649954013526,36.98216238990426,7,1,A,False,False,-165.17496024995,165.17496024995,0.0,A
524,1474.6686592698097,1436.3807025365531,5,1,B,False,False,480.3245134611128,480.3245134611128,1.0,B
525,990.9819792956114,89.81612278148532,8,1,B,False,False,123.7654240929907,123.7654240929907,1.0,B
526,31.44285175949335,704.4374928809702,2,1,A,False,False,-492.35648042660534,492.35648042660534,0.0,A
527,1298.8612060435116,1165.217226371169,4,1,B,False,False,571.1317318873945,571.1317318873945,1.0,B
528,739.3515449948609,1288.9259895309806,8,1,B,True,False,77.80906351591037,77.80906351591037,1.0,B
529,958.5012858733535,731.5845564007759,3,1,B,False,False,121.6056195629589,121.6056195629589,1.0,B
530,833.2384577952325,693.4717632830143,6,1,B,True,False,61.472364463339474,61.472364463339474,1.0,B
531,513.911479152739,1146.4397432282567,1,1,A,False,False,-118.65258014878044,118.65258014878044,0.0,A
532,454.89693665876985,510.23869682103395,5,1,A,False,False,-174.39803829294502,174.39803829294502,0.0,A
533,780.1341572776437,690.5718147754669,3,1,B,True,False,27.456808430486305,27.456808430486305,0.85,B
534,1203.2416141591966,184.61041850969195,5,1,B,False,False,332.26019288475806,332.26019288475806,1.0,B
535,612.1530784294009,177.1384351886809,7,1,A,False,False,-257.76973764110664,257.76973764110664,0.0,A
536,1080.1062514074147,1080.4158495739102,3,1,B,False,False,251.5743694162263,251.5743694162263,1.0,B
537,963.7550194747746,770.2584941871464,3,1,B,False,False,107.88560656673364,107.88560656673364,1.0,B
538,1241.1803919821978,1142.4771761521697,4,1,B,False,False,468.94664322871563,468.94664322871563,1.0,B
539,1313.0647419020534,1192.9410640150309,4,1,B,False,False,648.5065540578923,648.5065540578923,1.0,B
540,144.88008990883827,371.405019890517,2,1,A,False,False,-400.060731067191,400.060731067191,0.0,A
541,386.2662138417363,854.0723975747824,8,1,A,False,False,-472.16588279234446,472.16588279234446,0.0,A
542,1084.0665246360004,1014.0554141253233,3,1,B,False,False,207.07432511000565,207.07432511000565,1.0,B
543,455.2263915538788,1388.453397899866,3,1,A,False,False,-192.66731217225305,192.66731217225305,0.0,A
544,34.80955073609948,647.6686173118651,3,1,A,False,False,-476.63674372207237,476.63674372207237,0.0,A
545,739.8705901578069,80.21560125052929,2,1,A,True,False,-69.36591480403891,69.36591480403891,0.0,A
546,838.667816016823,355.52934743463993,4,1,B,True,False,64.42140231352866,64.42140231352866,1.0,B
547,492.1442284248769,1414.8275493644178,6,1,A,False,False,-187.162764185412,187.162764185412,0.0,A
548,992.4313221126795,1083.6800350807607,6,1,B,False,False,193.92746283434445,193.92746283434445,1.0,B
549,1221.077639143914,1057.0976547896862,7,1,B,False,False,326.06736268667294,326.06736268667294,1.0,B
550,269.0603085793555,144.81969689950347,2,1,A,False,False,-573.2270870685245,573.2270870685245,0.0,A
551,869.7719075717032,38.25223445892334,5,1,B,True,False,55.7278737703556,55.7278737703556,1.0,B
552,536.3666089251637,219.44024646654725,8,1,A,False,False,-299.09356260256453,299.09356260256453,0.0,A
553,922.9566897265613,1107.0116478949785,7,1,B,False,False,168.91026372645737,168.91026372645737,1.0,B
554,526.5690665692091,974.90060236305,8,1,A,False,False,-228.263811011566,228.263811011566,0.0,A
555,88.62180216237903,1059.1474338434637,2,1,A,False,False,-444.098593961909,444.098593961909,0.0,A
556,1344.9507672339678,368.7398498877883,8,1,B,False,False,421.650227160551,421.650227160551,1.0,B
557,949.6503691188991,1176.119045354426,7,1,B,False,False,280.33099014511663,280.33099014511663,1.0,B
558,823.5601438209414,1104.3249112553895,6,1,B,True,False,94.01839165254492,94.01839165254492,1.0,B
559,1007.4978349730372,112.70233243703842,6,1,B,False,False,135.2521514208985,135.2521514208985,1.0,B
560,285.98628798499703,404.86799692735076,8,1,A,False,False,-295.405346314433,295.405346314433,0.0,A
561,578.0938379466534,259.77370189502835,4,1,A,False,False,-207.76638040593124,207.76638040593124,0.0,A
562,768.6622040346265,972.4899642169476,6,1,A,True,False,-44.89411059344115,44.89411059344115,0.05,B
563,567.4151577986777,225.90070310980082,6,1,A,False,False,-262.18265681902596,262.18265681902596,0.0,A
564,35.639876034110785,1479.3705227784812,6,1,A,False,False,-614.5098546514636,614.5098546514636,0.0,A
565,733.515823725611,454.82660410925746,6,1,B,True,False,67.96285043792528,67.96285043792528,1.0,B
566,794.1187187097967,432.08874855190516,3,1,B,True,False,97.52315570092449,97.52315570092449,1.0,B
567,1176.5222498215735,1376.766983885318,4,1,B,False,False,310.699665551183,310.699665551183,1.0,B
568,479.4924301095307,1158.7176136672497,3,1,A,False,False,-146.50068711316365,146.50068711316365,0.0,A
569,1229.802737943828,0.25849509984254837,7,1,B,False,False,326.2616869049879,326.2616869049879,1.0,B
570,1093.3506530709565,798.475063405931,6,1,B,False,False,206.9053243718008,206.9053243718008,1.0,B
571,956.0725148767233,1227.7665780857205,7,1,B,False,False,325.9189732660479,325.9189732660479,1.0,B
572,1491.1298537626863,561.4423002116382,7,1,B,False,False,807.7610469126816,807.7610469126816,1.0,B
573,1268.4896397404373,633.7446514517069,5,1,B,False,False,437.05651033905457,437.05651033905457,1.0,B
574,763.7020968832076,1331.8084375932813,3,1,B,True,False,61.999147492388396,61.999147492388396,1.0,B
575,1391.2955950945616,329.3951586820185,6,1,B,False,False,425.1925974558349,425.1925974558349,1.0,B
576,590.9458687528968,854.7108178026974,8,1,A,False,False,-271.94356675520663,271.94356675520663,0.0,A
577,1287.73197485134,826.5704191289842,6,1,B,False,False,390.58570774391137,390.58570774391137,1.0,B
578,1473.4511193819344,833.4118011407554,8,1,B,False,False,569.364386021019,569.364386021019,1.0,B
579,633.3394548855722,296.06236377730966,8,1,A,False,False,-124.86521239558144,124.86521239558144,0.0,A
580,1100.0475157052279,1108.809542376548,4,1,B,False,False,300.516031869857,300.516031869857,1.0,B
581,1375.9886333718896,1252.4259625934064,6,1,B,False,False,718.0459724356612,718.0459724356612,1.0,B
582,1193.5347667895257,100.93692876398563,5,1,B,False,False,290.7546728015203,290.7546728015203,1.0,B
583,843.6815910972655,58.97235358133912,5,1,B,True,False,24.231847484865497,24.231847484865497,0.8,B
584,305.38475420325994,1154.0689975954592,2,1,A,False,False,-293.1668482457074,293.1668482457074,0.0,A
585,879.8732813447714,106.87035229057074,4,1,B,True,False,26.893933547220175,26.893933547220175,0.85,B
586,744.5162460207939,145.12210059911013,2,1,A,False,False,-116.54035555947614,116.54035555947614,0.0,A
587,1066.0128090530634,1376.171553041786,6,1,B,False,False,235.2033841745687,235.2033841745687,1.0,B
588,802.8915524482727,1120.824795216322,3,1,B,True,False,93.81185684433629,93.81185684433629,1.0,B
589,1211.201073601842,1129.934599623084,4,1,B,False,False,419.37207034033,419.37207034033,1.0,B
590,1387.9641266539693,1392.91274221614,5,1,B,False,False,439.7292279755334,439.7292279755334,1.0,B
591,333.0874079838395,64.13382198661566,2,1,A,False,False,-357.8189808933957,357.8189808933957,0.0,A
592,918.3939378708601,971.8909095972776,6,1,B,True,False,70.25142291102216,70.25142291102216,1.0,B
593,199.4367283768952,554.9226421862841,2,1,A,False,False,-418.1206841196886,418.1206841196886,0.0,A
594,332.39977061748505,850.2799482084811,1,1,A,False,False,-520.2421632928914,520.2421632928914,0.0,A
595,718.6050368472934,1428.5990805365145,8,1,A,True,False,-42.83829517439282,42.83829517439282,0.05,A
596,507.57768005132675,804.928190074861,7,1,A,False,False,-286.7369997099646,286.7369997099646,0.0,A
597,227.92273107916117,325.1757547259331,6,1,A,False,False,-378.2491810743439,378.2491810743439,0.0,A
598,150.01171035692096,1219.2370891571045,7,1,A,False,False,-479.4059117279573,479.4059117279573,0.0,A
599,76.69677352532744,399.02732195332646,1,1,A,False,False,-445.59618653837117,445.59618653837117,0.0,A
600,121.08129495754838,811.4968165755272,7,1,A,False,False,-631.0839312201106,631.0839312201106,0.0,A
601,244.6826482191682,1040.1865211315453,1,1,A,False,False,-351.7246993664227,351.7246993664227,0.0,A
602,1396.9563413411379,516.1257307045162,5,1,B,False,False,763.7757241377776,763.7757241377776,1.0,B
603,990.9596052020788,1356.1031953431666,3,1,B,False,False,203.50968959967463,203.50968959967463,1.0,B
604,852.6425915770233,1043.3568195439875,6,1,B,True,False,65.03294348429476,65.03294348429476,1.0,B
605,371.0706098936498,648.6337389796972,2,1,A,False,False,-234.29703189210306,234.29703189210306,0.0,A
606,1412.0457717217505,991.112903226167,4,1,B,False,False,440.4563999453187,440.4563999453187,1.0,B
607,94.47234962135553,436.19160214439034,1,1,A,False,False,-452.84076489787105,452.84076489787105,0.0,A
608,630.0378665328026,718.1350439786911,6,1,A,True,False,-95.52833500564111,95.52833500564111,0.0,A
609,1236.3669681362808,585.5090254917741,4,1,B,False,False,514.7206867646734,514.7206867646734,1.0,B
610,562.4554879032075,1497.2567735239863,5,1,A,False,False,-229.8197274556437,229.8197274556437,0.0,A
611,1419.7507076896727,273.2170228846371,4,1,B,False,False,456.35624265144054,456.35624265144054,1.0,B
612,714.5212520845234,538.2011700421572,6,1,B,True,False,83.00955721467042,83.00955721467042,1.0,B
613,85.21878300234675,1097.213992383331,2,1,A,False,False,-439.1491833120025,439.1491833120025,0.0,A
614,166.7216462083161,859.9951369687915,8,1,A,False,False,-694.9605463823435,694.9605463823435,0.0,A
615,271.1674338206649,892.8828472271562,2,1,A,False,False,-588.6310999590536,588.6310999590536,0.0,A
616,896.1413218639791,451.4941521920264,3,1,B,False,False,201.08408025700055,201.08408025700055,1.0,B
617,877.8014844283462,754.7265216708183,4,1,B,True,False,51.623965554379055,51.623965554379055,1.0,B
618,490.3030665591359,123.58800088986754,1,1,A,False,False,-331.0402988416422,331.0402988416422,0.0,A
619,368.1112350896001,1282.1327028796077,5,1,A,False,False,-245.19154166653936,245.19154166653936,0.0,A
620,749.2787078954279,736.7781079374254,3,1,A,True,False,-27.751311872126248,27.751311872126248,0.2,A
621,539.702417794615,641.5007449686527,7,1,A,False,False,-109.83532438971717,109.83532438971717,0.0,A
622,1292.96953137964,326.8589386716485,5,1,B,False,False,356.68810167748086,356.68810167748086,1.0,B
623,740.0386403314769,375.48724422231317,3,1,B,True,True,11.90393968809156,11.90393968809156,0.7,B
624,280.78722953796387,971.4145213365555,3,1,A,False,False,-422.97020901159004,422.97020901159004,0.0,A
625,70.90699346736073,1457.0061257109046,1,1,A,False,False,-537.8437153168309,537.8437153168309,0.0,A
626,785.94870865345,338.02996622398496,3,1,B,True,True,15.752259032499273,15.752259032499273,0.75,B
627,491.2258889526129,707.5165151618421,2,1,A,False,False,-181.79241221539635,181.79241221539635,0.0,A
628,319.6288403123617,791.6930001229048,1,1,A,False,False,-418.1836332272932,418.1836332272932,0.0,A
629,339.9266009218991,534.6625428646803,1,1,A,False,False,-289.2680963302575,289.2680963302575,0.0,A
630,776.7136814072728,858.3640521392226,8,1,A,True,False,-90.79266376153696,90.79266376153696,0.0,A
631,1220.2088213525712,173.9000310190022,6,1,B,False,False,350.19486845360944,350.19486845360944,1.0,B
632,1138.2102719508111,664.2545778304338,8,1,B,False,False,297.948641744996,297.948641744996,1.0,B
633,11.030154302716255,1438.931838143617,2,1,A,False,False,-548.2784587183154,548.2784587183154,0.0,A
634,911.7904147133231,1260.8638806268573,7,1,B,False,False,260.89324594481093,260.89324594481093,1.0,B
635,762.9243372939527,706.8981234915555,5,1,B,True,True,3.745287047355884,3.745287047355884,0.55,B
636,822.1680661663413,813.1123669445515,2,1,A,True,True,-25.901151486456293,25.901151486456293,0.25,A
637,862.3862355016172,1147.3535550758243,7,1,B,False,False,168.13068578342174,168.13068578342174,1.0,B
638,1380.8933109976351,861.6133653558791,3,1,B,False,False,507.54558332010396,507.54558332010396,1.0,B
639,1339.0595675446093,128.65754775702953,4,1,B,False,False,439.47166560110827,439.47166560110827,1.0,B
640,163.6124043725431,887.1634164825082,7,1,A,False,False,-700.8626138451081,700.8626138451081,0.0,A
641,745.5033506266773,849.9161498621106,5,1,A,False,False,-118.10116535123316,118.10116535123316,0.0,A
642,596.689760684967,266.2058500573039,5,1,A,False,False,-184.941342255126,184.941342255126,0.0,A
643,881.2101180665195,1277.8371241874993,4,1,B,False,False,213.52995276938756,213.52995276938756,1.0,B
644,909.2329102568328,1393.5794387944043,3,1,B,False,False,113.14328643934554,113.14328643934554,1.0,B
645,1292.8169486112893,939.7806613706052,8,1,B,False,False,380.8759333462442,380.8759333462442,1.0,B
646,684.1259426437318,9.927788749337196,2,1,A,True,False,-52.19686163200127,52.19686163200127,0.0,A
647,411.87929548323154,728.2751044258475,2,1,A,False,False,-254.90456360454553,254.90456360454553,0.0,A
648,1015.6074506230652,1252.0630583167076,3,1,B,False,False,369.8720709424536,369.8720709424536,1.0,B
649,4.118509590625763,345.196473877877,8,1,A,False,False,-511.2610166400349,511.2610166400349,0.0,A
650,77.13109022006392,1009.2065460048616,7,1,A,False,False,-504.7263064751285,504.7263064751285,0.0,A
651,878.7173219025135,1048.2160532847047,5,1,B,True,False,86.2759757326181,86.2759757326181,1.0,A
652,956.7597834393382,435.9440957196057,8,1,B,False,False,229.86316300855825,229.86316300855825,1.0,B
653,286.6679294966161,758.5153011605144,1,1,A,False,False,-382.97663517135544,382.97663517135544,0.0,A
654,777.0257941447198,243.81925351917744,6,1,A,True,False,-60.06807710473931,60.06807710473931,0.0,A
655,339.47447407990694,775.8546466939151,1,1,A,False,False,-372.7395954130521,372.7395954130521,0.0,A
656,1009.629288688302,52.43949266150594,4,1,B,False,False,148.03598758836858,148.03598758836858,1.0,B
657,1458.31213099882,1004.3671620078385,3,1,B,False,False,469.8666694621213,469.8666694621213,1.0,B
658,222.59451169520617,511.91100385040045,8,1,A,False,False,-405.0173840651642,405.0173840651642,0.0,A
659,1172.9730474762619,1396.7692600563169,8,1,B,False,False,290.217436169967,290.217436169967,1.0,B
660,904.9155078828335,1060.7150187715888,5,1,B,False,False,113.52413843990125,113.52413843990125,1.0,B
661,973.3590893447399,749.5035161264241,3,1,B,False,False,123.1435923248492,123.1435923248492,1.0,B
662,699.3547067977488,216.1769075319171,2,1,A,False,False,-151.47871621618287,151.47871621618287,0.0,A
663,797.3231831565499,1439.9180877953768,5,1,B,True,True,3.689709529247422,3.689709529247422,0.5,A
664,729.80728559196,1357.1717385202646,4,1,B,True,True,17.556801788623368,17.556801788623368,0.65,B
665,398.1113755144179,5.62635250389576,1,1,A,False,False,-243.70816811509624,243.70816811509624,0.0,A
666,1477.9474488459527,1108.4414524957538,6,1,B,False,False,576.407305316135,576.407305316135,1.0,B
667,218.01833482459188,0.2818484790623188,6,1,A,False,False,-362.1595974964008,362.1595974964008,0.0,A
668,514.2700024880469,1333.858314435929,7,1,A,False,False,-125.76797848542483,125.76797848542483,0.0,A
669,187.82341573387384,338.4909904561937,5,1,A,False,False,-392.0371446910393,392.0371446910393,0.0,A
670,906.5619776956737,1326.203175354749,4,1,B,False,False,175.58099263591205,175.58099263591205,1.0,B
671,681.8231320939958,612.662663217634,5,1,B,True,True,13.160604553630769,13.160604553630769,0.7,A
672,420.92071333900094,365.84325274452567,1,1,A,False,False,-213.48365031974745,213.48365031974745,0.0,A
673,526.1938241310418,172.8703323751688,6,1,A,False,False,-343.71141015273275,343.71141015273275,0.0,A
674,15.84645314142108,548.4416596591473,7,1,A,False,False,-601.7601552407043,601.7601552407043,0.0,A
675,1494.3971196189523,836.6524558514357,3,1,B,False,False,593.4503749456446,593.4503749456446,1.0,B
676,965.0582727044821,82.99531135708094,4,1,B,False,False,104.82378856746804,104.82378856746804,1.0,B
677,1018.2542097754776,1104.8837746493518,7,1,B,False,False,235.74409927712364,235.74409927712364,1.0,B
678,1081.1635991558433,149.11148976534605,5,1,B,False,False,208.08301130698067,208.08301130698067,1.0,B
679,1129.0651350282133,992.2809256240726,5,1,B,False,False,233.39036077579033,233.39036077579033,1.0,B
680,134.96482791379094,919.9272952973843,6,1,A,False,False,-668.1714630632576,668.1714630632576,0.0,A
681,1487.7405515871942,1389.7687140852213,5,1,B,False,False,510.5896632396871,510.5896632396871,1.0,B
682,628.6430270411074,1452.04435614869,1,1,A,False,False,-126.42186784549978,126.42186784549978,0.0,A
683,859.5703197643161,761.4806494675577,6,1,B,True,False,34.38513687643042,34.38513687643042,0.9,B
684,1125.3525079227984,23.710744455456734,8,1,B,False,False,241.0440786636026,241.0440786636026,1.0,B
685,350.80189257860184,413.6644466780126,1,1,A,False,False,-247.7418256894193,247.7418256894193,0.0,A
686,192.25014746189117,206.1978173442185,1,1,A,False,False,-645.0963927411759,645.0963927411759,0.0,A
687,602.2148919291794,5.351279396563768,6,1,A,False,False,-104.5357310738039,104.5357310738039,0.0,A
688,1433.8536858558655,913.8814564794302,5,1,B,False,False,535.8924511586189,535.8924511586189,1.0,B
689,949.0724159404635,1206.3412670977414,4,1,B,False,False,312.3975256266011,312.3975256266011,1.0,B
690,1326.8902888521552,718.5705550946295,5,1,B,False,False,381.79393268515315,381.79393268515315,1.0,B
691,553.2245426438749,1406.4557058736682,6,1,A,False,False,-138.73655869895958,138.73655869895958,0.0,A
692,293.3322982862592,1327.5610199198127,5,1,A,False,False,-291.5455020033668,291.5455020033668,0.0,A
693,1174.2112906649709,1478.201434481889,3,1,B,False,False,267.7873600760092,267.7873600760092,1.0,B
694,211.45616937428713,1403.227929957211,1,1,A,False,False,-368.8656345560046,368.8656345560046,0.0,A
695,1407.1761276572943,1231.8961475975811,4,1,B,False,False,775.2273458930256,775.2273458930256,1.0,B
696,1127.1243318915367,1314.9395640939474,8,1,B,False,False,363.11789852565664,363.11789852565664,1.0,B
697,309.8114524036646,1300.8274803869426,5,1,A,False,False,-287.1755645040845,287.1755645040845,0.0,A
698,1014.9216125719249,458.5011745803058,4,1,B,False,False,311.52746140559395,311.52746140559395,1.0,B
699,1369.8472771793604,653.7583940662444,8,1,B,False,False,475.9149166787304,475.9149166787304,1.0,B
700,536.668561398983,54.077030159533024,2,1,A,False,False,-194.9924452576283,194.9924452576283,0.0,A
701,1276.2819626368582,477.6223814114928,5,1,B,False,False,580.8281616478155,580.8281616478155,1.0,B
702,735.6355511583388,1198.3541054651141,3,1,B,True,False,99.04601716892633,99.04601716892633,1.0,B
703,685.3484837338328,962.0597991161048,6,1,A,False,False,-119.37531572863772,119.37531572863772,0.0,A
704,592.411054763943,938.6375905014575,6,1,A,False,False,-223.41640873991742,223.41640873991742,0.0,A
705,1055.4299354553223,448.8259060308337,7,1,B,False,False,329.43116275992395,329.43116275992395,1.0,B
706,823.1265605427325,17.863500863313675,4,1,B,True,False,36.97285162825072,36.97285162825072,0.8,B
707,1431.9830923341215,345.3088738024235,4,1,B,False,False,460.79358480715035,460.79358480715035,1.0,B
708,732.8064911998808,971.0655533708632,2,1,A,True,False,-73.75193229654401,73.75193229654401,0.0,A
709,221.05669789016247,1235.250648111105,8,1,A,False,False,-407.46038859419616,407.46038859419616,0.0,A
710,371.5972392819822,788.5909723117948,1,1,A,False,False,-370.5279105440049,370.5279105440049,0.0,A
711,858.026965521276,1073.9194778725505,6,1,B,True,False,92.02373425037453,92.02373425037453,1.0,B
712,950.8857442997396,571.24177319929,6,1,B,False,False,284.97585637209045,284.97585637209045,1.0,B
713,390.2863687835634,1486.1794654279947,1,1,A,False,False,-351.3376244614149,351.3376244614149,0.0,A
714,546.982767060399,151.6912691295147,2,1,A,False,False,-312.67177450152445,312.67177450152445,0.0,A
715,691.3892095908523,1140.007708221674,1,1,B,True,False,22.56583480443454,22.56583480443454,0.8,A
716,804.2348166927695,344.34719290584326,5,1,B,True,False,32.78230682812487,32.78230682812487,0.95,B
717,1160.689316689968,655.0162089988589,8,1,B,False,False,325.28035797076194,325.28035797076194,1.0,B
718,370.78210059553385,1249.9210936948657,2,1,A,False,False,-255.02877481168477,255.02877481168477,0.0,A
719,110.78427918255329,424.70722971484065,8,1,A,False,False,-431.5234265362321,431.5234265362321,0.0,A
720,1113.946967292577,326.76537707448006,3,1,B,False,False,233.42238059980158,233.42238059980158,1.0,B
721,195.18745271489024,453.2779357396066,2,1,A,False,False,-385.3188565719866,385.3188565719866,0.0,A
722,361.0130553133786,777.0120967179537,8,1,A,False,False,-358.2090422600349,358.2090422600349,0.0,A
723,496.6456680558622,1030.1144057884812,7,1,A,False,False,-188.47679136097383,188.47679136097383,0.0,A
724,754.9727582372725,825.665345415473,2,1,A,True,False,-93.9306389802805,93.9306389802805,0.0,A
725,784.1607830487192,97.44962537661195,6,1,A,True,False,-47.65930552115031,47.65930552115031,0.0,A
726,938.3412427268922,1220.3835966065526,8,1,B,False,False,307.93185941167224,307.93185941167224,1.0,B
727,373.12315357849,412.6497097313404,7,1,A,False,False,-231.2759046769183,231.2759046769183,0.0,A
728,1387.4576766975224,588.5086026974022,6,1,B,False,False,638.4514403315936,638.4514403315936,1.0,B
729,1247.9498363099992,1486.4279427565634,3,1,B,False,False,328.1284752963893,328.1284752963893,1.0,B
730,951.4894690364599,1363.516605924815,3,1,B,False,False,168.08890793827146,168.08890793827146,1.0,B
731,1046.5619224123657,728.3428148366511,6,1,B,False,False,184.3918547430386,184.3918547430386,1.0,B
732,1020.5108136869967,1432.1658876724541,5,1,B,False,False,164.42411298332806,164.42411298332806,1.0,B
733,1463.3331522345543,1428.0461696907878,3,1,B,False,False,472.95091537617253,472.95091537617253,1.0,B
734,1468.2293725199997,317.0038587413728,4,1,B,False,False,475.8557955976479,475.8557955976479,1.0,B
735,442.4494570121169,87.85630110651255,2,1,A,False,False,-312.75331981119155,312.75331981119155,0.0,A
736,1491.932381875813,757.5357612222433,5,1,B,False,False,498.2520037711861,498.2520037711861,1.0,B
737,53.1974988989532,591.1084986291826,2,1,A,False,False,-511.6756883209062,511.6756883209062,0.0,A
738,917.2786208800972,1279.189949389547,4,1,B,False,False,244.15829084586557,244.15829084586557,1.0,B
739,267.59143033996224,417.2284849919379,1,1,A,False,False,-309.96814380726613,309.96814380726613,0.0,A
740,380.82391675561666,7.221082225441933,7,1,A,False,False,-256.7596476833081,256.7596476833081,0.0,A
741,1330.1920853555202,666.2309831008315,6,1,B,False,False,429.52736422051595,429.52736422051595,1.0,B
742,1047.3321718163788,1078.8847412914038,3,1,B,False,False,227.27996373714925,227.27996373714925,1.0,B
743,122.22159001976252,998.7324667163193,2,1,A,False,False,-490.0732073341048,490.0732073341048,0.0,A
744,598.9207047969103,595.1819624751806,5,1,A,True,False,-45.69048731567164,45.69048731567164,0.0,A
745,701.8404440023005,456.17386931553483,5,1,B,True,False,42.13269867914493,42.13269867914493,1.0,B
746,1463.1893788464367,1113.9607331715524,6,1,B,False,False,577.2771696754592,577.2771696754592,1.0,B
747,871.3589650578797,1163.0319664254785,6,1,B,False,False,194.07999538182924,194.07999538182924,1.0,B
748,950.5286514759064,383.4329405799508,6,1,B,False,False,164.47815911803914,164.47815911803914,1.0,B
749,1208.1490382552147,560.6404859572649,3,1,B,False,False,541.8206717149917,541.8206717149917,1.0,B
750,30.088660307228565,1216.5473406203091,2,1,A,False,False,-598.2659509989304,598.2659509989304,0.0,A
751,840.4338033869863,1432.7518860809505,1,1,B,True,False,38.75559651251973,38.75559651251973,0.9,A
752,169.6891668252647,1263.8502353802323,3,1,A,False,False,-438.76037283896625,438.76037283896625,0.0,A
753,189.64215880259871,1298.7101837061346,2,1,A,False,False,-388.34175209648953,388.34175209648953,0.0,A
754,170.68212060257792,795.0687669217587,6,1,A,False,False,-546.5607276792088,546.5607276792088,0.0,A
755,492.7642126567662,395.44683834537864,1,1,A,False,False,-149.0685744823262,149.0685744823262,0.0,A
756,534.2694763094187,740.6356316059828,6,1,A,False,False,-182.24118946681355,182.24118946681355,0.0,A
757,395.30688570812345,934.8571803420782,2,1,A,False,False,-400.9045157935689,400.9045157935689,0.0,A
758,1058.6972781457007,927.3659004829824,4,1,B,False,False,181.2885737803001,181.2885737803001,1.0,B
759,1274.3343533948064,417.20355581492186,6,1,B,False,False,443.18321562689704,443.18321562689704,1.0,B
760,458.8282434269786,798.4073669649661,1,1,A,False,False,-316.9445266762781,316.9445266762781,0.0,A
761,446.32356287911534,1024.367165286094,2,1,A,False,False,-228.45001261546682,228.45001261546682,0.0,A
762,1102.5480651296675,276.7334505915642,4,1,B,False,False,212.472657881227,212.472657881227,1.0,B
763,1023.2519572600722,1480.9136632829905,6,1,B,False,False,150.75455378212735,150.75455378212735,1.0,B
764,113.38447406888008,524.9965628609061,1,1,A,False,False,-516.6155257029823,516.6155257029823,0.0,A
765,1063.4037251584232,118.8513902015984,8,1,B,False,False,184.81626856290646,184.81626856290646,1.0,B
766,195.86619408801198,803.8553623482585,8,1,A,False,False,-547.3799120808787,547.3799120808787,0.0,A
767,993.4774967841804,151.71195147559047,6,1,B,False,False,123.05325320798738,123.05325320798738,1.0,B
768,1374.225229024887,975.3397973254323,4,1,B,False,False,420.0389397898328,420.0389397898328,1.0,B
769,745.0296361930668,1108.9943633414805,6,1,B,True,False,40.75554200870187,40.75554200870187,0.95,B
770,1282.6118431985378,576.5718910843134,3,1,B,False,False,576.736480440982,576.736480440982,1.0,B
771,133.11530370265245,159.89630296826363,8,1,A,False,False,-728.1086427347515,728.1086427347515,0.0,A
772,513.8427000492811,150.29177349060774,5,1,A,False,False,-343.7028592292871,343.7028592292871,0.0,A
773,962.6459358260036,1482.3129633441567,3,1,B,False,False,103.13318036738107,103.13318036738107,1.0,B
774,1476.3635974377394,544.2107291892171,4,1,B,False,False,830.5194018825515,830.5194018825515,1.0,B
775,1051.6121741384268,490.7354358583689,7,1,B,False,False,395.4868273708085,395.4868273708085,1.0,B
776,528.8896188139915,522.8070057928562,7,1,A,False,False,-101.11090764035168,101.11090764035168,0.0,A
777,446.55865291133523,519.0226854756474,5,1,A,False,False,-183.30847390864332,183.30847390864332,0.0,A
778,713.9747561886907,1230.9095431119204,5,1,B,True,False,83.66965152185132,83.66965152185132,1.0,B
779,581.2515369616449,1057.582626119256,6,1,A,False,False,-109.39723402678224,109.39723402678224,0.0,A
780,605.578601360321,391.4095424115658,6,1,A,True,False,-71.17649882056311,71.17649882056311,0.0,A
781,356.42920481041074,1111.1110397614539,7,1,A,False,False,-243.70203897033232,243.70203897033232,0.0,A
782,1009.4339945353568,406.28744289278984,4,1,B,False,False,231.05714828430487,231.05714828430487,1.0,B
783,251.35899055749178,336.95434452965856,6,1,A,False,False,-350.09224166073403,350.09224166073403,0.0,A
784,471.9079742208123,920.2901995740831,7,1,A,False,False,-357.25818804675305,357.25818804675305,0.0,A
785,260.1356548257172,1320.9377881139517,1,1,A,False,False,-318.7906160219073,318.7906160219073,0.0,A
786,1430.8089260011911,26.397066190838814,4,1,B,False,False,450.7671063782021,450.7671063782021,1.0,B
787,1059.0095669031143,220.6395291723311,3,1,B,False,False,182.82437671228058,182.82437671228058,1.0,B
788,871.7578975483775,1350.2250532619655,5,1,B,False,False,124.52591369015423,124.52591369015423,1.0,B
789,1329.763443209231,1346.8217910267413,7,1,B,False,False,458.75328998383196,458.75328998383196,1.0,B
790,1326.6425784677267,509.28562972694635,3,1,B,False,False,687.6120703395648,687.6120703395648,1.0,B
791,1318.9316256903112,1315.5037863180041,5,1,B,False,False,513.2110232479871,513.2110232479871,1.0,B
792,1220.0488527305424,1169.749314431101,3,1,B,False,False,512.2291467331391,512.2291467331391,1.0,B
793,713.606124278158,620.7645004615188,6,1,B,True,False,32.49215878694065,32.49215878694065,0.9,A
794,51.73293873667717,498.3842703513801,7,1,A,False,False,-563.6540760589022,563.6540760589022,0.0,A
795,1041.830294765532,83.70298147201538,5,1,B,False,False,164.94755208061525,164.94755208061525,1.0,B
796,132.95519538223743,1132.48654268682,6,1,A,False,False,-419.61515748380856,419.61515748380856,0.0,A
797,1293.5947026126087,348.9278834313154,3,1,B,False,False,369.0772441548035,369.0772441548035,1.0,B
798,1227.499301545322,616.4510850794613,7,1,B,False,False,439.2568398310917,439.2568398310917,1.0,B
799,1003.9754337631166,1309.6304889768362,6,1,B,False,False,273.86645822468716,273.86645822468716,1.0,B
800,161.46172815933824,73.41405423358083,1,1,A,False,False,-504.01658870304766,504.01658870304766,0.0,A
801,963.2785166613758,1026.78248193115,8,1,B,False,False,129.7191379614319,129.7191379614319,1.0,B
802,1254.1909930296242,1497.922412585467,2,1,B,False,False,339.3803279871294,339.3803279871294,1.0,B
803,967.3009389080107,961.9001769460738,6,1,B,False,False,105.21274314298087,105.21274314298087,1.0,B
804,1314.2189788632095,281.0903023928404,3,1,B,False,False,371.78103516664714,371.78103516664714,1.0,B
805,1099.810532759875,249.56518225371838,6,1,B,False,False,212.59638294981113,212.59638294981113,1.0,B
806,308.5602284409106,210.97081806510687,1,1,A,False,False,-525.4025174166335,525.4025174166335,0.0,A
807,770.6285635940731,616.8386433273554,3,1,B,True,False,80.09875102277567,80.09875102277567,1.0,B
808,1308.4552343934774,968.1489486247301,4,1,B,False,False,373.3994100772697,373.3994100772697,1.0,B
809,1002.2261599078774,350.91655142605305,8,1,B,False,False,172.2857546386988,172.2857546386988,1.0,B
810,423.05724089965224,951.4780305325985,2,1,A,False,False,-346.6787322216979,346.6787322216979,0.0,A
811,829.2374750599265,1281.8766692653298,5,1,B,False,False,162.76837018906642,162.76837018906642,1.0,B
812,902.185623999685,255.9970272704959,5,1,B,True,False,50.84145806948503,50.84145806948503,1.0,B
813,599.2770823650062,407.9241477884352,6,1,A,True,False,-66.55465936555034,66.55465936555034,0.0,A
814,1343.6792576685548,1232.6039629988372,4,1,B,False,False,711.4827568060696,711.4827568060696,1.0,B
815,853.4637680277228,1323.2808751054108,5,1,B,False,False,138.17926282074112,138.17926282074112,1.0,B
816,688.4474437683821,796.6923583298922,8,1,A,False,False,-125.65213875832339,125.65213875832339,0.0,A
817,606.8618330173194,126.64267932996154,2,1,A,False,False,-229.55656273265797,229.55656273265797,0.0,A
818,165.65500851720572,1390.4089168645442,2,1,A,False,False,-391.3371631158425,391.3371631158425,0.0,A
819,495.03088602796197,15.311557799577713,7,1,A,False,False,-185.60094034256576,185.60094034256576,0.0,A
820,985.130833927542,212.75705890730023,4,1,B,False,False,114.81698704944371,114.81698704944371,1.0,B
821,72.92838860303164,274.73158948123455,2,1,A,False,False,-575.7561185365196,575.7561185365196,0.0,A
822,779.9507360905409,421.5152570977807,4,1,B,True,False,77.07879543799476,77.07879543799476,1.0,B
823,1222.8008704259992,1215.4871933162212,7,1,B,False,False,589.8801379427546,589.8801379427546,1.0,B
824,597.2388563677669,183.23039822280407,8,1,A,False,False,-271.57695458334814,271.57695458334814,0.0,A
825,1300.1165008172393,87.65431819483638,6,1,B,False,False,370.22813286810714,370.22813286810714,1.0,B
826,1154.1743287816644,911.2958419136703,6,1,B,False,False,274.62556520815394,274.62556520815394,1.0,B
827,946.3302902877331,939.185191411525,5,1,B,True,False,82.53977074595004,82.53977074595004,1.0,B
828,625.042931176722,1267.7664505317807,1,1,A,True,True,-12.696338692609318,12.696338692609318,0.4,A
829,986.9368309155107,1385.188358835876,3,1,B,False,False,172.8486735583995,172.8486735583995,1.0,B
830,457.20081171020865,904.6482732519507,1,1,A,False,False,-393.1070408302626,393.1070408302626,0.0,A
831,1091.8708587996662,859.540544450283,3,1,B,False,False,220.58958235741568,220.58958235741568,1.0,B
832,546.5544490143657,314.45314502343535,6,1,A,False,False,-168.5462031872703,168.5462031872703,0.0,A
833,692.2699492424726,1080.1651440560818,2,1,A,True,True,-17.786155040156757,17.786155040156757,0.45,A
834,525.7913125678897,360.6561035849154,1,1,A,False,False,-145.10663170058672,145.10663170058672,0.0,A
835,654.0139429271221,1008.931125048548,4,1,A,True,False,-98.214431866936,98.214431866936,0.0,A
836,898.4083235263824,357.44292195886374,4,1,B,False,False,106.55293797004259,106.55293797004259,1.0,B
837,887.0093431323767,251.95875903591514,3,1,B,True,False,36.706898467677675,36.706898467677675,0.95,B
838,1446.800687815994,499.79798030108213,3,1,B,False,False,790.9883831329144,790.9883831329144,1.0,B
839,614.0933060087264,1492.955113761127,2,1,A,False,False,-182.1437576653569,182.1437576653569,0.0,A
840,421.32457438856363,386.0272038727999,5,1,A,False,False,-203.2698066153826,203.2698066153826,0.0,A
841,290.6791507266462,471.22519137337804,7,1,A,False,False,-315.766262264254,315.766262264254,0.0,A
842,436.6213087923825,1499.5237570255995,7,1,A,False,False,-337.2142300277741,337.2142300277741,0.0,A
843,428.81776951253414,967.9010831750929,7,1,A,False,False,-314.1307623844456,314.1307623844456,0.0,A
844,1002.5032251141965,750.0250702723861,6,1,B,False,False,143.82993641332223,143.82993641332223,1.0,B
845,771.0259733721614,1234.2403074726462,7,1,B,False,False,140.05694129052145,140.05694129052145,1.0,B
846,1343.4184310026467,1052.8901391662657,5,1,B,False,False,405.9442511239275,405.9442511239275,1.0,B
847,609.8743337206542,108.37562335655093,6,1,A,False,False,-204.61585008670355,204.61585008670355,0.0,A
848,56.499226950109005,551.3417646288872,2,1,A,False,False,-559.3110974749902,559.3110974749902,0.0,A
849,1132.7995173633099,790.0125472806394,4,1,B,False,False,237.4956723312547,237.4956723312547,1.0,B
850,584.1693305410445,1412.3334400355816,2,1,A,False,False,-122.25024549926606,122.25024549926606,0.0,A
851,1309.7966015338898,596.2360119447112,3,1,B,False,False,551.917724921998,551.917724921998,1.0,B
852,472.70128782838583,770.1873974874616,7,1,A,False,False,-262.4990581182998,262.4990581182998,0.0,A
853,837.6408875919878,636.7993606254458,3,1,B,False,False,112.60025316859476,112.60025316859476,1.0,B
854,176.96810234338045,997.3396039567888,6,1,A,False,False,-453.0124704674758,453.0124704674758,0.0,A
855,936.1353507265449,551.2234275229275,7,1,B,False,False,293.701785224343,293.701785224343,1.0,B
856,1126.9548092968762,1018.4200988151133,5,1,B,False,False,238.7075676693413,238.7075676693413,1.0,B
857,719.2695373669267,1044.1100159659982,1,1,A,True,False,-25.241977952086557,25.241977952086557,0.15,A
858,9.704744908958673,1357.6749013736844,2,1,A,False,False,-491.92328278743133,491.92328278743133,0.0,A
859,721.1319487541914,329.5056726783514,4,1,A,True,False,-34.891120116404814,34.891120116404814,0.1,A
860,816.7292741127312,397.4934183061123,8,1,B,True,False,83.0687451857833,83.0687451857833,1.0,B
861,63.986598048359156,1.9551487639546394,6,1,A,False,False,-468.2248149133803,468.2248149133803,0.0,A
862,350.63523100689054,65.841025672853,6,1,A,False,False,-347.504534578313,347.504534578313,0.0,A
863,672.0532779581845,1102.9026601463556,5,1,A,True,True,-16.66800428795662,16.66800428795662,0.35,A
864,1238.6336303316057,199.51428333297372,6,1,B,False,False,361.6663296483341,361.6663296483341,1.0,B
865,229.38790591433644,38.462547585368156,6,1,A,False,False,-394.16260472131506,394.16260472131506,0.0,A
866,144.21158842742443,193.38166248053312,1,1,A,False,False,-713.0856830132443,713.0856830132443,0.0,A
867,551.4065399765968,1218.8732936047018,2,1,A,True,False,-78.63717251820637,78.63717251820637,0.0,A
868,661.0303362831473,906.2625020742416,1,1,A,False,False,-195.75226006438828,195.75226006438828,0.0,A
869,473.30627823248506,499.3433877825737,5,1,A,False,False,-155.23853042158683,155.23853042158683,0.0,A
870,12.031418737024069,250.61954464763403,8,1,A,False,False,-688.6829546418022,688.6829546418022,0.0,A
871,1121.643295045942,356.37689335271716,6,1,B,False,False,257.75799096794566,257.75799096794566,1.0,B
872,1059.674022719264,587.5466214492917,5,1,B,False,False,356.7587027092348,356.7587027092348,1.0,B
873,1399.6282643638551,1083.3119451999664,8,1,B,False,False,477.30274971540933,477.30274971540933,1.0,B
874,154.60336161777377,648.5396479256451,1,1,A,False,False,-390.10539668437264,390.10539668437264,0.0,A
875,568.7649250030518,1203.6552401259542,1,1,A,True,False,-62.13722190312639,62.13722190312639,0.0,A
876,933.1648657098413,1133.28628661111,8,1,B,False,False,207.75418367295092,207.75418367295092,1.0,B
877,1121.0934896953404,87.7442923374474,8,1,B,False,False,227.74985447935998,227.74985447935998,1.0,B
878,358.70992904528975,1309.789000544697,6,1,A,False,False,-244.35079406721502,244.35079406721502,0.0,A
879,803.7011646665633,1386.0718589276075,4,1,B,True,False,46.914504692918435,46.914504692918435,0.85,B
880,934.1693236492574,859.4508455134928,8,1,B,True,False,64.61481269479975,64.61481269479975,1.0,B
881,971.102574840188,612.7771181054413,7,1,B,False,False,243.00809914975028,243.00809914975028,1.0,B
882,351.9133790396154,475.02368688583374,6,1,A,False,False,-262.7088075149573,262.7088075149573,0.0,A
883,665.4314487241209,1395.7172110676765,2,1,A,True,False,-54.42288790063122,54.42288790063122,0.0,A
884,137.509495485574,249.9082926660776,5,1,A,False,False,-586.594159212774,586.594159212774,0.0,A
885,801.2363375164568,1330.415552482009,6,1,B,True,False,91.42488171672156,91.42488171672156,1.0,B
886,501.7405282706022,182.9793336801231,7,1,A,False,False,-366.8636112391373,366.8636112391373,0.0,A
887,1179.482314735651,554.2109082452953,5,1,B,False,False,525.2924500404439,525.2924500404439,1.0,B
888,98.71997963637114,811.7838031612337,5,1,A,False,False,-651.2210692966638,651.2210692966638,0.0,A
889,225.3118813969195,1183.0971194431186,6,1,A,False,False,-384.1066169238981,384.1066169238981,0.0,A
890,268.9325110986829,838.5385992005467,5,1,A,False,False,-561.9635942365245,561.9635942365245,0.0,A
891,742.3645150847733,1047.4643767811358,5,1,A,True,True,-7.054134698229739,7.054134698229739,0.4,A
892,1307.3042859323323,382.92973302304745,3,1,B,False,False,412.4724424644575,412.4724424644575,1.0,B
893,528.2643917016685,840.532430447638,1,1,A,False,False,-319.306028793279,319.306028793279,0.0,A
894,935.727362986654,961.3065775483847,6,1,B,True,False,79.84455255316684,79.84455255316684,1.0,B
895,1146.7795916832983,1342.9441801272333,3,1,B,False,False,332.12918544913026,332.12918544913026,1.0,B
896,69.00382088497281,706.278445199132,1,1,A,False,False,-468.33760591317827,468.33760591317827,0.0,A
897,141.47882536053658,506.0245916247368,8,1,A,False,False,-482.2855500714795,482.2855500714795,0.0,A
898,708.0030273646116,648.2640425674617,6,1,B,True,True,8.461484105212104,8.461484105212104,0.65,A
899,1108.9110500179231,1232.9250276088715,1,1,B,False,False,477.2111852438631,477.2111852438631,1.0,B
900,483.05373592302203,50.92922039330006,2,1,A,False,False,-230.03031951426206,230.03031951426206,0.0,A
901,1349.1400103084743,1499.1348031908274,7,1,B,False,False,418.71675542856553,418.71675542856553,1.0,B
902,720.9063582122326,1209.855807479471,5,1,B,True,False,88.85776172313776,88.85776172313776,1.0,B
903,804.6207907609642,756.7317578941584,5,1,A,True,True,-2.825770954646987,2.825770954646987,0.45,A
904,878.0677677132189,1319.1533451899886,5,1,B,False,False,161.73662238568534,161.73662238568534,1.0,B
905,498.11009131371975,926.5411673113704,1,1,A,False,False,-323.80380817335055,323.80380817335055,0.0,A
906,1485.8827977441251,530.4908417165279,6,1,B,False,False,854.5347895325576,854.5347895325576,1.0,B
907,391.7669397778809,704.0745886042714,1,1,A,False,False,-246.81049860595152,246.81049860595152,0.0,A
908,1339.6803578361869,915.4413621872663,5,1,B,False,False,445.99330861634127,445.99330861634127,1.0,B
909,683.938738424331,633.4013622254133,2,1,B,True,True,1.1028295239848818,1.1028295239848818,0.6,B
910,405.37902899086475,1006.6875424236059,1,1,A,False,False,-276.2977395410077,276.2977395410077,0.0,A
911,972.3578277043998,941.8050264939666,3,1,B,False,False,105.35564676813246,105.35564676813246,1.0,B
912,677.7081917971373,570.7148001529276,6,1,B,True,False,34.68071522092048,34.68071522092048,0.95,B
913,782.2312843054533,274.25013156607747,2,1,A,True,False,-33.131048020191706,33.131048020191706,0.1,B
914,635.0534101948142,1174.9041751027107,4,1,A,True,True,-6.226532284580708,6.226532284580708,0.45,B
915,1431.176747661084,214.1606197692454,3,1,B,False,False,533.0377091742662,533.0377091742662,1.0,B
916,844.0570835955441,854.5984597876668,6,1,A,True,False,-23.4888939522102,23.4888939522102,0.2,A
917,963.6299712583423,122.27019108831882,5,1,B,True,False,95.88778366570784,95.88778366570784,1.0,B
918,412.3684815131128,1438.5637482628226,8,1,A,False,False,-265.76623515054575,265.76623515054575,0.0,A
919,386.55537413433194,1407.3213832452893,6,1,A,False,False,-252.93705859845025,252.93705859845025,0.0,A
920,340.221019461751,1317.560794763267,5,1,A,False,False,-257.3737133569208,257.3737133569208,0.0,A
921,1414.1282374039292,1272.4140146747231,6,1,B,False,False,706.6981268923291,706.6981268923291,1.0,B
922,613.9789740554988,215.39731789380312,1,1,A,False,False,-231.87078396733307,231.87078396733307,0.0,A
923,1193.603724706918,1190.6645894050598,8,1,B,False,False,530.358670881059,530.358670881059,1.0,B
924,1448.1139811687171,1424.0308343432844,8,1,B,False,False,463.24566464455023,463.24566464455023,1.0,B
925,373.343703802675,1032.2522814385593,2,1,A,False,False,-271.0607937212755,271.0607937212755,0.0,A
926,467.2674732282758,1160.9691912308335,6,1,A,False,False,-157.06756097107956,157.06756097107956,0.0,A
927,1337.8502796404064,1460.588586051017,3,1,B,False,False,386.5911275274926,386.5911275274926,1.0,B
928,1240.5158914625645,768.1782287545502,5,1,B,False,False,316.22701784574696,316.22701784574696,1.0,B
929,345.41805647313595,364.88161655142903,7,1,A,False,False,-265.6662937135377,265.6662937135377,0.0,A
930,1056.2091255560517,1262.4836289323866,8,1,B,False,False,395.2355725329507,395.2355725329507,1.0,B
931,123.53451456874609,71.57304883003235,2,1,A,False,False,-528.8659266751265,528.8659266751265,0.0,A
932,1478.1378549523652,1221.7928683385253,6,1,B,False,False,847.6808485344673,847.6808485344673,1.0,B
933,806.1164547689259,913.0113730207086,6,1,A,True,False,-53.59195484519321,53.59195484519321,0.0,A
934,311.88597483560443,1415.388428606093,1,1,A,False,False,-310.9148152055644,310.9148152055644,0.0,A
935,1157.913343515247,1414.9917354807258,6,1,B,False,False,267.88246218708616,267.88246218708616,1.0,B
936,156.58494690433145,762.3615581542253,6,1,A,False,False,-485.3579518652434,485.3579518652434,0.0,A
937,647.1556713804603,1207.5917408801615,6,1,B,True,True,15.477755734859398,15.477755734859398,0.7,B
938,9.378106333315372,891.9895333237946,8,1,A,False,False,-847.953458528724,847.953458528724,0.0,A
939,1374.4479808956385,469.89479335024953,3,1,B,False,False,650.024026089029,650.024026089029,1.0,B
940,1032.2368280030787,197.85230280831456,3,1,B,False,False,160.92503476128394,160.92503476128394,1.0,B
941,229.89474842324853,1411.178012844175,1,1,A,False,False,-363.0294279768783,363.0294279768783,0.0,A
942,1420.5209738574922,1375.8073970675468,3,1,B,False,False,479.82196132641263,479.82196132641263,1.0,B
943,930.460880510509,332.10570830851793,5,1,B,False,False,110.48679974337308,110.48679974337308,1.0,B
944,232.78943868353963,654.3752937577665,8,1,A,False,False,-333.92602660833074,333.92602660833074,0.0,A
945,248.61805932596326,289.0219856053591,2,1,A,False,False,-414.9899203089576,414.9899203089576,0.0,A
946,226.93828493356705,402.5867865420878,6,1,A,False,False,-338.08153666461243,338.08153666461243,0.0,A
947,1437.6269755885005,1463.7612495571375,4,1,B,False,False,461.5436796540053,461.5436796540053,1.0,B
948,708.1753970123827,205.237221904099,2,1,A,False,False,-151.25213669849558,151.25213669849558,0.0,A
949,1390.207904856652,420.2578766271472,7,1,B,False,False,536.4001990896679,536.4001990896679,1.0,B
950,781.1085884459317,958.4010662510991,6,1,A,True,False,-45.81522216695679,45.81522216695679,0.05,A
951,386.499079875648,606.577334459871,2,1,A,False,False,-222.5612273282188,222.5612273282188,0.0,A
952,805.6304818019271,1235.6399595737457,8,1,B,False,False,174.1673213946825,174.1673213946825,1.0,B
953,768.3540531434119,294.8848963715136,5,1,A,True,False,-28.02729064628534,28.02729064628534,0.2,A
954,380.1997136324644,266.296389978379,1,1,A,False,False,-354.9435460393725,354.9435460393725,0.0,A
955,1441.7578135617077,479.612632188946,5,1,B,False,False,737.5747463044116,737.5747463044116,1.0,B
956,1407.9549489542842,432.5206624343991,6,1,B,False,False,578.443366893335,578.443366893335,1.0,B
957,1352.191989775747,566.2404131144285,4,1,B,False,False,665.3336746513592,665.3336746513592,1.0,B
958,1212.6729469746351,933.5662638768554,7,1,B,False,False,315.7094938506561,315.7094938506561,1.0,B
959,683.4383220411837,904.5067629776895,5,1,A,False,False,-175.53358759647747,175.53358759647747,0.0,A
960,137.27732235565782,1294.2254184745252,4,1,A,False,False,-436.4479039856288,436.4479039856288,0.0,A
961,905.2800186909735,1221.6210546903312,7,1,B,False,False,275.078131076508,275.078131076508,1.0,B
962,1251.499957870692,1282.8386281616986,4,1,B,False,False,534.1916504087836,534.1916504087836,1.0,B
963,1137.0794288814068,1086.6633052937686,4,1,B,False,False,298.23514339791603,298.23514339791603,1.0,B
964,578.0630274675786,1101.5314031392336,1,1,A,True,False,-85.2371657355233,85.2371657355233,0.0,A
965,293.7929634936154,629.0383329614997,2,1,A,False,False,-290.92652346024806,290.92652346024806,0.0,A
966,805.8276074007154,1466.2658963352442,5,1,A,True,True,-8.516967516801099,8.516967516801099,0.45,A
967,245.1495942659676,1221.1819044314325,1,1,A,False,False,-384.6589840359953,384.6589840359953,0.0,A
968,217.32376841828227,1150.6499201059341,5,1,A,False,False,-364.79200339492957,364.79200339492957,0.0,A
969,172.32197988778353,876.5095355920494,1,1,A,False,False,-697.5927202508224,697.5927202508224,0.0,A
970,485.3056068532169,806.6352945752442,1,1,A,False,False,-308.31052871579834,308.31052871579834,0.0,A
971,1393.1328398175538,16.45513717085123,5,1,B,False,False,428.0594070839373,428.0594070839373,1.0,B
972,99.9892596155405,1445.8426991477609,2,1,A,False,False,-496.7321265349878,496.7321265349878,0.0,A
973,1470.0169740244746,129.4444715604186,6,1,B,False,False,560.6575767625334,560.6575767625334,1.0,B
974,1172.8129447437823,307.23182391375303,6,1,B,False,False,267.3652216936422,267.3652216936422,1.0,B
975,1479.6177889220417,1186.180092394352,4,1,B,False,False,790.6332257956632,790.6332257956632,1.0,B
976,640.8752328716218,1333.7180586531758,1,1,A,True,False,-31.244360747532646,31.244360747532646,0.1,A
977,962.2945678420365,1294.7074840776622,5,1,B,False,False,261.8200345864589,261.8200345864589,1.0,B
978,231.84239957481623,1350.0147848390043,1,1,A,False,False,-334.4814499638996,334.4814499638996,0.0,A
979,1435.0898768752813,294.35535008087754,5,1,B,False,False,456.03599976524,456.03599976524,1.0,B
980,177.36549256369472,469.965853728354,6,1,A,False,False,-415.8843876668878,415.8843876668878,0.0,A
981,464.16033105924726,1212.5664479099214,6,1,A,False,False,-165.40036402610494,165.40036402610494,0.0,A
982,693.8628028146923,658.8492630980909,5,1,A,True,True,-9.04066059599158,9.04066059599158,0.45,A
983,283.81517669185996,1361.0781677998602,8,1,A,False,False,-298.79183479258364,298.79183479258364,0.0,A
984,497.1451791934669,524.6279393322766,1,1,A,False,False,-132.85463045516627,132.85463045516627,0.0,A
985,1211.6427775472403,699.8531296849251,8,1,B,False,False,314.20266838325307,314.20266838325307,1.0,B
986,822.8320246562362,579.3520314618945,6,1,B,False,False,159.63930971309833,159.63930971309833,1.0,B
987,6.757836788892746,312.9505324177444,2,1,A,False,False,-548.2675115147206,548.2675115147206,0.0,A
988,967.8497607819736,878.9473786018789,3,1,B,True,False,97.85387089876728,97.85387089876728,1.0,B
989,720.2164870686829,351.39663610607386,2,1,A,True,True,-19.241567145002993,19.241567145002993,0.25,A
990,1146.3422924280167,555.5648119188845,8,1,B,False,False,491.360969701664,491.360969701664,1.0,B
991,293.1141550652683,1026.669794227928,2,1,A,False,False,-331.70335227346715,331.70335227346715,0.0,A
992,1134.4262980856001,67.63828732073307,7,1,B,False,False,236.65547563480075,236.65547563480075,1.0,B
993,145.36336110904813,1156.531280837953,5,1,A,False,False,-430.3481630192819,430.3481630192819,0.0,A
994,88.6448915116489,544.3717245943844,3,1,A,False,False,-533.9725606082559,533.9725606082559,0.0,A
995,1346.6669535264373,451.9973541609943,6,1,B,False,False,578.3577645602303,578.3577645602303,1.0,B
996,610.8718290925026,258.1909163855016,2,1,A,False,False,-183.36418957645552,183.36418957645552,0.0,A
997,286.492726765573,1200.1175782643259,2,1,A,False,False,-337.0291930374048,337.0291930374048,0.0,A
998,1482.357031200081,983.471442013979,8,1,B,False,False,496.49003535048325,496.49003535048325,1.0,B
999,1242.1671976335347,850.9916597977281,3,1,B,False,False,365.3765251372316,365.3765251372316,1.0,B
1000,1446.944001596421,955.3466574288905,8,1,B,False,False,494.5121851523529,494.5121851523529,1.0,B
1001,689.078246243298,770.0983746908605,8,1,A,True,False,-99.19909428601261,99.19909428601261,0.0,A
1002,154.79289460927248,205.32459765672684,1,1,A,False,False,-682.7398271581385,682.7398271581385,0.0,A
1003,707.6792833395302,1249.5526489801705,5,1,B,True,False,72.78639337428523,72.78639337428523,1.0,B
1004,894.0135086886585,75.79944748431444,3,1,B,True,False,52.538943647971635,52.538943647971635,1.0,B
1005,311.7422629147768,598.4866633079946,6,1,A,False,False,-286.62082757540816,286.62082757540816,0.0,A
1006,654.1968276724219,926.401802804321,8,1,A,False,False,-183.2742718824058,183.2742718824058,0.0,A
1007,723.473948892206,1397.2542202100158,6,1,A,True,True,-16.038492918381458,16.038492918381458,0.25,B
1008,501.5578279271722,264.077999163419,8,1,A,False,False,-262.82179880378004,262.82179880378004,0.0,A
1009,1294.2660651169717,222.2660598345101,3,1,B,False,False,397.5763340623176,397.5763340623176,1.0,B
1010,642.5246503204107,1059.423586819321,5,1,A,True,False,-66.35404968940337,66.35404968940337,0.0,A
1011,1115.5989929102361,529.8359468579292,3,1,B,False,False,484.9565198133135,484.9565198133135,1.0,B
1012,252.3350939154625,1019.1274294629693,8,1,A,False,False,-368.42122845699015,368.42122845699015,0.0,A
1013,1086.9696666486561,1361.743077635765,3,1,B,False,False,264.94999226176026,264.94999226176026,1.0,B
1014,815.4281750321388,480.11650471016765,3,1,B,False,False,161.97039772587877,161.97039772587877,1.0,B
1015,1379.9004592001438,1129.6581183560193,2,1,B,False,False,549.7153381383329,549.7153381383329,1.0,B
1016,1478.611949365586,1481.2579010613263,3,1,B,False,False,505.74185192849063,505.74185192849063,1.0,B
1017,1491.6056343354285,134.0837669558823,3,1,B,False,False,587.2203747093359,587.2203747093359,1.0,B
1018,736.0964119434357,933.1757174804807,1,1,A,False,False,-103.87057851977933,103.87057851977933,0.0,A
1019,10.961690917611122,174.10549661144614,7,1,A,False,False,-859.0023193114654,859.0023193114654,0.0,A
1020,275.029553566128,706.5548342652619,7,1,A,False,False,-328.2687513971427,328.2687513971427,0.0,A
1021,1092.723002191633,825.16353065148,4,1,B,False,False,212.58840809800557,212.58840809800557,1.0,B
1022,865.350900683552,788.9802837744355,6,1,B,True,False,23.48617733652772,23.48617733652772,0.85,B
1023,905.0759738311172,650.612966157496,4,1,B,False,False,148.03471161538764,148.03471161538764,1.0,B
1024,1140.77562186867,118.09311853721738,7,1,B,False,False,253.14213410970947,253.14213410970947,1.0,B
1025,26.57607290893793,235.7075004838407,2,1,A,False,False,-721.2470290706766,721.2470290706766,0.0,A
1026,1157.1795023046434,280.6342919357121,5,1,B,False,False,253.76861925152568,253.76861925152568,1.0,B
1027,906.4168157055974,1030.9601873159409,4,1,B,True,False,93.26532730454144,93.26532730454144,1.0,A
1028,1056.669991929084,1069.9526178650558,3,1,B,False,False,225.12469998484033,225.12469998484033,1.0,B
1029,431.61797896027565,341.52383962646127,5,1,A,False,False,-223.17470699684532,223.17470699684532,0.0,A
1030,59.62862865999341,1129.0179155766964,7,1,A,False,False,-474.02130754987684,474.02130754987684,0.0,A
1031,1286.1913279630244,50.451159942895174,7,1,B,False,False,347.4390216413028,347.4390216413028,1.0,B
1032,304.04720921069384,531.4703928306699,2,1,A,False,False,-325.5195148468628,325.5195148468628,0.0,A
1033,774.9066366814077,182.40691954270005,5,1,A,True,False,-94.58638817188887,94.58638817188887,0.0,A
1034,1051.9192395731807,943.7640253454447,6,1,B,False,False,173.16693190148393,173.16693190148393,1.0,B
1035,104.74900575354695,865.630769636482,1,1,A,False,False,-761.7155354694844,761.7155354694844,0.0,A
1036,1077.6078826747835,830.1500659435987,3,1,B,False,False,200.1123960243028,200.1123960243028,1.0,B
1037,19.768580328673124,1346.1804259568453,2,1,A,False,False,-488.0632417173558,488.0632417173558,0.0,A
1038,798.3276410959661,975.42654722929,3,1,A,True,True,-19.962746678950097,19.962746678950097,0.35,A
1039,679.5547460205853,779.4698649086058,3,1,A,False,False,-115.50169202973927,115.50169202973927,0.0,A
1040,1370.7632990553975,549.153374042362,3,1,B,False,False,718.9100865597533,718.9100865597533,1.0,B
1041,92.37740049138665,518.2327413931489,5,1,A,False,False,-536.6978256475544,536.6978256475544,0.0,A
1042,996.3972070254385,1189.2348350957036,6,1,B,False,False,341.10356551033607,341.10356551033607,1.0,B
1043,1149.8120678588748,536.0869620926678,7,1,B,False,False,516.2706017044227,516.2706017044227,1.0,B
1044,427.6363458484411,1436.7226115427911,6,1,A,False,False,-252.97977514641812,252.97977514641812,0.0,A
1045,1071.4983358047903,18.822014797478914,4,1,B,False,False,206.5888706449887,206.5888706449887,1.0,B
1046,694.3290308117867,103.21725206449628,8,1,A,False,False,-127.29365659309352,127.29365659309352,0.0,A
1047,1470.3798810951412,1019.2877668887377,6,1,B,False,False,477.5090537175047,477.5090537175047,1.0,B
1048,907.3397261090577,713.2405014708638,5,1,B,True,False,97.74075805903075,97.74075805903075,1.0,B
1049,676.0616353712976,317.6653878763318,2,1,A,True,False,-75.34757194549802,75.34757194549802,0.0,A
1050,1358.1215855665505,1289.5030486397445,6,1,B,False,False,610.4341722547966,610.4341722547966,1.0,B
1051,266.816811170429,769.5926818996668,5,1,A,False,False,-416.71256182041117,416.71256182041117,0.0,A
1052,960.4535205289721,1192.3369076102972,6,1,B,False,False,310.63079313423935,310.63079313423935,1.0,B
1053,1102.1735714748502,472.8825646452606,7,1,B,False,False,413.1287131261237,413.1287131261237,1.0,B
1054,1285.4345762170851,1254.0158098563552,8,1,B,False,False,627.6896929643174,627.6896929643174,1.0,B
1055,923.4417756088078,847.5901591591537,7,1,B,True,False,55.187889558604176,55.187889558604176,1.0,A
1056,1278.7598697468638,836.9289566762745,6,1,B,False,False,391.0062476172209,391.0062476172209,1.0,B
1057,263.69805447757244,817.6194545812905,8,1,A,False,False,-521.8355350403876,521.8355350403876,0.0,A
1058,1010.7524734921753,783.2358302548528,8,1,B,False,False,140.60655418662225,140.60655418662225,1.0,B
1059,1331.297570373863,83.36358005180955,1,1,B,False,False,392.1860945831064,392.1860945831064,1.0,B
1060,1098.255421500653,165.03397235646844,6,1,B,False,False,227.68357228825042,227.68357228825042,1.0,B
1061,434.10520534962416,8.751274086534977,1,1,A,False,False,-221.70384727349585,221.70384727349585,0.0,A
1062,1439.3076058477163,64.48955275118351,4,1,B,False,False,463.18393833018376,463.18393833018376,1.0,B
1063,1246.691187378019,126.20921758934855,4,1,B,False,False,352.93878712443234,352.93878712443234,1.0,B
1064,1146.158698014915,638.5628334246576,5,1,B,False,False,338.24463128766456,338.24463128766456,1.0,B
1065,206.51043998077512,1219.8349800892174,1,1,A,False,False,-423.0916846551839,423.0916846551839,0.0,A
1066,1484.5995996147394,81.12898981198668,3,1,B,False,False,510.2842831880789,510.2842831880789,1.0,B
1067,675.8781303651631,24.095568805933,1,1,A,True,False,-68.80890329121733,68.80890329121733,0.0,A
1068,641.0976899787784,1020.8789776079357,6,1,A,True,False,-96.94933027905158,96.94933027905158,0.0,A
1069,868.2381450198591,687.312996480614,7,1,B,True,False,90.03786927160601,90.03786927160601,1.0,B
1070,295.70856504142284,839.229273609817,8,1,A,False,False,-537.9294760368109,537.9294760368109,0.0,A
1071,599.537942558527,213.55349896475673,3,1,A,False,False,-247.3567299834012,247.3567299834012,0.0,A
1072,414.31987937539816,835.600390098989,2,1,A,False,False,-419.9843256196542,419.9843256196542,0.0,A
1073,1215.59522068128,1413.4091287851334,7,1,B,False,False,308.17624049263236,308.17624049263236,1.0,B
1074,1229.2104684747756,807.1824805811048,3,1,B,False,False,324.2041294719945,324.2041294719945,1.0,B
1075,352.38002333790064,16.61471463739872,8,1,A,False,False,-284.3566020673949,284.3566020673949,0.0,A
1076,1221.6781913302839,387.7822975628078,6,1,B,False,False,358.9139653378421,358.9139653378421,1.0,B
1077,1404.7184754163027,47.39004420116544,5,1,B,False,False,431.99692188263475,431.99692188263475,1.0,B
1078,246.0336098447442,525.2234092913568,1,1,A,False,False,-383.9657357513752,383.9657357513752,0.0,A
1079,1333.053795620799,1399.2299688979983,2,1,B,False,False,397.27055295135807,397.27055295135807,1.0,B
1080,1474.8942274600267,19.85161006450653,5,1,B,False,False,482.82645019568065,482.82645019568065,1.0,B
1081,135.59740595519543,1211.6044890135527,2,1,A,False,False,-491.1864440383552,491.1864440383552,0.0,A
1082,1494.4202061742544,496.7430643737316,7,1,B,False,False,830.772753742004,830.772753742004,1.0,B
1083,1161.9896655902267,1372.725896537304,6,1,B,False,False,304.94976595963607,304.94976595963607,1.0,B
1084,274.4152215309441,603.3280100673437,2,1,A,False,False,-315.14754295795757,315.14754295795757,0.0,A
1085,324.28390346467495,1260.4744797572494,2,1,A,False,False,-295.4052646950877,295.4052646950877,0.0,A
1086,917.0429762452841,456.9313796237111,5,1,B,False,False,225.71810332350628,225.71810332350628,1.0,B
1087,42.64602391049266,298.84155141189694,1,1,A,False,False,-547.1290857284489,547.1290857284489,0.0,A
1088,539.5502122119069,1469.6177230216563,6,1,A,False,False,-211.3603510903559,211.3603510903559,0.0,A
1089,1126.6528288833797,758.9413421228528,5,1,B,False,False,231.47761995000897,231.47761995000897,1.0,B
1090,579.360515344888,365.93513656407595,6,1,A,False,False,-105.0369192833091,105.0369192833091,0.0,A
1091,1260.5266221798956,793.7986725009978,4,1,B,False,False,342.09190719244754,342.09190719244754,1.0,B
1092,1012.0345219038427,1075.3751210868359,4,1,B,False,False,199.4703804640386,199.4703804640386,1.0,B
1093,1449.331737589091,402.4271140806377,7,1,B,False,False,543.7285035113409,543.7285035113409,1.0,B
1094,1489.8477103561163,644.3948638625443,6,1,B,False,False,579.2682131576416,579.2682131576416,1.0,B
1095,1253.3383425325155,1470.6470556557178,6,1,B,False,False,326.4707727934763,326.4707727934763,1.0,B
1096,536.5086374804378,1237.5246724113822,5,1,A,True,False,-93.56824126067673,93.56824126067673,0.0,A
1097,782.5598227791488,1086.2989705055952,6,1,B,True,False,49.67289564422614,49.67289564422614,1.0,B
1098,1183.3563577383757,244.85028767958283,3,1,B,False,False,284.1895227740389,284.1895227740389,1.0,B
1099,998.7051249481738,734.2731496319175,4,1,B,False,False,148.18715364542712,148.18715364542712,1.0,B
1100,1155.897990334779,174.65634969994426,7,1,B,False,False,285.8969832434511,285.8969832434511,1.0,B
1101,126.82422576472163,321.13291835412383,1,1,A,False,False,-452.97628367371306,452.97628367371306,0.0,A
1102,1058.1483612768352,1010.3530311025679,7,1,B,False,False,187.4259974978893,187.4259974978893,1.0,B
1103,1055.8681287802756,1450.0894155353308,4,1,B,False,False,182.10802073163924,182.10802073163924,1.0,B
1104,1427.8456214815378,1283.9956562966108,3,1,B,False,False,686.3884844707253,686.3884844707253,1.0,B
1105,1264.105270151049,1396.1781514808536,3,1,B,False,False,352.7013331790183,352.7013331790183,1.0,B
1106,463.0851005204022,227.53099026158452,7,1,A,False,False,-353.7492593701437,353.7492593701437,0.0,A
1107,244.06401347368956,1408.6274793371558,7,1,A,False,False,-351.1124608819935,351.1124608819935,0.0,A
1108,1117.6462923176587,1071.529480163008,4,1,B,False,False,268.49357598384347,268.49357598384347,1.0,B
1109,125.77675469219685,889.7169451229274,1,1,A,False,False,-735.8095165207008,735.8095165207008,0.0,A
1110,329.8374773003161,1432.053979486227,2,1,A,False,False,-315.9477381460703,315.9477381460703,0.0,A
1111,885.4367304593325,917.8772564046085,3,1,B,True,False,22.44880602288388,22.44880602288388,0.8,B
1112,101.14700021222234,109.14686042815447,6,1,A,False,False,-641.7571504528494,641.7571504528494,0.0,A
1113,856.0446104966104,452.89311138913035,3,1,B,False,False,169.21762170518576,169.21762170518576,1.0,B
1114,1139.6066076122224,899.2442423477769,3,1,B,False,False,265.355992657362,265.355992657362,1.0,B
1115,25.55307699367404,487.10710695013404,1,1,A,False,False,-575.3068877413148,575.3068877413148,0.0,A
1116,97.55962248891592,358.47369907423854,5,1,A,False,False,-438.38699124144136,438.38699124144136,0.0,A
1117,1166.4252444170415,930.9004247188568,6,1,B,False,False,276.3357318877289,276.3357318877289,1.0,B
1118,475.27963388711214,858.7831459008157,6,1,A,False,False,-388.7355507811579,388.7355507811579,0.0,A
1119,96.38785338029265,411.38751385733485,5,1,A,False,False,-435.27666560338616,435.27666560338616,0.0,A
1120,310.2547978051007,830.7029656134546,8,1,A,False,False,-507.9728001580684,507.9728001580684,0.0,A
1121,655.4744616150856,1427.934309002012,5,1,A,True,False,-86.00552038798683,86.00552038798683,0.0,A
1122,137.20885617658496,40.63763050362468,7,1,A,False,False,-462.13115603125493,462.13115603125493,0.0,A
1123,414.4664718769491,1143.9991383813322,6,1,A,False,False,-199.92291835991244,199.92291835991244,0.0,A
1124,948.2452939264476,926.6546540893614,3,1,B,True,False,81.9067069103217,81.9067069103217,1.0,B
1125,1229.4469331391156,747.1945476718247,7,1,B,False,False,306.9039681609874,306.9039681609874,1.0,B
1126,1447.0583335496485,709.1064197011292,5,1,B,False,False,468.441227417478,468.441227417478,1.0,B
1127,479.82556745409966,564.0090010128915,6,1,A,False,False,-147.69627805885057,147.69627805885057,0.0,A
1128,1011.1904796212912,365.08433148264885,3,1,B,False,False,189.66127502546163,189.66127502546163,1.0,B
1129,223.59572863206267,1090.5791181139648,2,1,A,False,False,-340.89450804082435,340.89450804082435,0.0,A
1130,705.2618726156652,600.2487083896995,6,1,B,True,False,40.57176595731561,40.57176595731561,0.95,B
1131,233.84992964565754,819.2011616192758,1,1,A,False,False,-551.9575728231572,551.9575728231572,0.0,A
1132,1322.6311742328107,571.8486118130386,1,1,B,False,False,624.4734950708112,624.4734950708112,1.0,B
1133,1115.7524697482586,1205.747487489134,4,1,B,False,False,475.8719318728694,475.8719318728694,1.0,B
1134,184.32199442759156,27.108780574053526,5,1,A,False,False,-411.00792219381384,411.00792219381384,0.0,A
1135,248.13006073236465,872.0248597674072,7,1,A,False,False,-621.5701301506951,621.5701301506951,0.0,A
1136,482.7595576643944,617.3644596710801,6,1,A,False,False,-145.7907934943472,145.7907934943472,0.0,A
1137,38.053231313824654,247.193303424865,8,1,A,False,False,-677.1000823827292,677.1000823827292,0.0,A
1138,468.30482175573707,200.749640353024,3,1,A,False,False,-386.9006708198947,386.9006708198947,0.0,A
1139,1143.017343711108,1114.1853919252753,4,1,B,False,False,340.16935480588234,340.16935480588234,1.0,B
1140,1281.9852218963206,290.7998263835907,3,1,B,False,False,345.2728685108757,345.2728685108757,1.0,B
1141,1313.5545230470598,645.0958731584251,3,1,B,False,False,449.97457361366315,449.97457361366315,1.0,B
1142,1428.318993654102,78.55270709842443,6,1,B,False,False,464.3189278811869,464.3189278811869,1.0,B
1143,997.6424882188439,16.81750500574708,3,1,B,False,False,157.17162871395823,157.17162871395823,1.0,B
1144,1354.7875578515232,273.97410152480006,3,1,B,False,False,405.958222966927,405.958222966927,1.0,B
1145,437.097794841975,1240.0565366260707,7,1,A,False,False,-191.98518710626524,191.98518710626524,0.0,A
1146,569.7637223638594,929.7077832743526,5,1,A,False,False,-255.0433878855469,255.0433878855469,0.0,A
1147,1436.790097039193,1438.9571668580174,3,1,B,False,False,453.8477018763352,453.8477018763352,1.0,B
1148,570.2344067394733,860.9567731618881,6,1,A,False,False,-296.1109896968425,296.1109896968425,0.0,A
1149,17.853244207799435,10.960852727293968,5,1,A,False,False,-507.4780856100404,507.4780856100404,0.0,A
1150,867.6884290762246,418.3712205849588,7,1,B,False,False,140.19060053075282,140.19060053075282,1.0,B
1151,714.4022877328098,700.6426113657653,6,1,A,True,False,-24.69131331736178,24.69131331736178,0.2,A
1152,382.2891474701464,286.10653057694435,1,1,A,False,False,-320.94862162085116,320.94862162085116,0.0,A
1153,1132.1138637140393,171.2819617241621,3,1,B,False,False,262.0115196392866,262.0115196392866,1.0,B
1154,61.74292182549834,912.4642093665898,2,1,A,False,False,-755.2504717604626,755.2504717604626,0.0,A
1155,1274.0336707793176,1481.351276859641,6,1,B,False,False,346.27730889884884,346.27730889884884,1.0,B
1156,548.8156867213547,730.0721467472613,5,1,A,False,False,-161.77386297451477,161.77386297451477,0.0,A
1157,401.23831015080214,1117.5397904589772,6,1,A,False,False,-209.95171271754694,209.95171271754694,0.0,A
1158,325.9623572230339,1498.5627913847566,5,1,A,False,False,-426.95253204424864,426.95253204424864,0.0,A
1159,164.34792196378112,1496.6519689187407,2,1,A,False,False,-555.6619812256916,555.6619812256916,0.0,A
1160,979.0673456154764,837.8905928693712,3,1,B,False,False,109.09511764357651,109.09511764357651,1.0,B
1161,1131.5273945219815,872.736481949687,3,1,B,False,False,261.4895617815259,261.4895617815259,1.0,B
1162,332.77510246261954,1037.4945346266031,2,1,A,False,False,-294.0113753885877,294.0113753885877,0.0,A
1163,632.388103287667,1012.3309465125203,5,1,A,False,False,-110.41658032578358,110.41658032578358,0.0,A
1164,857.8145443461835,1470.2832601033151,7,1,B,True,False,27.942677170304,27.942677170304,0.8,A
1165,516.0048119723797,0.8772737346589565,2,1,A,False,False,-159.85241867352192,159.85241867352192,0.0,A
1166,227.30217268690467,590.1681650429964,6,1,A,False,False,-363.2592053979835,363.2592053979835,0.0,A
1167,478.8644928485155,1180.7883521541953,1,1,A,False,False,-148.13652181869313,148.13652181869313,0.0,A
1168,493.89307759702206,979.1607982479036,6,1,A,False,False,-247.39687519612096,247.39687519612096,0.0,A
1169,350.87035596370697,1023.8438551314175,1,1,A,False,False,-294.87156550655953,294.87156550655953,0.0,A
1170,166.9369675219059,1308.8413900695741,6,1,A,False,False,-398.9996515923684,398.9996515923684,0.0,A
1171,849.0966497920454,874.8750952072442,2,1,A,True,False,-20.90325954865251,20.90325954865251,0.2,A
1172,703.7212257273495,1335.847657173872,3,1,B,True,True,14.146782904288917,14.146782904288917,0.6,B
1173,940.6551048159599,1165.8119866624475,5,1,B,False,False,258.1755524323999,258.1755524323999,1.0,B
1174,887.4865709803998,438.99662839248776,4,1,B,False,False,178.66253712533577,178.66253712533577,1.0,B
1175,62.38082516938448,1174.7554340399802,4,1,A,False,False,-524.6739441115549,524.6739441115549,0.0,A
1176,1372.389065567404,917.2825017012656,4,1,B,False,False,474.5400151812895,474.5400151812895,1.0,B
1177,986.6028637625277,725.3900240175426,8,1,B,False,False,144.52945863573572,144.52945863573572,1.0,B
1178,896.9504423439503,577.2244390100241,4,1,B,False,False,228.39827137961586,228.39827137961586,1.0,B
1179,991.174376104027,392.2524796798825,5,1,B,False,False,201.8928661378068,201.8928661378068,1.0,B
1180,1330.7797741144896,796.5811961330473,7,1,B,False,False,401.3972560487168,401.3972560487168,1.0,B
1181,575.9294629096985,1422.6687317714095,6,1,A,False,False,-136.43787951799243,136.43787951799243,0.0,A
1182,1419.1259876824915,896.658627782017,4,1,B,False,False,539.8235546940998,539.8235546940998,1.0,B
1183,457.02671399340034,216.03642543777823,5,1,A,False,False,-377.52539873969613,377.52539873969613,0.0,A
1184,1113.2879848591983,161.4371663890779,3,1,B,False,False,242.1136510694935,242.1136510694935,1.0,B
1185,462.7481200732291,613.5303368791938,5,1,A,False,False,-161.09656976235468,161.09656976235468,0.0,A
1186,798.674002289772,787.8247392363846,5,1,A,True,False,-29.009022513871397,29.009022513871397,0.2,A
1187,1104.485965333879,101.5580054372549,6,1,B,False,False,216.71580300470774,216.71580300470774,1.0,B
1188,346.22565982863307,104.202501475811,7,1,A,False,False,-421.5568181223569,421.5568181223569,0.0,A
1189,29.13221949711442,48.14887326210737,1,1,A,False,False,-551.2799526403217,551.2799526403217,0.0,A
1190,1484.622286632657,1347.6041522808373,3,1,B,False,False,569.1255541655474,569.1255541655474,1.0,B
1191,708.6243219673634,660.6675116345286,5,1,B,True,True,0.08116957854834227,0.08116957854834227,0.6,A
1192,1100.2258071675897,1222.1570243127644,5,1,B,False,False,470.00926306563366,470.00926306563366,1.0,B
1193,1351.5611747279763,638.102606870234,4,1,B,False,False,490.4809372711333,490.4809372711333,1.0,B
1194,1429.3795516714454,989.7034694440663,6,1,B,False,False,453.7609842758552,453.7609842758552,1.0,B
1195,118.87974897399545,497.4547787569463,5,1,A,False,False,-497.76530438761716,497.76530438761716,0.0,A
1196,1160.5290351435542,1065.0549726560712,8,1,B,False,False,291.74284835026054,291.74284835026054,1.0,B
1197,408.43695122748613,146.4461493305862,2,1,A,False,False,-441.481290756221,441.481290756221,0.0,A
1198,585.3433376178145,1215.2311597019434,1,1,A,True,False,-44.91830020401845,44.91830020401845,0.0,A
1199,1214.5654088817537,147.16857578605413,4,1,B,False,False,336.5619590079556,336.5619590079556,1.0,B
1200,1323.501869570464,1174.002324230969,6,1,B,False,False,615.0230201337214,615.0230201337214,1.0,B
1201,859.8068584688008,131.07092399150133,3,1,A,True,True,-0.9099049546704432,0.9099049546704432,0.55,B
1202,1216.1757233552635,1276.7719868570566,4,1,B,False,False,516.4294839835954,516.4294839835954,1.0,B
1203,491.77489522844553,436.98380375280976,2,1,A,False,False,-138.00256370541925,138.00256370541925,0.0,A
1204,1497.3177798092365,1193.8090324401855,7,1,B,False,False,826.8005107920711,826.8005107920711,1.0,B
1205,147.30567997321486,980.1918296143413,8,1,A,False,False,-507.15927419469807,507.15927419469807,0.0,A
1206,1068.6156288720667,1021.8374873511493,4,1,B,False,False,199.7452795498921,199.7452795498921,1.0,B
1207,1480.2281758747995,1242.6202618516982,3,1,B,False,False,836.7746809562035,836.7746809562035,1.0,B
1208,949.2472289130092,675.926998257637,4,1,B,False,False,154.99513969435463,154.99513969435463,1.0,B
1209,1146.319474093616,778.5202232189476,4,1,B,False,False,246.28417974804057,246.28417974804057,1.0,B
1210,1305.5936344899237,1354.206393007189,8,1,B,False,False,429.4655770554499,429.4655770554499,1.0,B
1211,632.924166508019,805.0680882297456,5,1,A,False,False,-181.02258649412929,181.02258649412929,0.0,A
1212,662.6554909162223,663.8154275715351,6,1,A,True,False,-34.325505676821365,34.325505676821365,0.2,A
1213,784.7103257663548,202.3859708569944,7,1,A,True,False,-79.01319592470679,79.01319592470679,0.0,A
1214,149.27500812336802,85.27562906965613,6,1,A,False,False,-540.0961272734306,540.0961272734306,0.0,A
1215,1364.116224925965,928.8613717071712,4,1,B,False,False,454.1262291224043,454.1262291224043,1.0,B
1216,242.40844789892435,1269.8381105437875,6,1,A,False,False,-365.9446848711833,365.9446848711833,0.0,A
1217,173.57918294146657,251.30222830921412,2,1,A,False,False,-553.1588639078632,553.1588639078632,0.0,A
1218,1384.6740550361574,1261.2498393282294,4,1,B,False,False,707.6069231445371,707.6069231445371,1.0,B
1219,980.2476251497865,624.7238083742559,8,1,B,False,False,233.7161473033715,233.7161473033715,1.0,B
1220,707.3153955861926,1437.294065952301,3,1,A,True,False,-57.55872583453171,57.55872583453171,0.0,A
1221,1125.9668064303696,154.76772235706449,5,1,B,False,False,253.19371407251847,253.19371407251847,1.0,B
1222,1401.276153512299,1096.5740634128451,3,1,B,False,False,498.8558686585409,498.8558686585409,1.0,B
1223,337.0155212469399,481.27539502456784,1,1,A,False,False,-279.33307171004117,279.33307171004117,0.0,A
1224,952.5862340815365,830.9064684435725,5,1,B,True,False,84.83870978365447,84.83870978365447,1.0,B
1225,1425.8551611565053,587.9150689579546,7,1,B,False,False,673.3561973542387,673.3561973542387,1.0,B
1226,5.355684086680412,862.3665841296315,6,1,A,False,False,-857.5278497705611,857.5278497705611,0.0,A
1227,121.22173653915524,727.8883117251098,2,1,A,False,False,-455.60741601737635,455.60741601737635,0.0,A
1228,1245.653816498816,1417.494900058955,3,1,B,False,False,326.61916088209875,326.61916088209875,1.0,B
1229,1027.295202948153,1048.0825896374881,5,1,B,False,False,187.27731803709923,187.27731803709923,1.0,B
1230,867.1065866947174,578.7610905244946,5,1,B,False,False,199.83182429643497,199.83182429643497,1.0,B
1231,937.9233447834849,690.1151896454394,6,1,B,False,False,135.38062769352706,135.38062769352706,1.0,B
1232,942.4996138550341,202.66310591250658,6,1,B,True,False,73.64341494762535,73.64341494762535,1.0,B
1233,1372.775481082499,1104.5194398611784,8,1,B,False,False,492.2360481593645,492.2360481593645,1.0,B
1234,1227.05032909289,51.84401711449027,7,1,B,False,False,304.8990646971545,304.8990646971545,1.0,B
1235,279.77346209809184,912.0075535029173,2,1,A,False,False,-550.68329693111,550.68329693111,0.0,A
1236,113.09491423889995,330.8088183403015,6,1,A,False,False,-450.90742612742866,450.90742612742866,0.0,A
1237,1235.9629212878644,266.88053319230676,7,1,B,False,False,317.26009257383186,317.26009257383186,1.0,B
1238,217.68314950168133,1101.163316052407,8,1,A,False,False,-344.6831445450277,344.6831445450277,0.0,A
1239,582.1143742650747,575.42825024575,5,1,A,True,False,-54.252160998238764,54.252160998238764,0.0,A
1240,1030.413602013141,1090.147010050714,6,1,B,False,False,227.29875470611128,227.29875470611128,1.0,B
1241,72.14523106813431,1374.3851096369326,2,1,A,False,False,-448.90047690843403,448.90047690843403,0.0,A
1242,623.5916018486023,1140.5984368175268,6,1,A,True,False,-31.531309977966746,31.531309977966746,0.15,A
1243,1038.7117085047066,38.71185192838311,8,1,B,False,False,174.14227615371726,174.14227615371726,1.0,B
1244,230.29368091374636,1223.7583240494132,8,1,A,False,False,-399.6849741330207,399.6849741330207,0.0,A
1245,234.10763125866652,981.5974049270153,1,1,A,False,False,-439.1021225124129,439.1021225124129,0.0,A
1246,676.176190841943,1384.138341061771,2,1,A,True,False,-38.85420578014019,38.85420578014019,0.0,B
1247,689.5057777874172,228.12261432409286,6,1,A,False,False,-149.80333652608303,149.80333652608303,0.0,A
1248,315.3256634250283,578.3001501113176,6,1,A,False,False,-293.98686416533667,293.98686416533667,0.0,A
1249,1174.5750806294382,419.79829547926784,8,1,B,False,False,372.9275824316527,372.9275824316527,1.0,B
1250,1192.4953116104007,1058.962646406144,4,1,B,False,False,308.16335905230255,308.16335905230255,1.0,B
1251,218.34611892700195,1465.1900958269835,7,1,A,False,False,-444.89950544220204,444.89950544220204,0.0,A
1252,1184.7384553402662,746.1297595873475,6,1,B,False,False,275.17409263089075,275.17409263089075,1.0,B
1253,81.16128388792276,1179.3537782505155,1,1,A,False,False,-513.4982969399039,513.4982969399039,0.0,A
1254,81.95459749549627,1260.6088346801698,1,1,A,False,False,-524.8774285993458,524.8774285993458,0.0,A
1255,978.003844153136,1128.6284923553467,6,1,B,False,False,236.51685433805113,236.51685433805113,1.0,B
1256,700.9943132288754,71.66618574410677,1,1,A,True,False,-91.64475910592259,91.64475910592259,0.0,A
1257,1229.4696173630655,969.9901328422129,7,1,B,False,False,311.0561171222333,311.0561171222333,1.0,B
1258,674.2053665220737,130.24779735133052,5,1,A,False,False,-171.64300551888675,171.64300551888675,0.0,A
1259,814.0324526466429,1090.2360077016056,5,1,B,True,False,74.97454091606036,74.97454091606036,1.0,B
1260,982.221036683768,1462.727636564523,4,1,B,False,False,124.32668034374224,124.32668034374224,1.0,B
1261,1024.540275335312,850.121570751071,8,1,B,False,False,153.22109544293832,153.22109544293832,1.0,B
1262,1023.4727379865944,627.4353344924748,6,1,B,False,False,262.9422875323828,262.9422875323828,1.0,B
1263,840.9423264674842,607.7485741116107,6,1,B,False,False,144.95258809771568,144.95258809771568,1.0,A
1264,842.5538185983896,1028.6924550309777,6,1,B,True,False,47.9192012532264,47.9192012532264,1.0,A
1265,318.7923403456807,770.7711956463754,5,1,A,False,False,-379.60424455676514,379.60424455676514,0.0,A
1266,691.8413476087153,174.90956699475646,8,1,A,False,False,-178.15854476167948,178.15854476167948,0.0,A
1267,519.3070457316935,344.96549516916275,5,1,A,False,False,-160.73647283731304,160.73647283731304,0.0,A
1268,933.2338180392981,160.5125949718058,5,1,B,True,False,63.629336571813084,63.629336571813084,1.0,B
1269,490.3782829642296,336.14593371748924,2,1,A,False,False,-187.5460413497389,187.5460413497389,0.0,A
1270,483.7272805161774,1467.0412559062243,2,1,A,False,False,-249.90856866754962,249.90856866754962,0.0,A
1271,894.7980855591595,1174.879394005984,6,1,B,False,False,228.98377858627165,228.98377858627165,1.0,B
1272,194.1702989861369,381.4152111299336,2,1,A,False,False,-363.0890933226196,363.0890933226196,0.0,A
1273,274.34648713096976,1107.2648651897907,6,1,A,False,False,-303.89812287757195,303.89812287757195,0.0,A
1274,31.75703762099147,1299.1704242303967,8,1,A,False,False,-519.4216954728101,519.4216954728101,0.0,A
1275,44.36782468110323,422.43944155052304,2,1,A,False,False,-480.5555027311243,480.5555027311243,0.0,A
1276,1415.5690572224557,494.9248214252293,3,1,B,False,False,750.8586017925743,750.8586017925743,1.0,B
1277,1317.7644666284323,335.6610182672739,6,1,B,False,False,377.4928117531026,377.4928117531026,1.0,B
1278,616.5303862653673,624.8400458134711,1,1,A,True,False,-44.7805718040355,44.7805718040355,0.0,A
1279,155.11072939261794,895.9375256672502,7,1,A,False,False,-698.767794863893,698.767794863893,0.0,A
1280,1188.0360622890294,153.36804231628776,5,1,B,False,False,313.5901284853923,313.5901284853923,1.0,B
1281,838.2633933797479,393.3898299001157,5,1,B,True,False,94.79772222695884,94.79772222695884,1.0,B
1282,187.70908378064632,1334.702595602721,5,1,A,False,False,-369.09823544722906,369.09823544722906,0.0,A
1283,695.6093120388687,414.83211424201727,5,1,B,True,True,8.597649123195184,8.597649123195184,0.6,A
1284,1497.7606418542564,997.9792675003409,4,1,B,False,False,500.00365055147455,500.00365055147455,1.0,B
1285,1241.5067846886814,1110.1155602373183,4,1,B,False,False,406.2624995555014,406.2624995555014,1.0,B
1286,1489.047311246395,258.4451800212264,4,1,B,False,False,525.0798871770347,525.0798871770347,1.0,B
1287,466.2976269610226,468.26010290533304,7,1,A,False,False,-158.41526986213142,158.41526986213142,0.0,A
1288,1225.9157337248325,1387.035337742418,3,1,B,False,False,334.49892601749985,334.49892601749985,1.0,B
1289,5.72448642924428,239.12444338202477,2,1,A,False,False,-728.8997493199522,728.8997493199522,0.0,A
1290,518.6124457977712,1492.3836146481335,1,1,A,False,False,-258.6646316320915,258.6646316320915,0.0,A
1291,668.8707992434502,894.3109838292003,3,1,A,False,False,-195.9780901134151,195.9780901134151,0.0,A
1292,315.18357899039984,872.8046729229391,1,1,A,False,False,-554.6682171402642,554.6682171402642,0.0,A
1293,949.7187458910048,109.66896917670965,6,1,B,True,False,85.69835743170724,85.69835743170724,1.0,B
1294,360.5056875385344,672.9833646677434,1,1,A,False,False,-249.29090679593486,249.29090679593486,0.0,A
1295,891.0587257705629,864.7816786542535,6,1,B,True,True,21.458946076914753,21.458946076914753,0.75,A
1296,1310.7124445959926,515.1259023696184,4,1,B,False,False,677.1707788794905,677.1707788794905,1.0,B
1297,257.09487358108163,1175.272801425308,4,1,A,False,False,-348.80091252960364,348.80091252960364,0.0,A
1298,680.9755372814834,242.75323748588562,2,1,A,False,False,-142.65874987603502,142.65874987603502,0.0,A
1299,1251.2398366816342,1445.6584369763732,6,1,B,False,False,322.56258511340513,322.56258511340513,1.0,B
1300,1222.6554108783603,335.22682590410113,8,1,B,False,False,312.2621359167153,312.2621359167153,1.0,B
1301,1398.6054891720414,1058.5058955475688,3,1,B,False,False,448.2298891289616,448.2298891289616,1.0,B
1302,610.0025754421949,784.1501785442233,8,1,A,False,False,-174.89725466559852,174.89725466559852,0.0,A
1303,1301.4524169266224,622.585385106504,4,1,B,False,False,484.0794723717774,484.0794723717774,1.0,B
1304,1114.2807975411415,857.0323116146028,5,1,B,False,False,242.24128550540573,242.24128550540573,1.0,B
1305,373.05415654554963,916.3082744926214,6,1,A,False,False,-455.340140455203,455.340140455203,0.0,A
1306,1108.3977799862623,24.2146672680974,3,1,B,False,False,229.12133626244108,229.12133626244108,1.0,B
1307,393.2314971461892,432.27033969014883,4,1,A,False,False,-215.87677464652316,215.87677464652316,0.0,A
1308,444.4177122786641,979.8434819094837,1,1,A,False,False,-283.7888214874363,283.7888214874363,0.0,A
1309,643.4328826144338,1273.832390550524,6,1,B,True,True,1.8997743043119582,1.8997743043119582,0.5,A
1310,787.089076358825,1146.690895780921,5,1,B,False,False,105.57442737860674,105.57442737860674,1.0,B
1311,700.0376894138753,1315.6142360530794,6,1,B,True,False,25.58245896629945,25.58245896629945,0.8,B
1312,1101.0469808243215,769.4814749993384,4,1,B,False,False,211.51677399264645,211.51677399264645,1.0,B
1313,1147.9480653069913,884.5894793048501,8,1,B,False,False,277.20641322547857,277.20641322547857,1.0,B
1314,526.9684824161232,1276.8895723856986,1,1,A,False,False,-104.25644516983972,104.25644516983972,0.0,A
1315,505.2979364991188,1314.7368715144694,5,1,A,False,False,-127.59757344716988,127.59757344716988,0.0,A
1316,796.397496946156,410.0294541567564,4,1,B,True,False,79.28225174003276,79.28225174003276,1.0,B
1317,1424.083379097283,751.2589045800269,3,1,B,False,False,446.6953548044569,446.6953548044569,1.0,B
1318,1366.3365058600903,417.7764658816159,3,1,B,False,False,513.192463845306,513.192463845306,1.0,B
1319,465.98622389137745,1429.877020418644,6,1,A,False,False,-219.04231264986998,219.04231264986998,0.0,A
1320,582.2743931785226,1079.4573845341802,2,1,A,True,False,-94.53063806215197,94.53063806215197,0.0,A
1321,0.10780943557620049,1278.0449353158474,5,1,A,False,False,-576.779124202805,576.779124202805,0.0,A
1322,16.36524824425578,1372.5439701229334,8,1,A,False,False,-487.083825169253,487.083825169253,0.0,A
1323,1200.1536176539958,353.2287832349539,4,1,B,False,False,308.71335067529986,308.71335067529986,1.0,B
1324,895.4851808957756,488.8003170490265,3,1,B,False,False,245.1194529662133,245.1194529662133,1.0,B
1325,1177.2153130732477,273.0824835598469,3,1,B,False,False,269.8700140474252,269.8700140474252,1.0,B
1326,223.16100960597396,480.5844300426543,1,1,A,False,False,-384.0303798736168,384.0303798736168,0.0,A
1327,756.7350072786212,498.86250402778387,5,1,B,False,False,119.7507842631072,119.7507842631072,1.0,B
1328,484.01005659252405,911.4120835438371,7,1,A,False,False,-358.7909239833712,358.7909239833712,0.0,A
1329,1124.6783486567438,503.4538060426712,4,1,B,False,False,482.2166696393407,482.2166696393407,1.0,B
1330,418.83856896311045,239.4943214021623,1,1,A,False,False,-371.846547791464,371.846547791464,0.0,A
1331,1377.7633868157864,385.638227686286,6,1,B,False,False,465.32025577137443,465.32025577137443,1.0,B
1332,784.9467792548239,1246.8876633793116,4,1,B,False,False,149.3723822962593,149.3723822962593,1.0,B
1333,200.46618254855275,1069.7448486462235,5,1,A,False,False,-362.53898416955406,362.53898416955406,0.0,A
1334,14.419492799788713,418.52814238518476,8,1,A,False,False,-500.3025071333417,500.3025071333417,0.0,A
1335,866.0383424721658,171.5772938914597,4,1,A,True,True,-3.9028953434529043,3.9028953434529043,0.6,A
1336,1347.327039577067,487.93094884604216,5,1,B,False,False,670.4629798721056,670.4629798721056,1.0,B
1337,213.5841166600585,1023.0639302171767,7,1,A,False,False,-390.57752128063765,390.57752128063765,0.0,A
1338,1412.395626772195,1355.142611078918,6,1,B,False,False,503.90112921680947,503.90112921680947,1.0,B
1339,888.5120702907443,292.6984881050885,6,1,B,True,False,57.97402813688659,57.97402813688659,1.0,B
1340,745.5262639559805,439.5340634509921,6,1,B,True,False,65.6065932678276,65.6065932678276,1.0,B
1341,403.0630881898105,774.9852337874472,5,1,A,False,False,-322.5789551632653,322.5789551632653,0.0,A
1342,805.4623617790639,933.1979979760945,5,1,A,True,False,-42.750820913078684,42.750820913078684,0.05,A
1343,943.36421135813,1343.2180755771697,6,1,B,False,False,183.52936357961548,183.52936357961548,1.0,B
1344,342.07728831097484,1129.7725229524076,6,1,A,False,False,-255.4501361475976,255.4501361475976,0.0,A
1345,189.82477532699704,1403.6465459503233,6,1,A,False,False,-383.9172392408235,383.9172392408235,0.0,A
1346,911.290735937655,195.7570449449122,5,1,B,True,False,42.52923196089312,42.52923196089312,0.95,B
1347,66.3713738322258,539.480279199779,7,1,A,False,False,-559.2177137266677,559.2177137266677,0.0,A
1348,1464.6907215937972,692.6219165325165,3,1,B,False,False,492.24730322038425,492.24730322038425,1.0,B
1349,167.53847943618894,447.44584383443,1,1,A,False,False,-403.49119321365794,403.49119321365794,0.0,A
1350,394.6806136518717,1197.0400996506214,2,1,A,False,False,-230.9586018313605,230.9586018313605,0.0,A
1351,286.9334500283003,1315.9842900931835,2,1,A,False,False,-299.60755941119805,299.60755941119805,0.0,A
1352,991.9533706270158,1272.1829270012677,6,1,B,False,False,321.28166526681355,321.28166526681355,1.0,B
1353,635.8591094613075,1195.730339270085,3,1,B,True,True,1.677063439299057,1.677063439299057,0.5,B
1354,637.7260596491396,237.0106573216617,6,1,A,False,False,-186.1336449624296,186.1336449624296,0.0,A
1355,828.2094849273562,1385.6464507989585,5,1,B,True,False,63.986837159001624,63.986837159001624,1.0,B
1356,1107.0016887970269,1404.7918701544404,3,1,B,False,False,239.50692568194975,239.50692568194975,1.0,B
1357,1218.7667093239725,1438.6800318025053,4,1,B,False,False,300.65865275857107,300.65865275857107,1.0,B
1358,136.18559762835503,331.07653772458434,5,1,A,False,False,-434.7809231236931,434.7809231236931,0.0,A
1359,800.4645346663892,230.76510289683938,6,1,A,True,False,-48.693195773209766,48.693195773209766,0.0,A
1360,630.5375564843416,824.9121489934623,2,1,A,False,False,-206.07671662620325,206.07671662620325,0.0,A
1361,860.3721493855119,1125.4625916481018,4,1,B,False,False,142.14637721835203,142.14637721835203,1.0,B
1362,518.8348554074764,615.7886702567339,2,1,A,False,False,-117.1561331995516,117.1561331995516,0.0,A
1363,746.1893674917519,63.77002643421292,1,1,A,True,False,-51.00709200044328,51.00709200044328,0.0,A
1364,203.76397110521793,1241.72875424847,1,1,A,False,False,-422.1414554714261,422.1414554714261,0.0,A
1365,1309.211103245616,451.8642062321305,8,1,B,False,False,546.715434545121,546.715434545121,1.0,B
1366,792.623104993254,488.02622593939304,3,1,B,False,False,147.26937000427037,147.26937000427037,1.0,B
1367,621.93574430421,1222.0427705906332,2,1,A,True,True,-8.103217819215521,8.103217819215521,0.4,A
1368,906.9587644189596,1138.805564492941,7,1,B,False,False,193.9921464125094,193.9921464125094,1.0,B
1369,1262.1102067641914,17.320706974714994,6,1,B,False,False,337.97284813260137,337.97284813260137,1.0,B
1370,220.0158373452723,699.0999332629144,2,1,A,False,False,-359.94004800327275,359.94004800327275,0.0,A
1371,1138.9949270524085,1061.674150172621,6,1,B,False,False,274.0123705771758,274.0123705771758,1.0,B
1372,1054.6728260815144,1199.5661091059446,8,1,B,False,False,409.5659939035056,409.5659939035056,1.0,B
1373,150.08062357082963,59.226611629128456,1,1,A,False,False,-484.2199968477217,484.2199968477217,0.0,A
1374,641.0357882268727,337.32404094189405,2,1,A,True,False,-83.69745334922895,83.69745334922895,0.0,A
1375,484.19356159865856,994.0782263875008,7,1,A,False,False,-235.24294384954857,235.24294384954857,0.0,A
1376,980.0280737690628,229.87715061753988,6,1,B,False,False,110.75388111704669,110.75388111704669,1.0,B
1377,301.53110856190324,961.6960007697344,8,1,A,False,False,-425.89095808321787,425.89095808321787,0.0,A
1378,1485.439097508788,348.0218527838588,4,1,B,False,False,498.97445842398207,498.97445842398207,1.0,B
1379,675.5323950201273,1124.9570148065686,7,1,B,True,True,0.240888614077221,0.240888614077221,0.55,A
1380,787.7463237382472,1299.7204405255616,4,1,B,False,False,109.48440290341301,109.48440290341301,1.0,B
1381,41.35467577725649,194.2472504451871,6,1,A,False,False,-813.0389541891451,813.0389541891451,0.0,A
1382,1390.714758541435,1042.9317788220942,8,1,B,False,False,431.2220364205626,431.2220364205626,1.0,B
1383,1361.8589448742568,185.25375332683325,3,1,B,False,False,489.9718160168011,489.9718160168011,1.0,B
1384,1392.112453468144,355.25677632540464,3,1,B,False,False,440.99834129526033,440.99834129526033,1.0,B
1385,921.4379279874265,727.0420705899596,5,1,B,True,False,98.56099139578521,98.56099139578521,1.0,B
1386,393.06339947506785,25.72131296619773,7,1,A,False,False,-265.2943186014001,265.2943186014001,0.0,A
1387,457.63119170442224,1067.447253037244,1,1,A,False,False,-187.417597107171,187.417597107171,0.0,A
1388,253.6639105528593,24.418167304247618,7,1,A,False,False,-360.05195953358447,360.05195953358447,0.0,A
1389,299.50718488544226,670.4298360273242,2,1,A,False,False,-290.51010494924225,290.51010494924225,0.0,A
1390,558.8990128599107,883.078167680651,2,1,A,False,False,-309.8437622809949,309.8437622809949,0.0,A
1391,1184.8068768158555,968.8116079196334,4,1,B,False,False,276.64776357592524,276.64776357592524,1.0,B
1392,6.385514046996832,438.88402730226517,8,1,A,False,False,-525.636751649394,525.636751649394,0.0,A
1393,1123.877418693155,1112.0244255289435,3,1,B,False,False,322.7024614892622,322.7024614892622,1.0,B
1394,731.0528629459441,1439.8012510500848,5,1,A,True,False,-42.87531408208755,42.87531408208755,0.05,A
1395,349.0030034445226,836.1043073236942,1,1,A,False,False,-482.07518247164666,482.07518247164666,0.0,A
1396,389.4328437745571,1058.1628968939185,8,1,A,False,False,-239.692852074117,239.692852074117,0.0,A
1397,461.58030861988664,753.3103376626968,7,1,A,False,False,-248.40158249458597,248.40158249458597,0.0,A
1398,895.2261102385819,745.006778743118,4,1,B,True,False,69.66947297366995,69.66947297366995,1.0,B
1399,554.5048210769892,980.5547338910401,2,1,A,False,False,-199.8878524613687,199.8878524613687,0.0,A
1400,788.5861317627132,1273.1264876201749,4,1,B,False,False,134.5172393680081,134.5172393680081,1.0,B
1401,836.725044529885,553.8471098989248,4,1,B,False,False,195.42861886336163,195.42861886336163,1.0,B
1402,856.8291761912405,803.6451051011682,6,1,B,True,True,8.923390320317269,8.923390320317269,0.6,A
1403,542.2192336991429,866.797006689012,5,1,A,False,False,-326.43249668939467,326.43249668939467,0.0,A
1404,563.3849613368511,398.25225016102195,5,1,A,True,False,-97.42635909786262,97.42635909786262,0.0,A
1405,130.8307657018304,1159.0817696414888,6,1,A,False,False,-445.37520380918625,445.37520380918625,0.0,A
1406,416.5961444377899,1049.9476958066225,4,1,A,False,False,-226.88137471368827,226.88137471368827,0.0,A
1407,290.88458558544517,1079.7966993413866,1,1,A,False,False,-296.41048472956516,296.41048472956516,0.0,A
1408,363.1423548795283,1157.1696843020618,1,1,A,False,False,-245.5655505890571,245.5655505890571,0.0,A
1409,1413.067335728556,1459.8314235918224,4,1,B,False,False,441.58275765135306,441.58275765135306,1.0,B
1410,288.5744799859822,1106.6680010408163,5,1,A,False,False,-293.51556161121994,293.51556161121994,0.0,A
1411,923.9997239783406,149.0216958336532,3,1,B,True,False,55.55253825231353,55.55253825231353,1.0,B
1412,1440.1473705656826,42.61462111026049,5,1,B,False,False,456.5019873967783,456.5019873967783,1.0,B
1413,778.2481424510479,1322.4809314124286,4,1,B,True,False,81.05584667693894,81.05584667693894,1.0,B
1414,400.17444686964154,1132.053163368255,6,1,A,False,False,-210.4366375473893,210.4366375473893,0.0,A
1415,365.7985031604767,700.2784553915262,1,1,A,False,False,-261.6094963365551,261.6094963365551,0.0,A
1416,859.3467073515058,701.3542335480452,5,1,B,True,False,73.40835574121793,73.40835574121793,1.0,B
1417,1322.890420909971,1255.3458935581148,3,1,B,False,False,661.2628367463928,661.2628367463928,1.0,B
1418,158.34309440106153,25.401676073670387,2,1,A,False,False,-426.90735859609464,426.90735859609464,0.0,A
1419,1437.2181217186153,387.87273969501257,2,1,B,False,False,510.26557351465686,510.26557351465686,1.0,B
1420,521.4346325956285,428.23009053245187,5,1,A,False,False,-116.67669041230175,116.67669041230175,0.0,A
1421,133.49969778209925,1013.292582705617,7,1,A,False,False,-458.9641720258395,458.9641720258395,0.0,A
1422,1305.8161083608866,1000.3920737653971,3,1,B,False,False,361.4835201616583,361.4835201616583,1.0,B
1423,122.84249207004905,1463.1210551597178,6,1,A,False,False,-511.7888341501993,511.7888341501993,0.0,A
1424,39.77600997313857,1188.1590345874429,5,1,A,False,False,-563.2719411964216,563.2719411964216,0.0,A
1425,1454.437202308327,421.01204954087734,5,1,B,False,False,586.6056962655332,586.6056962655332,1.0,B
1426,352.4025734513998,1270.6380486488342,5,1,A,False,False,-264.23712963496604,264.23712963496604,0.0,A
1427,296.6990196146071,1430.4717360064387,2,1,A,False,False,-337.1450009387871,337.1450009387871,0.0,A
1428,1308.5880316793919,489.1698374412954,6,1,B,False,False,636.5518893723604,636.5518893723604,1.0,B
1429,241.15145159885287,203.50772654637694,7,1,A,False,False,-602.93718861662,602.93718861662,0.0,A
1430,1206.0511009767652,1203.311593271792,7,1,B,False,False,561.7200591607314,561.7200591607314,1.0,B
1431,825.4010709933937,516.2164424546063,4,1,B,False,False,194.33029921382618,194.33029921382618,1.0,B
1432,532.0310764946043,819.7050397284329,6,1,A,False,False,-287.8347547943544,287.8347547943544,0.0,A
1433,508.237031288445,967.3016373999417,1,1,A,False,False,-252.89742262885608,252.89742262885608,0.0,A
1434,1189.7201682440937,600.0012578442693,5,1,B,False,False,442.92413257922243,442.92413257922243,1.0,B
1435,495.6845040433109,35.405277740210295,1,1,A,False,False,-203.96486496020464,203.96486496020464,0.0,A
1436,328.02323810756207,504.0370370261371,1,1,A,False,False,-298.1043636773051,298.1043636773051,0.0,A
1437,1440.4364596121013,252.22856411710382,6,1,B,False,False,492.70595182541285,492.70595182541285,1.0,B
1438,368.80575120449066,180.12449657544494,8,1,A,False,False,-500.4539113336858,500.4539113336858,0.0,A
1439,1329.4979226775467,774.7131208889186,3,1,B,False,False,385.8876202527596,385.8876202527596,1.0,B
1440,192.03632371500134,647.9428745806217,5,1,A,False,False,-363.2140419376193,363.2140419376193,0.0,A
1441,1112.9457028582692,1362.733920570463,6,1,B,False,False,282.03144153559697,282.03144153559697,1.0,B
1442,404.38028471544385,1453.334916383028,8,1,A,False,False,-289.77749296509853,289.77749296509853,0.0,A
1443,183.48291562870145,156.79416339844465,6,1,A,False,False,-674.6385280098842,674.6385280098842,0.0,A
1444,834.229527041316,423.1043625622988,3,1,B,False,False,119.75776128530146,119.75776128530146,1.0,B
1445,538.9905455522239,1309.2051856219769,1,1,A,False,False,-99.48079316748456,99.48079316748456,0.0,A
1446,411.6897233761847,292.5845473073423,6,1,A,False,False,-289.99706716151724,289.99706716151724,0.0,A
1447,1092.0312800444663,426.2473750859499,3,1,B,False,False,320.84397470974216,320.84397470974216,1.0,B
1448,58.17234283313155,446.73459185287356,8,1,A,False,False,-492.66909348013235,492.66909348013235,0.0,A
1449,228.43032237142324,1132.1439701132476,8,1,A,False,False,-344.7229782270443,344.7229782270443,0.0,A
1450,1039.2007338814437,250.9128274396062,8,1,B,False,False,162.19209224163035,162.19209224163035,1.0,B
1451,1437.0096931234002,1079.2488972656429,4,1,B,False,False,497.7063591992117,497.7063591992117,1.0,B
1452,1478.7262813188136,227.13762754574418,6,1,B,False,False,559.1244986225026,559.1244986225026,1.0,B
1453,1161.8563318625093,164.07304583117366,6,1,B,False,False,290.8198592480607,290.8198592480607,1.0,B
1454,774.4334433227777,1180.203405674547,2,1,B,False,False,124.2732255824703,124.2732255824703,1.0,B
1455,842.0085841789842,1138.005536980927,4,1,B,False,False,141.240418702081,141.240418702081,1.0,B
1456,761.5978410467505,583.7052105925977,3,1,B,False,False,101.39986169883191,101.39986169883191,1.0,B
1457,1082.2101845405996,1107.1027857251465,4,1,B,False,False,285.12070210460524,285.12070210460524,1.0,B
1458,445.01561718061566,275.095924269408,8,1,A,False,False,-290.3684480960303,290.3684480960303,0.0,A
1459,258.28010123223066,1133.7254815734923,7,1,A,False,False,-322.0242925527948,322.0242925527948,0.0,A
1460,870.5772715620697,12.116226833313704,4,1,B,True,False,73.40965599138431,73.40965599138431,1.0,B
1461,1184.9835771135986,1365.1860519312322,5,1,B,False,False,329.5291216215878,329.5291216215878,1.0,B
1462,219.8434229940176,345.46865802258253,1,1,A,False,False,-364.19229581886526,364.19229581886526,0.0,A
1463,1131.330706179142,1273.489034269005,4,1,B,False,False,446.2781015106082,446.2781015106082,1.0,B
1464,1226.2178733944893,533.9108663611114,3,1,B,False,False,593.6399412669884,593.6399412669884,1.0,B
1465,611.2633519805968,890.3124206699431,6,1,A,False,False,-254.8447762327951,254.8447762327951,0.0,A
1466,143.96747527644038,1070.3418399207294,6,1,A,False,False,-401.077433266131,401.077433266131,0.0,A
1467,1362.4604539945722,823.9930272102356,7,1,B,False,False,455.7980369910874,455.7980369910874,1.0,B
1468,861.8893241509795,599.4970095343888,7,1,B,False,False,171.35383896208018,171.35383896208018,1.0,B
1469,1045.2191610820591,835.622860584408,3,1,B,False,False,171.1302333083053,171.1302333083053,1.0,B
1470,1082.601249217987,919.9119284749031,6,1,B,False,False,204.69656596072375,204.69656596072375,1.0,B
1471,119.65294321998954,846.9279175624251,1,1,A,False,False,-721.0121874762289,721.0121874762289,0.0,A
1472,632.1899900212884,1320.5691645853221,5,1,A,True,False,-30.483164490761684,30.483164490761684,0.2,A
1473,1238.8998661190271,397.7244193665683,5,1,B,False,False,384.8199471741402,384.8199471741402,1.0,B
1474,1418.278566095978,662.90347231552,3,1,B,False,False,495.8082718367879,495.8082718367879,1.0,B
1475,1051.1396219953895,747.2843709401786,3,1,B,False,False,179.6452296471631,179.6452296471631,1.0,B
1476,1398.2366784475744,89.44803290069103,4,1,B,False,False,449.91820295207594,449.91820295207594,1.0,B
1477,243.68871795013547,843.2458438910544,1,1,A,False,False,-594.7890814059355,594.7890814059355,0.0,A
1478,190.26487274095416,1147.1461141481996,8,1,A,False,False,-384.56243745459705,384.56243745459705,0.0,A
1479,1417.3917062580585,682.4805401265621,4,1,B,False,False,469.9753324693575,469.9753324693575,1.0,B
1480,1181.4213297329843,138.56830867007375,5,1,B,False,False,300.3138904706129,300.3138904706129,1.0,B
1481,153.33534870296717,729.7094212844968,8,1,A,False,False,-435.6791804086945,435.6791804086945,0.0,A
1482,324.62671212852,370.5100938677788,5,1,A,False,False,-276.9753167306715,276.9753167306715,0.0,A
1483,403.13204610720277,552.5537808425725,2,1,A,False,False,-222.90034138018035,222.90034138018035,0.0,A
1484,414.79654144495726,335.3895368054509,8,1,A,False,False,-239.84806863718575,239.84806863718575,0.0,A
1485,440.0014146231115,248.40602651238441,1,1,A,False,False,-338.0006820306952,338.0006820306952,0.0,A
1486,1007.1177701465786,989.4752288237214,3,1,B,False,False,143.42362170682784,143.42362170682784,1.0,B
1487,385.717386379838,960.4165507480502,5,1,A,False,False,-361.03991359143293,361.03991359143293,0.0,A
1488,431.7325344309211,1314.1373139806092,3,1,A,False,False,-185.68964586355995,185.68964586355995,0.0,A
1489,391.07931358739734,1334.6153874881566,7,1,A,False,False,-217.7270305691603,217.7270305691603,0.0,A
1490,303.6511237733066,1495.342566166073,1,1,A,False,False,-438.6174221454078,438.6174221454078,0.0,A
1491,1288.3420041762292,863.9715509489179,6,1,B,False,False,416.57584665535614,416.57584665535614,1.0,B
1492,812.5032442621887,372.72158497944474,6,1,B,True,False,59.72427848492476,59.72427848492476,1.0,B
1493,1335.3662341833115,1026.4181499369442,8,1,B,False,False,385.7205608368265,385.7205608368265,1.0,B
1494,1349.9117572791874,349.88693380728364,3,1,B,False,False,408.08829849731273,408.08829849731273,1.0,B
1495,451.2036913074553,1254.270093049854,2,1,A,False,False,-176.15138105650237,176.15138105650237,0.0,A
1496,758.9237121865153,1243.4903453104198,8,1,B,False,False,125.30627007884144,125.30627007884144,1.0,B
1497,780.4057043977082,118.4629937633872,6,1,A,True,False,-65.97873265257901,65.97873265257901,0.0,A
1498,1162.6993557438254,13.970590196549892,3,1,B,False,False,271.7267584940428,271.7267584940428,1.0,B
1499,858.9666956104338,48.26017236337066,2,1,B,True,False,41.899175260589686,41.899175260589686,1.0,B
1500,903.8516222499311,1186.7407062090933,7,1,B,False,False,250.8568184384701,250.8568184384701,1.0,B
1501,728.9325096644461,683.4110179916024,5,1,A,True,True,-2.2348161496226653,2.2348161496226653,0.6,A
1502,1049.4843497872353,106.22692806646228,5,1,B,False,False,171.09997936840992,171.09997936840992,1.0,B
1503,1167.533707804978,719.2110233008862,8,1,B,False,False,272.2354036850403,272.2354036850403,1.0,B
1504,1205.203584395349,824.6343196369708,3,1,B,False,False,314.2137207417411,314.2137207417411,1.0,B
1505,819.859279319644,849.84938101843,2,1,A,True,False,-45.78395844050176,45.78395844050176,0.0,A
1506,940.2344087138772,305.56237790733576,5,1,B,False,False,101.93935893539872,101.93935893539872,1.0,B
1507,582.7349689789116,292.67500061541796,7,1,A,False,False,-165.0981929214847,165.0981929214847,0.0,A
1508,1341.9843195006251,724.2230968549848,4,1,B,False,False,390.07005735433586,390.07005735433586,1.0,B
1509,296.91141564399004,583.2202504388988,6,1,A,False,False,-307.48561048932504,307.48561048932504,0.0,A
1510,376.9319741986692,1204.2350582778454,1,1,A,False,False,-250.2108865564111,250.2108865564111,0.0,A
1511,1462.1141930110753,505.19968243315816,3,1,B,False,False,815.5684005348512,815.5684005348512,1.0,B
1512,1196.7495800927281,688.3665276691318,8,1,B,False,False,313.3875789467145,313.3875789467145,1.0,B
1513,853.9012405090034,528.5762543790042,3,1,B,False,False,223.70578635539783,223.70578635539783,1.0,B
1514,95.7841370254755,1218.677710276097,1,1,A,False,False,-533.4145414501405,533.4145414501405,0.0,A
1515,317.4919914454222,35.312794614583254,7,1,A,False,False,-328.40211843625855,328.40211843625855,0.0,A
1516,201.53534598648548,485.97869742661715,2,1,A,False,False,-408.727039938465,408.727039938465,0.0,A
1517,1097.4163203500211,13.37582990527153,4,1,B,False,False,227.4759017481301,227.4759017481301,1.0,B
1518,1060.6274264864624,960.5289199389517,7,1,B,False,False,179.59790951526816,179.59790951526816,1.0,B
1519,1022.0400164835155,667.2620116733015,3,1,B,False,False,213.60815541690334,213.60815541690334,1.0,B
1520,581.4971700310707,209.96394054964185,6,1,A,False,False,-268.2030620461117,268.2030620461117,0.0,A
1521,1332.6253141276538,984.3455012887716,4,1,B,False,False,384.35990379686825,384.35990379686825,1.0,B
1522,467.5104576162994,352.3168391548097,1,1,A,False,False,-190.5260282443375,190.5260282443375,0.0,A
1523,100.99372314289212,966.9376602396369,6,1,A,False,False,-572.7618143639066,572.7618143639066,0.0,A
1524,715.0566433556378,1343.999067787081,4,1,B,True,True,16.62998817748878,16.62998817748878,0.6,B
1525,1477.4521957151592,441.91802898421884,7,1,B,False,False,658.4870792761923,658.4870792761923,1.0,B
1526,696.6039463877678,706.8732054904103,7,1,A,True,False,-41.40603658884654,41.40603658884654,0.05,A
1527,156.76354570314288,1404.5204725116491,7,1,A,False,False,-407.12114658155207,407.12114658155207,0.0,A
1528,524.6560326777399,890.934613533318,2,1,A,False,False,-340.1330482684271,340.1330482684271,0.0,A
1529,1499.416294042021,1171.7400876805186,3,1,B,False,False,766.9612006847753,766.9612006847753,1.0,B
1530,916.7446098290384,1421.2507079355419,7,1,B,True,False,98.93072959627372,98.93072959627372,1.0,B
1531,337.16202434152365,1157.4144680052996,3,1,A,False,False,-267.78948163810963,267.78948163810963,0.0,A
1532,835.5479836463928,567.8668543696404,6,1,B,False,False,182.42878795346718,182.42878795346718,1.0,B
1533,410.7271176762879,891.6253773495555,7,1,A,False,False,-452.17780383527094,452.17780383527094,0.0,A
1534,1083.2244800403714,1035.4217304848135,4,1,B,False,False,217.06237166371255,217.06237166371255,1.0,B
1535,1097.485010046512,1267.239360138774,3,1,B,False,False,426.3325706187706,426.3325706187706,1.0,B
1536,394.0160684287548,830.0818218849599,6,1,A,False,False,-429.5764773785087,429.5764773785087,0.0,A
1537,1332.2514463216066,1268.2014084421098,5,1,B,False,False,642.1248819291404,642.1248819291404,1.0,B
1538,132.454467471689,425.1261558383703,2,1,A,False,False,-415.2082855656292,415.2082855656292,0.0,A
1539,575.9981079027057,238.8544762507081,5,1,A,False,False,-237.30822887461716,237.30822887461716,0.0,A
1540,486.3209752365947,1279.852642212063,6,1,A,False,False,-140.73979287452352,140.73979287452352,0.0,A
1541,355.74336675927043,224.45136588066816,2,1,A,False,False,-456.1884777156271,456.1884777156271,0.0,A
1542,183.87797009199858,593.5442210175097,2,1,A,False,False,-397.5638588086017,397.5638588086017,0.0,A
1543,1466.1698453128338,1468.6138140968978,6,1,B,False,False,485.7870727368625,485.7870727368625,1.0,B
1544,211.2339986488223,147.87590922787786,7,1,A,False,False,-634.1962978058381,634.1962978058381,0.0,A
1545,299.01036713272333,774.4614318944514,8,1,A,False,False,-401.2048451082803,401.2048451082803,0.0,A
1546,565.4763719066978,145.80423664301634,1,1,A,False,False,-289.3712645862285,289.3712645862285,0.0,A
1547,1433.0603946000338,782.8217041678727,8,1,B,False,False,471.5814902515434,471.5814902515434,1.0,B
1548,716.9945323839784,1283.5635510273278,6,1,B,True,False,62.278833875923816,62.278833875923816,1.0,A
1549,106.98282206431031,777.9484963975847,6,1,A,False,False,-555.8713309783897,555.8713309783897,0.0,A
1550,455.89691027998924,535.0542236119509,2,1,A,False,False,-173.77457039294634,173.77457039294634,0.0,A
1551,990.7400594092906,1000.9668376296759,2,1,B,False,False,135.79988625271955,135.79988625271955,1.0,B
1552,1104.6907254494727,1020.3071222640574,5,1,B,False,False,224.03538876459947,224.03538876459947,1.0,B
1553,349.78763619437814,438.65324975922704,2,1,A,False,False,-251.140389015853,251.140389015853,0.0,A
1554,203.47030274569988,587.7085919491947,2,1,A,False,False,-385.8488919418037,385.8488919418037,0.0,A
1555,747.7835887111723,1184.160943608731,7,1,B,False,False,102.44211415846927,102.44211415846927,1.0,B
1556,62.999493442475796,806.3156576827168,1,1,A,False,False,-666.2654338321394,666.2654338321394,0.0,A
1557,1061.471376568079,246.99158454313874,8,1,B,False,False,180.94005115022125,180.94005115022125,1.0,B
1558,535.4117187671363,1068.2015153579414,5,1,A,False,False,-133.6759355285491,133.6759355285491,0.0,A
1559,705.7285169139504,314.72882721573114,6,1,A,True,False,-57.04530888691143,57.04530888691143,0.0,A
1560,86.01600816473365,967.5312051549554,2,1,A,False,False,-583.0345884152986,583.0345884152986,0.0,A
1561,402.51859137788415,1370.6335932947695,6,1,A,False,False,-219.18102797771385,219.18102797771385,0.0,A
1562,1068.132153712213,232.49520314857364,5,1,B,False,False,188.75381796546444,188.75381796546444,1.0,B
1563,1068.9293900504708,338.74022495001554,8,1,B,False,False,209.33010864981821,209.33010864981821,1.0,B
1564,275.424983818084,322.0064928755164,1,1,A,False,False,-349.03691588056427,349.03691588056427,0.0,A
1565,718.3988420292735,163.81923062726855,2,1,A,False,False,-150.12570981580012,150.12570981580012,0.0,A
1566,478.3793119713664,1346.4827765710652,8,1,A,False,False,-156.3140262938945,156.3140262938945,0.0,A
1567,37.66171680763364,854.4349442236125,1,1,A,False,False,-814.5341377380508,814.5341377380508,0.0,A
1568,43.33620937541127,1449.7475400567055,6,1,A,False,False,-544.0244251498623,544.0244251498623,0.0,A
1569,360.0237211212516,1205.1960295066237,1,1,A,False,False,-267.06635771978665,267.06635771978665,0.0,A
1570,936.9624811224639,81.03882009163499,3,1,B,True,False,83.50246742974468,83.50246742974468,1.0,B
1571,41.798417922109365,673.123667947948,5,1,A,False,False,-469.5976064052187,469.5976064052187,0.0,A
1572,719.666765537113,57.56409466266632,5,1,A,True,False,-65.40931925110311,65.40931925110311,0.0,A
1573,1016.2763209082186,1194.1552036441863,5,1,B,False,False,366.1662327807565,366.1662327807565,1.0,B
1574,392.9313509725034,1418.8144225627184,5,1,A,False,False,-258.63653848787857,258.63653848787857,0.0,A
1575,966.6797812096775,1160.2174253202975,6,1,B,False,False,272.7914252177149,272.7914252177149,1.0,B
1576,514.5301474258304,763.3918770588934,8,1,A,False,False,-222.26101101007876,222.26101101007876,0.0,A
1577,1194.5547619834542,172.8125335648656,4,1,B,False,False,324.5053386274865,324.5053386274865,1.0,B
1578,257.2551998309791,109.00763003155589,2,1,A,False,False,-507.5879363752718,507.5879363752718,0.0,A
1579,561.5371484309435,692.8991256281734,2,1,A,False,False,-123.16118792447796,123.16118792447796,0.0,A
1580,1190.527608152479,703.2254836522043,7,1,B,False,False,297.431897112,297.431897112,1.0,B
1581,1420.8161132410169,475.6892407312989,4,1,B,False,False,707.5853734438375,707.5853734438375,1.0,B
1582,1318.436439614743,133.3929137326777,6,1,B,False,False,425.0641811554953,425.0641811554953,1.0,B
1583,470.56552302092314,550.2998814918101,5,1,A,False,False,-157.93764428406266,157.93764428406266,0.0,A
1584,1141.9725199230015,247.7439776994288,6,1,B,False,False,248.23192812987054,248.23192812987054,1.0,B
1585,125.32745813950896,1442.6052630878985,7,1,A,False,False,-473.53819921485353,473.53819921485353,0.0,A
1586,1268.0467329919338,80.67019376903772,5,1,B,False,False,341.3049496234815,341.3049496234815,1.0,B
1587,84.03875632211566,832.0276876911521,5,1,A,False,False,-720.2522969906413,720.2522969906413,0.0,A
1588,1226.5695207752287,1318.2725314982235,4,1,B,False,False,434.8637536831095,434.8637536831095,1.0,B
1589,281.66414285078645,677.6083437725902,5,1,A,False,False,-305.6379776704653,305.6379776704653,0.0,A
1590,784.4753069803119,1061.3117823377252,4,1,B,True,False,31.82005381162476,31.82005381162476,0.85,B
1591,777.4081975221634,504.3302639387548,7,1,B,False,False,142.56191570071815,142.56191570071815,1.0,B
1592,1184.3696502037346,1152.5623127818108,4,1,B,False,False,443.867202048243,443.867202048243,1.0,B
1593,878.7465034984052,218.58872612938285,2,1,B,True,True,16.478627317855004,16.478627317855004,0.7,B
1594,1122.8546435013413,1040.3449796140194,3,1,B,False,False,247.1155384220351,247.1155384220351,1.0,B
1595,1125.6294613704085,597.1013093367219,5,1,B,False,False,395.3139282406554,395.3139282406554,1.0,B
1596,352.8881063684821,1433.048018720001,8,1,A,False,False,-301.04328811356476,301.04328811356476,0.0,A
1597,188.18130483850837,762.5937745906413,2,1,A,False,False,-462.4521950523462,462.4521950523462,0.0,A
1598,746.5266427025199,688.0188966169953,4,1,B,True,True,6.420166038623154,6.420166038623154,0.6,A
1599,1135.7401991263032,1146.3228086940944,4,1,B,False,False,390.9905086873474,390.9905086873474,1.0,B
1600,493.5474316589534,791.4204513654113,8,1,A,False,False,-277.458283668759,277.458283668759,0.0,A
1601,81.27578906714916,112.9802567884326,7,1,A,False,False,-669.736640710097,669.736640710097,0.0,A
1602,184.8342432640493,1443.998835515231,1,1,A,False,False,-433.53394917188035,433.53394917188035,0.0,A
1603,553.0704595148563,607.2685117833316,5,1,A,True,False,-87.58760014024355,87.58760014024355,0.0,A
1604,1405.9752034954727,1126.4235628768802,7,1,B,False,False,562.2886623214075,562.2886623214075,1.0,B
1605,1232.4066725559533,694.921100512147,7,1,B,False,False,332.12842199889695,332.12842199889695,1.0,B
1606,1437.8793044015765,105.23068998008966,5,1,B,False,False,499.450304471181,499.450304471181,1.0,B
1607,1382.587254513055,344.443341717124,6,1,B,False,False,426.6172869895848,426.6172869895848,1.0,B
1608,1296.0370634682477,1030.597464647144,5,1,B,False,False,360.28478230674057,360.28478230674057,1.0,B
1609,103.94673747941852,1315.0994153693318,1,1,A,False,False,-444.25954143635676,444.25954143635676,0.0,A
1610,60.69616600871086,343.8028790988028,1,1,A,False,False,-473.92487742943115,473.92487742943115,0.0,A
1611,1009.1297985054553,1423.4716091305017,4,1,B,False,False,161.13741353078467,161.13741353078467,1.0,B
1612,342.00846729800105,239.99824421480298,1,1,A,False,False,-437.00129630714997,437.00129630714997,0.0,A
1613,130.3928685374558,962.3393160291016,2,1,A,False,False,-560.8164180106422,560.8164180106422,0.0,A
1614,458.97374767810106,738.4137092158198,7,1,A,False,False,-232.86459721989422,232.86459721989422,0.0,A
1615,1337.1872990392148,1081.9637915119529,7,1,B,False,False,432.01071595847685,432.01071595847685,1.0,B
1616,1049.667681567371,187.7492037601769,3,1,B,False,False,179.10298737291978,179.10298737291978,1.0,B
1617,741.5171382017434,532.4999908916652,3,1,B,False,False,110.95445250607288,110.95445250607288,1.0,B
1618,650.274305138737,1164.7837981581688,6,1,B,True,True,2.771328480810695,2.771328480810695,0.65,B
1619,15.038666781038046,398.34306249395013,5,1,A,False,False,-489.5472400336955,489.5472400336955,0.0,A
1620,1032.1117797866464,1068.9531918615103,3,1,B,False,False,207.37008423210986,207.37008423210986,1.0,B
1621,107.65386885032058,987.5967241823673,7,1,A,False,False,-521.5821857293612,521.5821857293612,0.0,A
1622,455.3973753936589,945.2721071429551,1,1,A,False,False,-330.47173150786057,330.47173150786057,0.0,A
1623,290.19158938899636,727.4308456107974,1,1,A,False,False,-338.1860956356577,338.1860956356577,0.0,A
1624,814.2646257765591,447.28319719433784,6,1,B,False,False,128.47700705688513,128.47700705688513,1.0,B
1625,3.6409744061529636,616.2914573214948,6,1,A,False,False,-522.108831901476,522.108831901476,0.0,A
1626,118.46936959773302,685.0832356140018,2,1,A,False,False,-420.80344181265633,420.80344181265633,0.0,A
1627,156.24992921948433,339.81611486524343,6,1,A,False,False,-412.35537534051895,412.35537534051895,0.0,A
1628,1426.4703299850225,1392.3220694996417,8,1,B,False,False,466.47711464341813,466.47711464341813,1.0,B
1629,1107.3819380253553,492.9789528250694,3,1,B,False,False,451.8643894150631,451.8643894150631,1.0,B
1630,733.9663915336132,385.8924941159785,5,1,B,True,True,15.36155706769904,15.36155706769904,0.75,A
1631,46.680218540132046,58.43422841280699,1,1,A,False,False,-558.3790613824441,558.3790613824441,0.0,A
1632,0.9232638403773308,807.7083360403776,5,1,A,False,False,-723.2463581945594,723.2463581945594,0.0,A
1633,1322.4587878212333,259.22223273664713,4,1,B,False,False,390.1858289424423,390.1858289424423,1.0,B
1634,1255.4305074736476,325.50505734980106,4,1,B,False,False,330.3272171199798,330.3272171199798,1.0,B
1635,507.3950691148639,1098.3604956418276,2,1,A,False,False,-137.4163831534687,137.4163831534687,0.0,A
1636,1152.8921853750944,994.1908274777234,7,1,B,False,False,250.96885345195733,250.96885345195733,1.0,B
1637,821.4820493012667,100.57456372305751,5,1,A,True,True,-18.90130302036618,18.90130302036618,0.3,A
1638,1143.8237107358873,939.0928032808006,8,1,B,False,False,252.90950869199477,252.90950869199477,1.0,B
1639,617.1611929312348,602.9640357010067,5,1,A,True,False,-33.72231018314027,33.72231018314027,0.1,A
1640,561.2340001389384,527.548071462661,6,1,A,True,False,-68.77652141386785,68.77652141386785,0.0,A
1641,821.6544413007796,542.3539811745286,5,1,B,False,False,187.60033239701988,187.60033239701988,1.0,B
1642,764.7609645500779,388.853813521564,5,1,B,True,False,39.19256102265858,39.19256102265858,1.0,B
1643,486.5350965410471,457.07744266837835,6,1,A,False,False,-140.50959483880195,140.50959483880195,0.0,A
1644,716.3234911859035,1448.8774118945003,6,1,A,True,False,-60.606478097394366,60.606478097394366,0.0,A
1645,157.56812458857894,1417.0181793160737,5,1,A,False,False,-418.1129982681305,418.1129982681305,0.0,A
1646,160.64475802704692,47.27804381400347,2,1,A,False,False,-455.8543340485682,455.8543340485682,0.0,A
1647,494.03803423047066,476.6931440681219,5,1,A,False,False,-133.9857556901998,133.9857556901998,0.0,A
1648,1223.9523022435606,252.32112407684326,5,1,B,False,False,314.3304906192843,314.3304906192843,1.0,B
1649,37.72344393655658,1110.9697055071592,2,1,A,False,False,-478.2793216217688,478.2793216217688,0.0,A
1650,1212.2178836725652,1492.49417334795,7,1,B,False,False,302.2589189719977,302.2589189719977,1.0,B
1651,937.9918053746223,1030.0020393915474,5,1,B,False,False,114.31254123947042,114.31254123947042,1.0,B
1652,286.64493234828115,536.0159100964665,3,1,A,False,False,-342.01321609251744,342.01321609251744,0.0,A
1653,112.72137053310871,143.39141221717,6,1,A,False,False,-720.4453135907838,720.4453135907838,0.0,A
1654,667.6980326883495,1030.2084214054048,8,1,A,True,False,-71.02334042281801,71.02334042281801,0.0,A
1655,936.3520829938352,115.50989001989365,4,1,B,True,False,72.83123020607057,72.83123020607057,1.0,B
1656,791.5089391171932,1073.257578536868,4,1,B,True,False,45.69305966312999,45.69305966312999,0.95,B
1657,264.16987320408225,1373.4376332722604,1,1,A,False,False,-316.0388180968418,316.0388180968418,0.0,A
1658,734.9760965444148,106.11141147091985,6,1,A,True,False,-95.68449223890521,95.68449223890521,0.0,A
1659,738.1558623164892,319.50924871489406,5,1,A,True,False,-30.73491744667342,30.73491744667342,0.2,A
1660,1365.8702108077705,1210.0970749743283,4,1,B,False,False,727.3316241917023,727.3316241917023,1.0,B
1661,811.0747835598886,1496.4884533546865,2,1,A,True,True,-24.88188544087698,24.88188544087698,0.5,A
1662,634.2063043266535,1097.4931851960719,6,1,A,True,False,-47.24488907432805,47.24488907432805,0.0,A
1663,1152.4215121753514,972.1204466186464,4,1,B,False,False,250.91611868793467,250.91611868793467,1.0,B
1664,560.3717104531825,821.8295755796134,6,1,A,False,False,-265.4999539710456,265.4999539710456,0.0,A
1665,282.6915308833122,189.76266402751207,1,1,A,False,False,-580.4086200525875,580.4086200525875,0.0,A
1666,798.8152150064707,657.4326949194074,3,1,B,True,False,66.17361837379154,66.17361837379154,1.0,B
1667,320.4021072015166,395.1732278801501,1,1,A,False,False,-271.6857727156549,271.6857727156549,0.0,A
1668,1316.7814565822482,436.59615190699697,4,1,B,False,False,516.3121289554991,516.3121289554991,1.0,B
1669,1399.4530392810702,1437.182926107198,4,1,B,False,False,427.6383671523689,427.6383671523689,1.0,B
1670,126.57296983525157,1306.1756906099617,2,1,A,False,False,-433.8512362889567,433.8512362889567,0.0,A
1671,1361.4399740472436,1090.5093778856099,4,1,B,False,False,460.98591671882133,460.98591671882133,1.0,B
1672,129.08109789714217,197.39699503406882,1,1,A,False,False,-721.9910982530904,721.9910982530904,0.0,A
1673,895.6349696964025,1152.9930182732642,4,1,B,False,False,202.5454800417145,202.5454800417145,1.0,B
1674,318.75267857685685,117.93230194598436,1,1,A,False,False,-473.8641559946573,473.8641559946573,0.0,A
1675,890.5937131494284,388.14609311521053,3,1,B,False,False,126.97405130687422,126.97405130687422,1.0,B
1676,420.36411445587873,1360.2285669185221,1,1,A,False,False,-202.50109097063267,202.50109097063267,0.0,A
1677,1193.9329840242863,288.3825064636767,6,1,B,False,False,280.79786637897615,280.79786637897615,1.0,B
1678,1299.638960044831,546.0747345350683,8,1,B,False,False,654.2142673627336,654.2142673627336,1.0,B
1679,168.77323994413018,1345.3151062130928,6,1,A,False,False,-380.38988864554983,380.38988864554983,0.0,A
1680,1355.474826414138,1061.585146933794,3,1,B,False,False,421.65278767803085,421.65278767803085,1.0,B
1681,341.89369389787316,1423.7194606103003,8,1,A,False,False,-298.5222597628995,298.5222597628995,0.0,A
1682,1492.3873892985284,1233.7371446192265,8,1,B,False,False,858.9656518410234,858.9656518410234,1.0,B
1683,842.1552437357605,841.5038804523647,5,1,A,True,False,-21.39932196404284,21.39932196404284,0.15,A
1684,1496.3266183622181,1035.0593626499176,3,1,B,False,False,499.2756593855887,499.2756593855887,1.0,B
1685,1345.19765060395,109.30624650791287,6,1,B,False,False,425.0491425078579,425.0491425078579,1.0,B
1686,821.0674677975476,1000.6932173855603,8,1,B,True,True,14.099117939218978,14.099117939218978,0.7,A
1687,919.6434686891735,644.3078401498497,6,1,B,False,False,165.07878518662503,165.07878518662503,1.0,B
1688,46.90800653770566,270.0464758090675,6,1,A,False,False,-607.2408331573303,607.2408331573303,0.0,A
1689,369.1613394767046,473.8016501069069,6,1,A,False,False,-246.5916020243811,246.5916020243811,0.0,A
1690,454.425148665905,28.27488910406828,8,1,A,False,False,-225.45392146833896,225.45392146833896,0.0,A
1691,965.4668639414012,270.4354296438396,3,1,B,False,False,106.15189098810102,106.15189098810102,1.0,B
1692,621.2806832045317,769.2303168587387,1,1,A,False,False,-149.39131284406437,149.39131284406437,0.0,A
1693,162.77408413589,179.4861713424325,7,1,A,False,False,-706.4647995357922,706.4647995357922,0.0,A
1694,1429.8930885270238,320.3098839148879,3,1,B,False,False,449.5392050155295,449.5392050155295,1.0,B
1695,1439.8972727358341,1484.039583709091,4,1,B,False,False,478.04555822790803,478.04555822790803,1.0,B
1696,965.2793244458735,395.8735945634544,4,1,B,False,False,187.39126464570575,187.39126464570575,1.0,B
1697,1045.6857131794095,1402.9736216180027,4,1,B,False,False,199.03926536975143,199.03926536975143,1.0,B
1698,638.7247354723513,705.6948621757329,1,1,A,True,False,-79.9377873150599,79.9377873150599,0.0,A
1699,197.92823866009712,407.5542697682977,5,1,A,False,False,-359.68556456919714,359.68556456919714,0.0,A
1700,827.7135388925672,153.7380963563919,5,1,A,True,False,-39.29590745923118,39.29590745923118,0.15,A
1701,985.7564619742334,47.02767636626959,5,1,B,False,False,133.0960071767574,133.0960071767574,1.0,B
1702,113.94233582541347,1220.5909928306937,2,1,A,False,False,-515.6835641439521,515.6835641439521,0.0,A
1703,985.9325629658997,595.7981524989009,8,1,B,False,False,280.14482963295524,280.14482963295524,1.0,B
1704,985.2452944032848,1489.7819557227194,5,1,B,False,False,119.1732821448057,119.1732821448057,1.0,B
1705,466.0381148569286,583.8157259859145,8,1,A,False,False,-158.47449634297755,158.47449634297755,0.0,A
1706,450.9852952323854,388.92713002860546,2,1,A,False,False,-181.29259266279405,181.29259266279405,0.0,A
1707,793.2901759631932,452.09092693403363,1,1,B,False,False,115.8224943878347,115.8224943878347,1.0,B
1708,95.94411123543978,128.59091302379966,7,1,A,False,False,-700.1848595528228,700.1848595528228,0.0,A
1709,447.10131688043475,311.92091200500727,7,1,A,False,False,-240.8327789991102,240.8327789991102,0.0,A
1710,1249.2711986415088,538.5902132838964,3,1,B,False,False,613.1355061543956,613.1355061543956,1.0,B
1711,408.73827366158366,1330.0128383561969,6,1,A,False,False,-204.10733816925074,204.10733816925074,0.0,A
1712,892.8935341536999,1052.3869316093624,6,1,B,True,False,98.98397836788017,98.98397836788017,1.0,B
1713,1178.2451514154673,1449.1277793422341,3,1,B,False,False,270.0758641203361,270.0758641203361,1.0,B
1714,1442.2244522720575,12.391988653689623,5,1,B,False,False,463.4523984265853,463.4523984265853,1.0,B
1715,1086.3330974243581,1388.338494580239,3,1,B,False,False,238.06555291200056,238.06555291200056,1.0,B
1716,614.4504770636559,405.3707476705313,1,1,A,True,False,-56.88284744843617,56.88284744843617,0.0,A
1717,1217.318007722497,104.36350805684924,7,1,B,False,False,312.45173190425663,312.45173190425663,1.0,B
1718,1440.58455247432,601.5455704182386,5,1,B,False,False,646.8181332437034,646.8181332437034,1.0,B
1719,907.1959890425205,305.3303430788219,6,1,B,True,False,78.36147057994013,78.36147057994013,1.0,B
1720,524.4864849373698,1251.9009481184185,6,1,A,False,False,-105.54997555148996,105.54997555148996,0.0,A
1721,313.72326146811247,1192.1727494336665,8,1,A,False,False,-306.7893272920503,306.7893272920503,0.0,A
1722,156.0760927386582,681.7745282314718,2,1,A,False,False,-393.61355297012983,393.61355297012983,0.0,A
1723,743.7611664645374,1131.1804354190826,5,1,B,True,False,57.42340044083975,57.42340044083975,1.0,B
1724,882.8368624672294,511.4718647673726,4,1,B,False,False,249.83578507454618,249.83578507454618,1.0,B
1725,594.7597506456077,111.35658714920282,6,1,A,False,False,-221.37929199842065,221.37929199842065,0.0,A
1726,34.183595795184374,661.6291925311089,5,1,A,False,False,-474.21041219591683,474.21041219591683,0.0,A
1727,145.5081277526915,299.7127049602568,6,1,A,False,False,-471.65070204879737,471.65070204879737,0.0,A
1728,240.53857242688537,356.5396936610341,2,1,A,False,False,-342.15647406060395,342.15647406060395,0.0,A
1729,166.59052530303597,588.9351801015437,1,1,A,False,False,-416.62927652841785,416.62927652841785,0.0,A
1730,1113.7317074462771,940.053774509579,7,1,B,False,False,226.66404073664367,226.66404073664367,1.0,B
1731,300.5016543902457,445.40535751730204,7,1,A,False,False,-293.18552870661455,293.18552870661455,0.0,A
1732,58.40598000213504,1092.6156677305698,2,1,A,False,False,-457.52541771455674,457.52541771455674,0.0,A
1733,1453.9269623346627,1040.7134271226823,6,1,B,False,False,473.02499652565695,473.02499652565695,1.0,B
1734,1106.1005154624581,597.8700304403901,5,1,B,False,False,377.4922193809803,377.4922193809803,1.0,B
1735,1461.463229265064,484.46519393473864,7,1,B,False,False,769.0468888195171,769.0468888195171,1.0,B
1736,1290.9877840429544,1154.8816272988915,4,1,B,False,False,538.81818841632,538.81818841632,1.0,B
1737,832.299483474344,928.6897731944919,5,1,A,True,True,-21.50282369395027,21.50282369395027,0.35,A
1738,944.6457233279943,1260.2652772329748,3,1,B,False,False,292.67135786101187,292.67135786101187,1.0,B
1739,96.27640480175614,623.934717848897,1,1,A,False,False,-443.5315674090327,443.5315674090327,0.0,A
1740,1287.5411720015109,1316.7360587976873,7,1,B,False,False,485.7928572430701,485.7928572430701,1.0,B
1741,926.8688773736358,1348.8718927837908,4,1,B,False,False,165.4693511838814,165.4693511838814,1.0,B
1742,387.5686847604811,474.3963656947017,1,1,A,False,False,-230.18742674848735,230.18742674848735,0.0,A
1743,426.1986957862973,660.5995972640812,1,1,A,False,False,-198.53417962359248,198.53417962359248,0.0,A
1744,633.8882823474705,3.9577013812959194,5,1,A,True,False,-81.92825527033975,81.92825527033975,0.0,A
1745,196.13748136907816,1364.42856118083,6,1,A,False,False,-360.8901666552113,360.8901666552113,0.0,A
1746,1035.4846129193902,1308.497832622379,4,1,B,False,False,300.9896540400003,300.9896540400003,1.0,B
1747,1344.7369211353362,675.5583747290075,7,1,B,False,False,427.89642800468823,427.89642800468823,1.0,B
1748,48.53677377104759,352.6809923350811,7,1,A,False,False,-475.3744864807685,475.3744864807685,0.0,A
1749,191.54800102114677,870.6321590580046,2,1,A,False,False,-677.7560444683755,677.7560444683755,0.0,A
1750,864.641881082207,647.512273862958,6,1,B,False,False,122.0069221095467,122.0069221095467,1.0,B
1751,346.905876416713,1251.8081073649228,1,1,A,False,False,-277.55331076502625,277.55331076502625,0.0,A
1752,1200.5593311041594,901.0625327937305,4,1,B,False,False,323.88466468899304,323.88466468899304,1.0,B
1753,1478.3981004729867,1039.5069792866707,3,1,B,False,False,489.0757474237296,489.0757474237296,1.0,B
1754,1193.2991514913738,1356.3819020055234,3,1,B,False,False,346.59799925748246,346.59799925748246,1.0,B
1755,120.46662764623761,867.8457015193999,1,1,A,False,False,-747.502453090563,747.502453090563,0.0,A
1756,1255.8859311975539,506.1429748311639,3,1,B,False,False,614.1435668486629,614.1435668486629,1.0,B
1757,1308.5194816812873,805.3613710217178,7,1,B,False,False,390.1751966125664,390.1751966125664,1.0,B
1758,183.99269878864288,1120.6678566522896,5,1,A,False,False,-373.8128814499964,373.8128814499964,0.0,A
1759,1434.6934617497027,889.0768373385072,8,1,B,False,False,560.5102021252377,560.5102021252377,1.0,B
1760,563.5773804970086,83.90932437032461,5,1,A,False,False,-211.11692936754648,211.11692936754648,0.0,A
1761,1429.4479228556156,673.2362159527838,6,1,B,False,False,489.20632311827484,489.20632311827484,1.0,B
1762,1086.0350369475782,28.295705560594797,3,1,B,False,False,211.73944840770787,211.73944840770787,1.0,B
1763,644.4370527751744,472.7677800692618,5,1,B,True,True,1.3383770468707767,1.3383770468707767,0.35,B
1764,786.0170854255557,1334.431114140898,5,1,B,True,False,76.44414122494004,76.44414122494004,1.0,B
1765,949.1866081953049,140.24062687531114,7,1,B,True,False,80.6842003458987,80.6842003458987,1.0,B
1766,368.13405342400074,5.1231952384114265,8,1,A,False,False,-263.71884713715355,263.71884713715355,0.0,A
1767,957.7903104946017,950.7662965916097,3,1,B,True,False,94.78936664891731,94.78936664891731,1.0,B
1768,1240.8851436339319,955.6195512413979,6,1,B,False,False,326.4432212504977,326.4432212504977,1.0,B
1769,52.731487434357405,1293.6317059211433,6,1,A,False,False,-508.830665790108,508.830665790108,0.0,A
1770,1234.0328861027956,1475.2483307383955,5,1,B,False,False,313.0808083802816,313.0808083802816,1.0,B
1771,1000.2304916270077,1111.31308414042,3,1,B,False,False,230.5587970130595,230.5587970130595,1.0,B
1772,1171.7990040779114,1265.1748666539788,6,1,B,False,False,499.2410178684382,499.2410178684382,1.0,B
1773,722.6013857871294,607.9083597287536,6,1,B,True,False,49.179786590046376,49.179786590046376,1.0,B
1774,593.0376760661602,1429.464500863105,2,1,A,False,False,-130.55516549443684,130.55516549443684,0.0,A
1775,1197.749760467559,439.92743734270334,5,1,B,False,False,428.5994784758728,428.5994784758728,1.0,B
1776,1072.1772001124918,1168.0899783968925,3,1,B,False,False,377.69075341719866,377.69075341719866,1.0,B
1777,1048.8045145757496,1357.2357511147857,8,1,B,False,False,243.21736287595925,243.21736287595925,1.0,B
1778,1007.2658630087972,1344.6164983324707,3,1,B,False,False,228.37880088428466,228.37880088428466,1.0,B
1779,674.1290548816323,342.48234517872334,2,1,A,True,False,-57.19650578616471,57.19650578616471,0.0,A
1780,653.0232704244554,1341.8687372468412,4,1,A,True,False,-27.163764729243752,27.163764729243752,0.15,B
1781,1215.1519674807787,848.6245265230536,7,1,B,False,False,337.8839615279651,337.8839615279651,1.0,B
1782,1149.0173460915685,405.027212575078,6,1,B,False,False,330.80005608468304,330.80005608468304,1.0,B
1783,1208.5240124724805,747.8798464871943,1,1,B,False,False,291.8951842370079,291.8951842370079,1.0,B
1784,1399.5139827020466,579.6305034309626,3,1,B,False,False,673.65794555847,673.65794555847,1.0,B
1785,1285.0516783073545,993.4143894352019,7,1,B,False,False,347.13065360494653,347.13065360494653,1.0,B
1786,1367.5362537615001,709.7946689464152,4,1,B,False,False,413.85134439089586,413.85134439089586,1.0,B
1787,201.02317398414016,1284.5227466896176,1,1,A,False,False,-390.7791064329867,390.7791064329867,0.0,A
1788,878.5569509491324,614.7691374644637,8,1,B,False,False,167.14118837111042,167.14118837111042,1.0,B
1789,323.78656044602394,195.4138451255858,1,1,A,False,False,-534.0168961764012,534.0168961764012,0.0,A
1790,13.281106017529964,333.3407104946673,5,1,A,False,False,-516.5035477356859,516.5035477356859,0.0,A
1791,758.4905312396586,628.6964686587453,4,1,B,True,False,60.6546779944892,60.6546779944892,1.0,B
1792,753.6868932656944,1319.8618311434984,6,1,B,True,False,64.29484970845542,64.29484970845542,1.0,B
1793,932.3862120509148,530.3943241015077,7,1,B,False,False,301.8356808137903,301.8356808137903,1.0,B
1794,425.50843209028244,1059.5155209302902,2,1,A,False,False,-214.23329636840342,214.23329636840342,0.0,A
1795,654.5490059070289,222.51352155581117,6,1,A,False,False,-186.98110483918094,186.98110483918094,0.0,A
1796,444.24530072137713,1374.7535543516278,8,1,A,False,False,-192.31176680869925,192.31176680869925,0.0,A
1797,299.9561238102615,197.30657804757357,7,1,A,False,False,-555.0529429637253,555.0529429637253,0.0,A
1798,470.3731066547334,95.55978141725063,2,1,A,False,False,-302.78142609044795,302.78142609044795,0.0,A
1799,1465.1940506882966,557.4760157614946,4,1,B,False,False,793.0057331430476,793.0057331430476,1.0,B
1800,1006.028956733644,449.7001664713025,8,1,B,False,False,289.9609356405602,289.9609356405602,1.0,B
1801,1107.5649303384125,515.0304464623332,3,1,B,False,False,474.88974346382156,474.88974346382156,1.0,B
1802,745.358208194375,38.96540170535445,1,1,A,True,False,-32.16631338783298,32.16631338783298,0.05,A
1803,443.9786598086357,817.1044941991568,1,1,A,False,False,-361.6891287214705,361.6891287214705,0.0,A
1804,716.5173408575356,1095.052098389715,6,1,B,True,True,9.757440682548246,9.757440682548246,0.6,A
1805,893.5149544849992,936.4621918648481,3,1,B,True,False,35.98011695550988,35.98011695550988,1.0,B
1806,80.47400414943695,484.3483124859631,2,1,A,False,False,-520.3152146366117,520.3152146366117,0.0,A
1807,914.4321265630424,1051.3639692217112,6,1,B,False,False,112.88128572464608,112.88128572464608,1.0,B
1808,357.10091376677155,959.5464169979095,1,1,A,False,False,-385.60345800968264,385.60345800968264,0.0,A
1809,415.4867101460695,1484.2899064533412,2,1,A,False,False,-328.19571187023627,328.19571187023627,0.0,A
1810,1309.3712562695146,885.1506030187011,4,1,B,False,False,437.77174173376807,437.77174173376807,1.0,B
1811,1492.4102132208645,49.80773292481899,3,1,B,False,False,495.3466401186537,495.3466401186537,1.0,B
1812,927.6310158893466,477.9861797578633,8,1,B,False,False,262.6773233136088,262.6773233136088,1.0,B
1813,148.36229011416435,792.5866632722318,1,1,A,False,False,-558.566782872704,558.566782872704,0.0,A
1814,621.0526856593788,998.1377511285245,7,1,A,False,False,-131.7143778797926,131.7143778797926,0.0,A
1815,1457.2924487292767,873.205738607794,4,1,B,False,False,587.2196702843863,587.2196702843863,1.0,B
1816,1072.3603628575802,1152.0583955571055,3,1,B,False,False,349.14503231096677,349.14503231096677,1.0,B
1817,1436.4098450168967,459.7349278628826,3,1,B,False,False,675.6657304332118,675.6657304332118,1.0,B
1818,829.3600869365036,453.6667107604444,5,1,B,False,False,147.66044973889592,147.66044973889592,1.0,B
1819,521.9929120503366,1413.2971842773259,2,1,A,False,False,-165.4856888774963,165.4856888774963,0.0,A
1820,1373.3504978008568,312.198830768466,3,1,B,False,False,409.3066647607208,409.3066647607208,1.0,B
1821,1422.8779594413936,923.252577893436,8,1,B,False,False,513.887793294916,513.887793294916,1.0,B
1822,302.1908733062446,941.6937245987356,4,1,A,False,False,-467.55283358867194,467.55283358867194,0.0,A
1823,237.60485462844372,484.6255090087652,8,1,A,False,False,-373.85906977247845,373.85906977247845,0.0,A
1824,1402.6308339089155,367.2031983733177,3,1,B,False,False,459.5261199413971,459.5261199413971,1.0,B
1825,1408.4153794683516,235.77516339719296,3,1,B,False,False,485.1999369662901,485.1999369662901,1.0,B
1826,647.2244001924992,117.70414235070348,5,1,A,False,False,-183.13447729346692,183.13447729346692,0.0,A
1827,11.336944531649351,575.5219180136919,2,1,A,False,False,-570.4669936854286,570.4669936854286,0.0,A
1828,1432.7942035160959,1338.6427438817918,3,1,B,False,False,549.2923382666887,549.2923382666887,1.0,B
1829,497.99551209434867,421.40147276222706,1,1,A,False,False,-136.4385959030234,136.4385959030234,0.0,A
1830,1342.6165678538382,1419.818957336247,3,1,B,False,False,392.07048292139996,392.07048292139996,1.0,B
1831,581.9391743279994,278.7149450741708,6,1,A,False,False,-181.3814096952824,181.3814096952824,0.0,A
1832,1233.382330276072,1495.9842804819345,4,1,B,False,False,321.17688429322516,321.17688429322516,1.0,B
1833,831.9774493575096,1074.7935147956014,8,1,B,True,False,74.78142191887852,74.78142191887852,1.0,B
1834,1326.424463186413,160.00867215916514,3,1,B,False,False,452.8061840821985,452.8061840821985,1.0,B
1835,592.2645488753915,325.8068673312664,2,1,A,False,False,-126.4987340687345,126.4987340687345,0.0,A
1836,962.790903635323,62.89739208295941,4,1,B,False,False,109.89583629425,109.89583629425,1.0,B
1837,270.31988371163607,1274.4837538339198,5,1,A,False,False,-336.9795689899258,336.9795689899258,0.0,A
1838,1350.1098453998566,691.8453220278025,8,1,B,False,False,414.8729408438804,414.8729408438804,1.0,B
1839,368.0041506886482,1444.9066487140954,7,1,A,False,False,-304.7955039150525,304.7955039150525,0.0,A
1840,809.384610503912,324.05437901616096,1,1,B,True,True,21.876624052841507,21.876624052841507,0.7,B
1841,501.36255053803325,566.6280537843704,5,1,A,False,False,-127.42261440286445,127.42261440286445,0.0,A
1842,1273.5413862392306,523.3598942868412,7,1,B,False,False,643.44749989565,643.44749989565,1.0,B
1843,1322.0442119054496,889.8761942982674,1,1,B,False,False,448.52433082863087,448.52433082863087,1.0,B
1844,239.47152541950345,1071.2809581309557,5,1,A,False,False,-335.114479194248,335.114479194248,0.0,A
1845,216.4081698283553,1169.7746319696307,2,1,A,False,False,-380.9494219564773,380.9494219564773,0.0,A
1846,186.55061954632401,783.5805555805564,2,1,A,False,False,-506.83151867919634,506.83151867919634,0.0,A
1847,113.02640894427896,1327.0494136959314,2,1,A,False,False,-428.7339159698028,428.7339159698028,0.0,A
1848,31.626446172595024,434.019026812166,2,1,A,False,False,-500.4252053425828,500.4252053425828,0.0,A
1849,504.2138225398958,937.1248735114932,8,1,A,False,False,-301.995173588141,301.995173588141,0.0,A
1850,644.1425727680326,288.65962056443095,5,1,A,False,False,-124.23522268086838,124.23522268086838,0.0,A
1851,362.65618493780494,1366.4323445409536,8,1,A,False,False,-245.18205940459038,245.18205940459038,0.0,A
1852,917.7332734689116,806.1986337415874,6,1,B,True,False,59.30795675247113,59.30795675247113,1.0,A
1853,1212.8853709436953,1236.0023274086416,4,1,B,False,False,579.0444881156608,579.0444881156608,1.0,B
1854,1362.095387186855,1370.2446171082556,5,1,B,False,False,446.4387146569107,446.4387146569107,1.0,B
1855,657.8470556996763,1114.3957050517201,5,1,A,True,True,-19.742807787884864,19.742807787884864,0.3,A
1856,422.5906552746892,1415.8923458307981,7,1,A,False,False,-235.65427210489577,235.65427210489577,0.0,A
1857,1060.6505186297,714.1292472369969,3,1,B,False,False,201.90432678825988,201.90432678825988,1.0,B
1858,395.8416567184031,1074.1715915501118,8,1,A,False,False,-226.221260347643,226.221260347643,0.0,A
1859,356.8064672872424,1137.7952238544822,5,1,A,False,False,-245.35580741116794,245.35580741116794,0.0,A
1860,252.88490485399961,936.1631870269775,6,1,A,False,False,-522.5872845347745,522.5872845347745,0.0,A
1861,1166.1303620785475,1495.3215261921287,5,1,B,False,False,265.8945527892573,265.8945527892573,1.0,B
1862,866.5962014347315,870.1471877284348,5,1,A,True,True,-3.2863618876739595,3.2863618876739595,0.45,A
1863,1139.8596893996,222.93828008696437,6,1,B,False,False,256.132664076753,256.132664076753,1.0,B
1864,966.2415613420308,1372.8211792185903,6,1,B,False,False,169.52586398284856,169.52586398284856,1.0,B
1865,1324.7687886469066,696.6841737739742,3,1,B,False,False,393.58741358772886,393.58741358772886,1.0,B
1866,413.8426543213427,1403.1315743923187,5,1,A,False,False,-231.06016814226817,231.06016814226817,0.0,A
1867,1395.0492348521948,1404.4980495236814,4,1,B,False,False,435.77709036153766,435.77709036153766,1.0,B
1868,1157.6094143092632,602.574813645333,6,1,B,False,False,411.108582745717,411.108582745717,1.0,B
1869,752.8124400414526,81.72370539978147,5,1,A,True,False,-60.537368082567376,60.537368082567376,0.0,A
1870,522.2291154786944,496.2885668501258,2,1,A,False,False,-107.74745245255072,107.74745245255072,0.0,A
1871,1243.5245350934565,1355.599272530526,6,1,B,False,False,383.2997005398494,383.2997005398494,1.0,B
1872,631.1527169309556,29.340702574700117,5,1,A,False,False,-104.0274309565874,104.0274309565874,0.0,A
1873,750.2530748024583,269.50978115200996,5,1,A,True,False,-61.52251826589749,61.52251826589749,0.0,A
1874,619.2056788131595,458.31691240891814,6,1,A,True,True,-27.061838326253376,27.061838326253376,0.25,B
1875,1314.0937518328428,1080.0031092949212,6,1,B,False,False,413.4600545978662,413.4600545978662,1.0,B
1876,556.8488370627165,380.78815257176757,6,1,A,False,False,-111.38964033005777,111.38964033005777,0.0,A
1877,866.2626366131008,1377.3058550432324,3,1,B,True,False,96.68857318848656,96.68857318848656,1.0,B
1878,1127.5680460967124,1052.7967549860477,3,1,B,False,False,258.98491146755225,258.98491146755225,1.0,B
1879,191.40255264937878,579.0085857734084,6,1,A,False,False,-404.3443395754119,404.3443395754119,0.0,A
1880,756.797291804105,1139.8466709069908,4,1,B,True,False,74.89887432971213,74.89887432971213,1.0,B
1881,150.70191817358136,119.97287767007947,1,1,A,False,False,-627.8360312874657,627.8360312874657,0.0,A
1882,309.0324467048049,409.7275882959366,1,1,A,False,False,-278.57812168196494,278.57812168196494,0.0,A
1883,991.2888812832534,896.4654011651874,4,1,B,False,False,120.96333807033665,120.96333807033665,1.0,B
1884,285.8717772178352,932.1468095295131,8,1,A,False,False,-502.76634508488036,502.76634508488036,0.0,A
1885,1498.2328182086349,1462.4078879132867,3,1,B,False,False,505.61146251115196,505.61146251115196,1.0,B
1886,4.443058278411627,157.5682433322072,2,1,A,False,False,-852.170514859777,852.170514859777,0.0,A
1887,311.6089627146721,846.0261840373278,8,1,A,False,False,-534.2418292202414,534.2418292202414,0.0,A
1888,511.10190292820334,102.26545063778758,8,1,A,False,False,-279.67239711126746,279.67239711126746,0.0,A
1889,1080.3043395280838,1439.9860496632755,3,1,B,False,False,202.8929243039794,202.8929243039794,1.0,B
1890,1059.315946418792,1310.407418757677,8,1,B,False,False,317.023898789328,317.023898789328,1.0,B
1891,1001.3818424195051,526.1396449059248,3,1,B,False,False,371.35302381250557,371.35302381250557,1.0,B
1892,1482.1603428572416,1373.963360209018,7,1,B,False,False,524.670304324978,524.670304324978,1.0,B
1893,1136.752502527088,274.6124966070056,2,1,B,False,False,238.62510356187772,238.62510356187772,1.0,B
1894,1062.3824028298259,419.2943782545626,4,1,B,False,False,287.65347342357927,287.65347342357927,1.0,B
1895,472.678329795599,524.3438137695193,2,1,A,False,False,-157.32058581446628,157.32058581446628,0.0,A
1896,147.14566385373473,465.36407992243767,6,1,A,False,False,-437.89813119230865,437.89813119230865,0.0,A
1897,769.63099418208,562.4039419926703,1,1,B,False,False,125.27664052717431,125.27664052717431,1.0,B
1898,1124.535001348704,958.9921119622886,5,1,B,False,False,231.0451003010065,231.0451003010065,1.0,B
1899,835.7308683916926,484.90262869745493,6,1,B,False,False,185.16629628149008,185.16629628149008,1.0,B
1900,1124.8235134407878,142.31572346761823,3,1,B,False,False,248.18936783746557,248.18936783746557,1.0,B
1901,465.673073194921,40.13199359178543,8,1,A,False,False,-230.03838957261263,230.03838957261263,0.0,A
1902,724.7571554034948,1084.8795329220593,5,1,B,True,True,8.182385276241282,8.182385276241282,0.55,A
1903,1207.5245473533869,385.5477129109204,3,1,B,False,False,346.1760476339838,346.1760476339838,1.0,B
1904,1481.2452206388116,1267.6079864613712,3,1,B,False,False,781.7789086717422,781.7789086717422,1.0,B
1905,1460.464850999415,8.272024802863598,4,1,B,False,False,478.04004173714225,478.04004173714225,1.0,B
1906,826.7517378553748,1054.5137193985283,3,1,B,True,False,55.55221709584004,55.55221709584004,1.0,B
1907,931.589946616441,416.83511110022664,5,1,B,False,False,186.34390188750712,186.34390188750712,1.0,B
1908,1049.2415777407587,782.4593363329768,6,1,B,False,False,170.86469295846143,170.86469295846143,1.0,B
1909,1186.2102169543505,192.38245859742165,4,1,B,False,False,313.3095606153593,313.3095606153593,1.0,B
1910,146.05784369632602,6.166086997836828,2,1,A,False,False,-415.7716148240671,415.7716148240671,0.0,A
1911,15.374332666397095,1244.0375201404095,7,1,A,False,False,-606.2871555457259,606.2871555457259,0.0,A
1912,958.8363063521683,19.53045604750514,4,1,B,False,False,128.9066373578948,128.9066373578948,1.0,B
1913,537.5183369033039,755.5780420079827,6,1,A,False,False,-196.07903563764575,196.07903563764575,0.0,A
1914,1343.7478970736265,48.78969630226493,8,1,B,False,False,388.596320910888,388.596320910888,1.0,B
1915,89.74692039191723,731.9277562201023,1,1,A,False,False,-482.77875889522073,482.77875889522073,0.0,A
1916,1073.4928487800062,1096.071279142052,6,1,B,False,False,264.6455246514754,264.6455246514754,1.0,B
1917,55.493409745395184,613.166541326791,8,1,A,False,False,-484.3429516803437,484.3429516803437,0.0,A
1918,678.9649450220168,675.3090983256698,5,1,A,True,True,-30.786207437941115,30.786207437941115,0.25,A
1919,1012.3703903518617,0.7624123245477676,8,1,B,False,False,177.95642040828588,177.95642040828588,1.0,B
1920,458.4829551167786,986.1929062753916,2,1,A,False,False,-264.3312433274929,264.3312433274929,0.0,A
1921,168.55795495212078,985.755727160722,5,1,A,False,False,-480.11182005433506,480.11182005433506,0.0,A
1922,1137.213645502925,464.03949335217476,4,1,B,False,False,427.18653162362466,427.18653162362466,1.0,B
1923,1190.3523383662105,314.2438558861613,1,1,B,False,False,281.4783089859519,281.4783089859519,1.0,B
1924,369.57573937252164,1378.3817226067185,8,1,A,False,False,-245.55546463710755,245.55546463710755,0.0,A
1925,1367.0527786016464,1411.6168306209147,3,1,B,False,False,412.53740801805833,412.53740801805833,1.0,B
1926,430.7854981161654,618.4978228993714,8,1,A,False,False,-186.5289838816145,186.5289838816145,0.0,A
1927,1208.6906572803855,293.122848495841,6,1,B,False,False,291.52385719898143,291.52385719898143,1.0,B
1928,597.1698984503746,1156.0273580253124,6,1,A,True,False,-46.72512663622879,46.72512663622879,0.0,A
1929,1140.8898141235113,1207.9810523428023,8,1,B,False,False,502.78367662756017,502.78367662756017,1.0,B
1930,949.3615552783012,992.1882692724466,5,1,B,False,False,102.13578751158354,102.13578751158354,1.0,B
1931,813.8157147914171,1451.403264887631,8,1,B,True,True,7.479898406141417,7.479898406141417,0.5,A
1932,429.7260018065572,1175.3601268865168,6,1,A,False,False,-192.28280238863863,192.28280238863863,0.0,A
1933,1063.380951527506,1208.6416692472994,5,1,B,False,False,426.8223704449066,426.8223704449066,1.0,B
1934,1163.207923527807,851.7937883734703,6,1,B,False,False,288.72603213983916,288.72603213983916,1.0,B
1935,758.4151863120496,416.1527962423861,3,1,B,True,False,56.36286090598223,56.36286090598223,1.0,B
1936,84.42769898101687,596.8084037303925,1,1,A,False,False,-478.2341483330322,478.2341483330322,0.0,A
1937,50.129564478993416,1481.1914982274175,2,1,A,False,False,-607.8643673319857,607.8643673319857,0.0,A
1938,1107.450821902603,831.5027179196477,4,1,B,False,False,228.0624528412045,228.0624528412045,1.0,B
1939,894.6834406815469,108.7115309201181,3,1,B,True,False,38.785379449555094,38.785379449555094,0.95,B
1940,621.5848093852401,1025.4360157996416,5,1,A,False,False,-106.60633370348393,106.60633370348393,0.0,A
1941,34.31463148444891,1354.9817972816527,6,1,A,False,False,-474.98541086188,474.98541086188,0.0,A
1942,894.4178391247988,676.0622975416481,6,1,B,False,False,117.10639630627587,117.10639630627587,1.0,B
1943,1338.253160007298,543.6142114922404,8,1,B,False,False,695.5116299111011,695.5116299111011,1.0,B
1944,301.78201105445623,160.16912693157792,8,1,A,False,False,-561.4476287441115,561.4476287441115,0.0,A
1945,259.6064144745469,613.6260386556387,8,1,A,False,False,-322.1143727217775,322.1143727217775,0.0,A
1946,207.3577749542892,960.3204969316721,6,1,A,False,False,-504.13437191739763,504.13437191739763,0.0,A
1947,1122.6712223142385,771.3917763903737,3,1,B,False,False,227.7738630883432,227.7738630883432,1.0,B
1948,1230.6895921938121,31.219240743666887,8,1,B,False,False,310.92679643210465,310.92679643210465,1.0,B
1949,1110.7948310673237,676.7006311565638,3,1,B,False,False,265.52167812702646,265.52167812702646,1.0,B
1950,381.90245255827904,815.7105641439557,1,1,A,False,False,-413.7397335367306,413.7397335367306,0.0,A
1951,1343.891720753163,937.3322809115052,4,1,B,False,False,427.2919163704373,427.2919163704373,1.0,B
1952,733.3553130738437,888.0904032848775,5,1,A,False,False,-134.74732076256296,134.74732076256296,0.0,A
1953,537.495652679354,533.1426104530692,6,1,A,True,False,-92.53891138795458,92.53891138795458,0.0,A
1954,570.7245287485421,324.8074888251722,1,1,A,False,False,-142.21475119180215,142.21475119180215,0.0,A
1955,275.1898798160255,952.7711109258235,7,1,A,False,False,-465.96910655758063,465.96910655758063,0.0,A
1956,873.0392307043076,1244.2925688810647,3,1,B,False,False,237.19398552410058,237.19398552410058,1.0,B
1957,750.5703731440008,879.5886682346463,2,1,A,False,False,-119.21066556072012,119.21066556072012,0.0,A
1958,573.0584599077702,1475.501514505595,2,1,A,False,False,-193.1831983349474,193.1831983349474,0.0,A
1959,298.34906570613384,1347.750584129244,2,1,A,False,False,-286.5716127894073,286.5716127894073,0.0,A
1960,69.9559897184372,1295.129160862416,7,1,A,False,False,-492.3905619879881,492.3905619879881,0.0,A
1961,1127.101737074554,342.14333072304726,3,1,B,False,False,251.15648260236566,251.15648260236566,1.0,B
1962,1075.5899813957512,1312.6306626945734,3,1,B,False,False,326.3016664356784,326.3016664356784,1.0,B
1963,1293.6566267162561,1008.7265786714852,2,1,B,False,False,352.987760578815,352.987760578815,1.0,B
1964,873.7326865084469,198.3103919774294,6,1,B,True,True,6.196648180191293,6.196648180191293,0.65,B
1965,1361.0656200908124,11.714074295014143,8,1,B,False,False,408.4008670776617,408.4008670776617,1.0,B
1966,1410.9311224892735,1257.7575976029038,6,1,B,False,False,740.5386170246363,740.5386170246363,1.0,B
1967,1083.6054109968245,1214.181186631322,5,1,B,False,False,450.5895379006956,450.5895379006956,1.0,B
1968,6.1256722547113895,601.6607894562185,8,1,A,False,False,-537.4639102458768,537.4639102458768,0.0,A
1969,1028.3542522229254,115.94547098502517,4,1,B,False,False,153.5312998844081,153.5312998844081,1.0,B
1970,769.3482153117657,363.83027164265513,1,1,B,True,False,23.370223483449745,23.370223483449745,0.85,B
1971,502.20161816105247,743.1861259974539,5,1,A,False,False,-207.58487676607479,207.58487676607479,0.0,A
1972,795.4006833024323,724.1361290216446,4,1,B,True,True,13.508380948309371,13.508380948309371,0.65,B
1973,1359.9797235801816,1345.4287271015346,4,1,B,False,False,483.054915732401,483.054915732401,1.0,B
1974,398.2261042110622,1283.094383776188,4,1,A,False,False,-218.28573215130064,218.28573215130064,0.0,A
1975,852.2773487493396,1262.2115202248096,4,1,B,False,False,203.3405778767116,203.3405778767116,1.0,B
1976,976.1115121655166,698.5498946160078,5,1,B,False,False,154.91264769383096,154.91264769383096,1.0,B
1977,1406.626501120627,1312.9948186688125,4,1,B,False,False,588.6128113009944,588.6128113009944,1.0,B
1978,975.011165253818,106.98409052565694,3,1,B,False,False,107.7935834158351,107.7935834158351,1.0,B
1979,1482.540238648653,961.580484174192,7,1,B,False,False,516.2694155456762,516.2694155456762,1.0,B
1980,1071.9589004293084,474.2813282646239,6,1,B,False,False,388.3831645379465,388.3831645379465,1.0,B
1981,346.2624382227659,787.4370985664427,1,1,A,False,False,-388.5717769974897,388.5717769974897,0.0,A
1982,85.68523451685905,1281.3309361226857,1,1,A,False,False,-495.9002119896647,495.9002119896647,0.0,A
1983,1378.2630991190672,1075.7432109676301,3,1,B,False,False,452.5795129794461,452.5795129794461,1.0,B
1984,338.1460150703788,267.6337296143174,1,1,A,False,False,-385.507811904288,385.507811904288,0.0,A
1985,841.3705271668732,444.9724378064275,3,1,B,False,False,148.24952286524973,148.24952286524973,1.0,B
1986,1164.6658941172063,1212.0846407487988,3,1,B,False,False,529.7646854218511,529.7646854218511,1.0,B
1987,492.87858372554183,899.1330075077713,7,1,A,False,False,-364.6725804572055,364.6725804572055,0.0,A
1988,335.04772558808327,929.3880597688258,7,1,A,False,False,-464.967825708272,464.967825708272,0.0,A
1989,336.3909674808383,158.58672140166163,7,1,A,False,False,-525.7775124986244,525.7775124986244,0.0,A
1990,282.5768468901515,1467.3204151913524,6,1,A,False,False,-400.8129267548928,400.8129267548928,0.0,A
1991,561.8434497155249,1240.7671180553734,6,1,A,True,False,-68.56943035595116,68.56943035595116,0.0,A
1992,1250.8984515443444,432.4265434406698,7,1,B,False,False,455.3031978210115,455.3031978210115,1.0,B
1993,717.6049193367362,1156.806780025363,6,1,B,True,False,55.96650708111898,55.96650708111898,1.0,B
1994,590.1684779673815,59.72977448254824,6,1,A,False,False,-162.25107190509934,162.25107190509934,0.0,A
1995,712.7006705850363,1123.4257277101278,6,1,B,True,False,27.55094783755353,27.55094783755353,0.8,B
1996,161.1533286049962,909.2225264757872,7,1,A,False,False,-668.6592777681434,668.6592777681434,0.0,A
1997,275.5397125147283,1388.540611602366,5,1,A,False,False,-315.32646255273994,315.32646255273994,0.0,A
1998,813.3493191562593,741.161827929318,3,1,B,True,True,14.121424239082112,14.121424239082112,0.65,B
1999,1360.378357116133,902.7223996818066,3,1,B,False,False,477.55783379262994,477.55783379262994,1.0,B
2000,1317.212329711765,1034.1879967600107,4,1,B,False,False,376.4017132668141,376.4017132668141,1.0,B
2001,594.9278483167291,554.5545550994575,1,1,A,True,False,-37.791855375099736,37.791855375099736,0.0,A
2002,1285.2512444369495,1337.0141554623842,3,1,B,False,False,443.52853919799,443.52853919799,1.0,B
2003,1260.9295696020126,355.11665185913444,2,1,B,False,False,351.5763901406736,351.5763901406736,1.0,B
2004,41.46324098110199,78.71518889442086,2,1,A,False,False,-608.349424259484,608.349424259484,0.0,A
2005,1466.9490354135633,570.0981505215168,8,1,B,False,False,761.5618168158834,761.5618168158834,1.0,B
2006,987.5820027664304,298.8104489631951,4,1,B,False,False,132.6396225743525,132.6396225743525,1.0,B
2007,1485.2255210280418,115.5971260741353,3,1,B,False,False,554.2528300073825,554.2528300073825,1.0,B
2008,1079.6450274065137,1274.6007051318884,4,1,B,False,False,397.2862208280814,397.2862208280814,1.0,B
2009,1203.9232277311385,1288.632762618363,4,1,B,False,False,479.5045602331856,479.5045602331856,1.0,B
2010,792.1334411948919,991.9110503979027,6,1,A,True,True,-12.890457777807349,12.890457777807349,0.45,A
2011,809.7246349789202,824.2715941742063,6,1,A,True,False,-43.42370641914822,43.42370641914822,0.05,A
2012,996.1847411468625,547.0617315731943,3,1,B,False,False,355.9358570195004,355.9358570195004,1.0,B
2013,379.888413939625,802.4227414280176,5,1,A,False,False,-389.7725129276512,389.7725129276512,0.0,A
2014,213.97511148825288,105.07095046341419,1,1,A,False,False,-535.0860243701592,535.0860243701592,0.0,A
2015,542.3334259539843,432.86401871591806,6,1,A,True,False,-99.06880807510127,99.06880807510127,0.0,A
2016,499.39214531332254,1008.0629121512175,8,1,A,False,False,-208.22106294619456,208.22106294619456,0.0,A
2017,186.77289225161076,188.87051241472363,8,1,A,False,False,-676.2755360845649,676.2755360845649,0.0,A
2018,1422.9304064065218,59.93403447791934,3,1,B,False,False,448.8654425367479,448.8654425367479,1.0,B
2019,992.757938336581,1168.8668746501207,7,1,B,False,False,308.61030290654395,308.61030290654395,1.0,B
2020,1090.098931454122,696.1784698069096,7,1,B,False,False,234.2723427641311,234.2723427641311,1.0,B
2021,1226.4403109438717,133.1876004114747,7,1,B,False,False,339.3036411964692,339.3036411964692,1.0,B
2022,913.0855179391801,1154.5178317464888,4,1,B,False,False,219.18383960328384,219.18383960328384,1.0,B
2023,1477.337556425482,851.9295793958008,4,1,B,False,False,595.4739167454412,595.4739167454412,1.0,B
2024,1465.3261438943446,992.5064756534994,3,1,B,False,False,478.8141779639318,478.8141779639318,1.0,B
2025,1438.501249998808,125.32433168962598,3,1,B,False,False,526.2309035414851,526.2309035414851,1.0,B
2026,905.9392637573183,1477.7674321085215,6,1,B,True,False,60.788968287853265,60.788968287853265,1.0,B
2027,303.4262484870851,55.38312625139952,2,1,A,False,False,-365.84976765997783,365.84976765997783,0.0,A
2028,1031.20835730806,963.4817051701248,4,1,B,False,False,156.30022643382924,156.30022643382924,1.0,B
2029,36.26583097502589,1324.7845759615302,7,1,A,False,False,-488.8833191629872,488.8833191629872,0.0,A
2030,1029.1245630942285,1263.548414222896,5,1,B,False,False,368.21360104764466,368.21360104764466,1.0,B
2031,1315.3073396533728,471.4768580161035,8,1,B,False,False,601.337239201941,601.337239201941,1.0,B
2032,774.7283955104649,671.104519162327,6,1,B,True,False,38.44964800588761,38.44964800588761,0.95,B
2033,786.4554170519114,1218.566500581801,7,1,B,False,False,155.95433211375465,155.95433211375465,1.0,B
2034,606.4332593232393,543.0656285025179,6,1,A,True,False,-24.769249006509874,24.769249006509874,0.2,B
2035,361.97449872270226,265.7016799785197,1,1,A,False,False,-370.33868051685374,370.33868051685374,0.0,A
2036,265.1702631264925,1242.4149247817695,1,1,A,False,False,-361.2491449054857,361.2491449054857,0.0,A
2037,848.5476491041481,980.807579588145,6,1,B,True,False,21.60282965065611,21.60282965065611,0.85,A
2038,35.81081237643957,1042.2201314941049,1,1,A,False,False,-492.2646002988437,492.2646002988437,0.0,A
2039,26.836294680833817,26.08993649482727,2,1,A,False,False,-518.5285069017609,518.5285069017609,0.0,A
2040,701.8743613734841,1279.9417153000832,5,1,B,True,False,51.292095400204175,51.292095400204175,1.0,A
2041,1316.8040961027145,846.9946892000735,3,1,B,False,False,435.2259486985139,435.2259486985139,1.0,B
2042,285.1845030672848,29.144972562789917,2,1,A,False,False,-343.59812822610627,343.59812822610627,0.0,A
2043,1061.2530377693474,841.7346635833383,5,1,B,False,False,187.38124988596974,187.38124988596974,1.0,B
2044,129.34733368456364,377.113685477525,2,1,A,False,False,-409.03704652903144,409.03704652903144,0.0,A
2045,1022.2722343169153,794.8184553533792,6,1,B,False,False,148.42627910888606,148.42627910888606,1.0,B
2046,1310.1659514941275,1301.5864212065935,3,1,B,False,False,539.0317903618513,539.0317903618513,1.0,B
2047,1136.9191920384765,582.9138583503664,5,1,B,False,False,432.987070832028,432.987070832028,1.0,B
2048,141.2268541753292,1116.0650616511703,1,1,A,False,False,-404.00994098230433,404.00994098230433,0.0,A
2049,206.5831613726914,606.6730418242514,6,1,A,False,False,-368.4986432992269,368.4986432992269,0.0,A
2050,659.28108477965,965.4406439512968,1,1,A,False,False,-136.55200177247082,136.55200177247082,0.0,A
2051,1012.9959653131664,177.32270853593946,3,1,B,False,False,142.98600082735737,142.98600082735737,1.0,B
2052,304.5018366537988,1320.341069251299,7,1,A,False,False,-284.5829549369037,284.5829549369037,0.0,A
2053,814.303639344871,1288.9954880811274,4,1,B,False,False,142.44281119124932,142.44281119124932,1.0,B
2054,914.1486128792167,50.081281922757626,6,1,B,True,False,80.3909796417493,80.3909796417493,1.0,B
2055,963.9290780760348,1005.8632590807974,4,1,B,False,False,118.90154315451704,118.90154315451704,1.0,B
2056,79.98635340481997,743.4157943353057,2,1,A,False,False,-506.9297133498989,506.9297133498989,0.0,A
2057,607.0984359830618,762.9563184455037,2,1,A,False,False,-153.2428441033838,153.2428441033838,0.0,A
2058,45.04799097776413,822.9747489094734,8,1,A,False,False,-730.7258275482134,730.7258275482134,0.0,A
2059,186.93286646157503,1466.0581299103796,2,1,A,False,False,-469.9390382205784,469.9390382205784,0.0,A
2060,259.29694483056664,1494.5683968253434,2,1,A,False,False,-473.14039076958346,473.14039076958346,0.0,A
2061,1008.7831579148769,428.1623801216483,5,1,B,False,False,259.65210919742697,259.65210919742697,1.0,B
2062,183.21092147380114,721.7617146670818,2,1,A,False,False,-405.6060532004101,405.6060532004101,0.0,A
2063,1099.5385274291039,442.2821821644902,7,1,B,False,False,354.0244262131351,354.0244262131351,1.0,B
2064,598.4998648054898,1303.3728701993823,8,1,A,True,False,-49.21910054503977,49.21910054503977,0.0,A
2065,1397.6901825517416,788.3855681866407,5,1,B,False,False,448.53281171464823,448.53281171464823,1.0,B
2066,913.4200690314174,565.6456584110856,4,1,B,False,False,257.1835687504798,257.1835687504798,1.0,B
2067,1168.549073394388,243.00932697951794,4,1,B,False,False,272.4693218425382,272.4693218425382,1.0,B
2068,1430.7317985221744,238.9664906077087,8,1,B,False,False,500.6023093303249,500.6023093303249,1.0,B
2069,1348.6491031944752,243.54382138699293,5,1,B,False,False,425.18837476492723,425.18837476492723,1.0,B
2070,488.9227682724595,208.98042898625135,1,1,A,False,False,-357.3115173094107,357.3115173094107,0.0,A
2071,1496.66369240731,1213.8127419166267,8,1,B,False,False,861.0540433291103,861.0540433291103,1.0,B
2072,1411.8462447077036,1338.9479890465736,8,1,B,False,False,533.2434607447739,533.2434607447739,1.0,B
2073,249.41034195944667,1145.569609478116,2,1,A,False,False,-335.02338747116465,335.02338747116465,0.0,A
2074,1290.7098163850605,744.0336048603058,4,1,B,False,False,350.70590499127076,350.70590499127076,1.0,B
2075,759.727596770972,796.8548289500177,6,1,A,True,False,-67.28552799406428,67.28552799406428,0.0,A
2076,412.52845572307706,278.6208400502801,7,1,A,False,False,-309.7141443913917,309.7141443913917,0.0,A
2077,392.77098001912236,235.33887416124344,5,1,A,False,False,-402.21057525637747,402.21057525637747,0.0,A
2078,695.8307968452573,1106.3056359998882,4,1,B,True,True,2.859635766200357,2.859635766200357,0.6,A
2079,893.0659261532128,1489.7140385583043,4,1,B,True,False,45.31418127237444,45.31418127237444,0.95,B
2080,743.8249667175114,1390.315869357437,4,1,B,True,True,2.8925863574658557,2.8925863574658557,0.4,B
2081,1202.6410843245685,1369.7885982692242,3,1,B,False,False,336.3856724665739,336.3856724665739,1.0,B
2082,307.0817640982568,368.8998073339462,7,1,A,False,False,-289.7973086271371,289.7973086271371,0.0,A
2083,712.5173443928361,829.4902397319674,1,1,A,False,False,-135.7089677902569,135.7089677902569,0.0,A
2084,839.2791165970266,98.98037044331431,5,1,A,True,True,-3.186419924312773,3.186419924312773,0.5,A
2085,1238.1443548947573,1006.4840451814234,7,1,B,False,False,313.49101247212604,313.49101247212604,1.0,B
2086,1368.1728229857981,736.576016061008,4,1,B,False,False,405.76085561203826,405.76085561203826,1.0,B
2087,907.5909820385277,853.199852630496,4,1,B,True,False,39.034230426016904,39.034230426016904,0.9,A
2088,277.8898123651743,343.892689794302,8,1,A,False,False,-325.95317161773727,325.95317161773727,0.0,A
2089,1050.7109924219549,1277.5628808885813,3,1,B,False,False,366.08787680763834,366.08787680763834,1.0,B
2090,1441.8184678070247,735.7932971790433,8,1,B,False,False,457.33572071356355,457.33572071356355,1.0,B
2091,308.79439087584615,1232.0779063738883,1,1,A,False,False,-320.69871104744885,320.69871104744885,0.0,A
2092,460.111475083977,1307.0777328684926,3,1,A,False,False,-162.84021606019837,162.84021606019837,0.0,A
2093,210.49921866506338,663.4302944876254,6,1,A,False,False,-350.6745399751035,350.6745399751035,0.0,A
2094,405.8524710126221,981.6873008385301,2,1,A,False,False,-310.0597655263031,310.0597655263031,0.0,A
2095,625.4753856919706,584.4569988548756,5,1,A,True,True,-18.60245514965317,18.60245514965317,0.25,A
2096,571.0075283423066,506.9102724082768,2,1,A,True,False,-59.67300196900776,59.67300196900776,0.0,A
2097,271.21995063498616,92.50670811161399,5,1,A,False,False,-458.97943795319253,458.97943795319253,0.0,A
2098,1080.9959890320897,291.06998909264803,3,1,B,False,False,198.0442993336255,198.0442993336255,1.0,B
2099,765.800419729203,1358.5854065604508,6,1,B,True,False,41.919566616845884,41.919566616845884,0.95,B
2100,888.658685144037,728.4354642033577,5,1,B,True,False,75.02315844639777,75.02315844639777,1.0,B
2101,366.05338705703616,131.45978841930628,5,1,A,False,False,-457.8542107906743,457.8542107906743,0.0,A
2102,1038.934137672186,440.88911823928356,3,1,B,False,False,302.78081153187463,302.78081153187463,1.0,B
2103,1274.1676638834178,62.02725833281875,5,1,B,False,False,340.023906470534,340.023906470534,1.0,B
2104,472.346265334636,1482.3337686248124,5,1,A,False,False,-280.45681722068946,280.45681722068946,0.0,A
2105,1056.8652413785458,1472.1469217911363,4,1,B,False,False,177.8582133876451,177.8582133876451,1.0,B
2106,405.07472259923816,353.8929861970246,6,1,A,False,False,-231.90564365278968,231.90564365278968,0.0,A
2107,226.52299934998155,1496.1454547010362,1,1,A,False,False,-503.4719840528065,503.4719840528065,0.0,A
2108,1304.1931721381843,577.5941382162273,3,1,B,False,False,593.6766712503271,593.6766712503271,1.0,B
2109,512.4330148100853,1273.6066561192274,6,1,A,False,False,-117.23488676899441,117.23488676899441,0.0,A
2110,1007.2322809137404,672.734803520143,3,1,B,False,False,197.94522250819213,197.94522250819213,1.0,B
2111,194.40844701603055,1258.0092642456293,2,1,A,False,False,-420.5152481938964,420.5152481938964,0.0,A
2112,1120.1709522865713,581.9522221572697,6,1,B,False,False,420.0750418847167,420.0750418847167,1.0,B
2113,1329.3833672069013,552.0935556851327,6,1,B,False,False,673.5645666621006,673.5645666621006,1.0,B
2114,1451.5161397866905,903.5962354391813,3,1,B,False,False,564.7151914021957,564.7151914021957,1.0,B
2115,318.454931024462,1476.6918998211622,1,1,A,False,False,-390.37605505620394,390.37605505620394,0.0,A
2116,564.1961046494544,467.0021873898804,5,1,A,True,False,-72.01647939971997,72.01647939971997,0.0,A
2117,1328.2310664653778,879.3160021305084,5,1,B,False,False,457.9228050078728,457.9228050078728,1.0,B
2118,530.0263543613255,1480.7969606481493,4,1,A,False,False,-233.23481192319338,233.23481192319338,0.0,A
2119,359.1077886521816,1497.1634913235903,6,1,A,False,False,-396.845282351676,396.845282351676,0.0,A
2120,515.0431743822992,233.1348666921258,7,1,A,False,False,-298.6628393584938,298.6628393584938,0.0,A
2121,12.947261799126863,146.08378149569035,8,1,A,False,False,-822.1961583805657,822.1961583805657,0.0,A
2122,1238.7543618679047,1064.3894858658314,4,1,B,False,False,344.5959087697569,344.5959087697569,1.0,B
2123,1284.7400880418718,107.85345872864127,3,1,B,False,False,372.0177913727087,372.0177913727087,1.0,B
2124,459.62953101843596,564.8773382417858,2,1,A,False,False,-166.51442247635697,166.51442247635697,0.0,A
2125,536.9072933681309,1012.0784291066229,1,1,A,False,False,-177.64138307328412,177.64138307328412,0.0,A
2126,270.2052863314748,290.9122402779758,2,1,A,False,False,-395.959911122086,395.959911122086,0.0,A
2127,258.1375362351537,323.59335478395224,8,1,A,False,False,-359.1856397233976,359.1856397233976,0.0,A
2128,761.4451688714325,1430.910930968821,4,1,A,True,True,-14.879433738401394,14.879433738401394,0.3,A
2129,387.97252625226974,1377.4207960814238,1,1,A,False,False,-232.4266163172335,232.4266163172335,0.0,A
2130,906.9007965736091,503.5435468889773,5,1,B,False,False,269.0243449005665,269.0243449005665,1.0,B
2131,851.7937981523573,554.5292682945728,8,1,B,False,False,209.42599816299983,209.42599816299983,1.0,B
2132,1212.558620609343,406.375371851027,3,1,B,False,False,379.0098101145137,379.0098101145137,1.0,B
2133,766.3424187339842,811.2940792925656,6,1,A,True,False,-73.06140299637521,73.06140299637521,0.0,A
2134,830.6954903528094,780.8921299874783,6,1,B,True,True,0.7957223042924826,0.7957223042924826,0.55,A
2135,202.98657473176718,421.98278568685055,2,1,A,False,False,-359.9578076848713,359.9578076848713,0.0,A
2136,376.3010920956731,1135.2909347042441,6,1,A,False,False,-229.47466697015045,229.47466697015045,0.0,A
2137,1250.2849884331226,594.8372259736061,4,1,B,False,False,505.0947147387297,505.0947147387297,1.0,B
2138,1133.113328833133,207.02111721038818,4,1,B,False,False,256.35195662044805,256.35195662044805,1.0,B
2139,57.75051098316908,1369.603967294097,2,1,A,False,False,-458.01512439484065,458.01512439484065,0.0,A
2140,1173.0344113893807,1137.6360193826258,3,1,B,False,False,404.30536734898897,404.30536734898897,1.0,B
2141,1099.355916492641,710.8233980834484,6,1,B,False,False,230.35982359691428,230.35982359691428,1.0,B
2142,645.4617278650403,608.5738409310579,6,1,A,True,True,-13.499626139099615,13.499626139099615,0.4,A
2143,105.59380380436778,7.513195741921663,2,1,A,False,False,-444.4886684243604,444.4886684243604,0.0,A
2144,1037.0710585266352,532.3894810862839,5,1,B,False,False,405.7744711258567,405.7744711258567,1.0,B
2145,762.0085892267525,436.86917005106807,4,1,B,True,False,76.51438148404206,76.51438148404206,1.0,B
2146,401.3068601489067,590.0774477049708,1,1,A,False,False,-213.72759488483038,213.72759488483038,0.0,A
2147,957.403629552573,150.17530554905534,6,1,B,True,False,87.91421588335169,87.91421588335169,1.0,B
2148,501.2858700938523,451.1160193942487,1,1,A,False,False,-128.47115992530863,128.47115992530863,0.0,A
2149,77.93144462630153,1393.7364891171455,7,1,A,False,False,-453.0619510387207,453.0619510387207,0.0,A
2150,1470.7111394964159,1333.4694276563823,4,1,B,False,False,588.5706746620623,588.5706746620623,1.0,B
2151,564.0480760484934,12.228626757860184,6,1,A,False,False,-135.901385733273,135.901385733273,0.0,A
2152,1463.8067171908915,1499.9085366725922,4,1,B,False,False,514.5785047048914,514.5785047048914,1.0,B
2153,587.8274724818766,896.7747744172812,2,1,A,False,False,-273.9579879105458,273.9579879105458,0.0,A
2154,545.3768880106509,68.96519986912608,6,1,A,False,False,-206.16612606608666,206.16612606608666,0.0,A
2155,875.6395038217306,267.24486518651247,5,1,B,True,False,34.842562609379364,34.842562609379364,0.95,B
2156,1368.610817939043,1162.1618326753378,3,1,B,False,False,623.9698406715684,623.9698406715684,1.0,B
2157,1070.8727301098406,278.3099776133895,7,1,B,False,False,188.5338048231509,188.5338048231509,1.0,B
2158,332.11061311885715,1411.7772351019084,2,1,A,False,False,-293.8204389800736,293.8204389800736,0.0,A
2159,1437.8103017807007,1195.2087124809623,3,1,B,False,False,772.8537822306332,772.8537822306332,1.0,B
2160,529.5827435329556,921.8717110343277,2,1,A,False,False,-302.0202999859045,302.0202999859045,0.0,A
2161,1397.5464538671076,1190.390354488045,5,1,B,False,False,723.5894333269778,723.5894333269778,1.0,B
2162,730.3652255795896,646.5140227228403,5,1,B,True,False,25.877147808476483,25.877147808476483,0.85,A
2163,18.14782479777932,563.6632042005658,7,1,A,False,False,-581.2306669473675,581.2306669473675,0.0,A
2164,874.0375488996506,775.4653352312744,5,1,B,True,False,37.40016743589129,37.40016743589129,1.0,B
2165,331.99610793963075,251.94341456517577,1,1,A,False,False,-420.94033069540075,420.94033069540075,0.0,A
2166,796.2022419087589,49.06227299943566,3,1,A,True,True,-3.546756393457751,3.546756393457751,0.45,B
2167,228.14091620966792,719.8506002314389,1,1,A,False,False,-372.6931840491381,372.6931840491381,0.0,A
2168,345.5704436637461,678.9563409984112,6,1,A,False,False,-262.33299719489037,262.33299719489037,0.0,A
2169,3.2033873721957207,51.318027544766665,1,1,A,False,False,-575.8117012270753,575.8117012270753,0.0,A
2170,752.6400927454233,377.0017996430397,5,1,B,True,False,21.73027421207799,21.73027421207799,0.85,B
2171,734.2014773748815,1256.490994244814,5,1,B,True,False,95.23461192618112,95.23461192618112,1.0,B
2172,1233.5898731835186,375.8306005038321,7,1,B,False,False,352.8269698079446,352.8269698079446,1.0,B
2173,433.9910075068474,1285.7829770073295,1,1,A,False,False,-186.30348971529463,186.30348971529463,0.0,A
2174,1199.8762032017112,548.6980872228742,3,1,B,False,False,553.0532183463392,553.0532183463392,1.0,B
2175,1492.7337504923344,1420.9745828993618,8,1,B,False,False,494.7401009381545,494.7401009381545,1.0,B
2176,1274.9740686267614,396.37751737609506,5,1,B,False,False,408.5504628852634,408.5504628852634,1.0,B
2177,1058.9867485687137,1498.0099056847394,5,1,B,False,False,178.50293665709307,178.50293665709307,1.0,B
2178,817.849581129849,1480.2709487266839,6,1,A,True,True,-8.800886153932456,8.800886153932456,0.55,A
2179,1048.6292392015457,996.2637140415609,8,1,B,False,False,175.77912219979808,175.77912219979808,1.0,B
2180,273.7292046658695,1482.9837991856039,2,1,A,False,False,-437.1509314083348,437.1509314083348,0.0,A
2181,1451.8514145165682,1091.1976494826376,8,1,B,False,False,525.8174390662394,525.8174390662394,1.0,B
2182,182.17112263664603,933.4521889686584,1,1,A,False,False,-591.132059937647,591.132059937647,0.0,A
2183,666.6313949972391,1220.8636309951544,8,1,B,True,False,36.5195177129455,36.5195177129455,0.95,B
2184,347.0355710014701,387.0705831795931,1,1,A,False,False,-254.9134891136768,254.9134891136768,0.0,A
2185,845.5175128765404,1209.0969532728195,4,1,B,False,False,211.8246165140059,211.8246165140059,1.0,B
2186,920.6592910923064,1359.2766062356532,3,1,B,False,False,150.5556464555312,150.5556464555312,1.0,B
2187,1453.6220915615559,117.86827817559242,7,1,B,False,False,529.6470397995067,529.6470397995067,1.0,B
2188,1124.383868649602,304.68845274299383,8,1,B,False,False,232.40764706815415,232.40764706815415,1.0,B
2189,1075.4559547640383,130.42972376570106,4,1,B,False,False,198.19762914150826,198.19762914150826,1.0,B
2190,980.5057011544704,415.0841161608696,4,1,B,False,False,220.69330439982738,220.69330439982738,1.0,B
2191,35.19698046147823,923.3692386187613,2,1,A,False,False,-750.252443452427,750.252443452427,0.0,A
2192,291.85316897928715,644.6153693832457,1,1,A,False,False,-291.13933752725876,291.13933752725876,0.0,A
2193,106.42056819051504,483.75784093514085,7,1,A,False,False,-495.42016097449886,495.42016097449886,0.0,A
2194,596.5486261993647,1284.154123160988,1,1,A,True,False,-43.87194072320775,43.87194072320775,0.05,A
2195,887.8544988110662,278.8273114711046,8,1,B,True,False,50.15286210076225,50.15286210076225,1.0,B
2196,829.8492813482881,1152.1936892531812,8,1,B,False,False,146.5053404892667,146.5053404892667,1.0,B
2197,1005.2557792514563,801.711096893996,3,1,B,False,False,133.87482616169046,133.87482616169046,1.0,B
2198,501.8551731482148,1155.5002271197736,5,1,A,False,False,-127.59212961738928,127.59212961738928,0.0,A
2199,717.4325524829328,801.4595420099795,8,1,A,False,False,-106.27174593515457,106.27174593515457,0.0,A
2200,1082.445826381445,253.99058125913143,7,1,B,False,False,197.6137545615103,197.6137545615103,1.0,B
2201,1422.4228486418724,1479.4396497309208,6,1,B,False,False,460.45775415683266,460.45775415683266,1.0,B
2202,349.1634693928063,496.56147323548794,1,1,A,False,False,-274.74485919518776,274.74485919518776,0.0,A
2203,843.8373534008861,37.787174340337515,2,1,B,True,False,37.822495726861156,37.822495726861156,0.95,B
2204,989.4943772815168,1257.5308461673558,7,1,B,False,False,338.51588675248576,338.51588675248576,1.0,B
2205,1034.1718448325992,185.57210499420762,4,1,B,False,False,163.86055286034755,163.86055286034755,1.0,B
2206,31.207500491291285,1403.7405587732792,6,1,A,False,False,-491.94539741777555,491.94539741777555,0.0,A
2207,643.1783591397107,1081.298518460244,6,1,A,True,False,-51.10926034639077,51.10926034639077,0.0,A
2208,629.0173642337322,446.45891385152936,5,1,A,True,False,-24.2622184258553,24.2622184258553,0.2,A
2209,180.70590309798717,1023.2040043920279,1,1,A,False,False,-413.1318974854885,413.1318974854885,0.0,A
2210,773.4464309178293,378.72537737712264,5,1,B,True,False,37.431023086938325,37.431023086938325,0.95,B
2211,56.47649243474007,773.9541996270418,8,1,A,False,False,-585.2209878224737,585.2209878224737,0.0,A
2212,1228.4022755920887,782.3664117604494,4,1,B,False,False,311.05225719626054,311.05225719626054,1.0,B
2213,1391.9979874044657,1351.6739951446652,3,1,B,False,False,495.1976927286041,495.1976927286041,1.0,B
2214,243.0646112188697,1165.146344806999,8,1,A,False,False,-353.6667128048578,353.6667128048578,0.0,A
2215,128.92059283331037,1475.0639009289443,6,1,A,False,False,-532.437531201299,532.437531201299,0.0,A
2216,810.8566626906395,614.0813464298844,5,1,B,False,False,114.35768095017382,114.35768095017382,1.0,B
2217,187.94630840420723,126.27852335572243,7,1,A,False,False,-610.262231461175,610.262231461175,0.0,A
2218,108.63216128200293,1239.73822966218,2,1,A,False,False,-517.2221629324806,517.2221629324806,0.0,A
2219,97.064474131912,894.5900816470385,8,1,A,False,False,-757.7507165571222,757.7507165571222,0.0,A
2220,61.16256443783641,1051.1604049243033,7,1,A,False,False,-467.83799350387676,467.83799350387676,0.0,A
2221,685.897737275809,984.1370866633952,2,1,A,True,False,-97.63508095863337,97.63508095863337,0.0,A
2222,1332.465121988207,737.922940403223,4,1,B,False,False,380.61041106645195,380.61041106645195,1.0,B
2223,76.43941277638078,611.2076444551349,2,1,A,False,False,-469.5626020395667,469.5626020395667,0.0,A
2224,77.75903586298227,940.2611707337201,6,1,A,False,False,-663.5031730550023,663.5031730550023,0.0,A
2225,332.2331537492573,1293.2891082018614,6,1,A,False,False,-271.6817028482191,271.6817028482191,0.0,A
2226,806.3385738059878,73.0841844342649,5,1,A,True,True,-12.820673198136985,12.820673198136985,0.3,A
2227,304.20093471184373,1201.8871433101594,8,1,A,False,False,-320.5772818585822,320.5772818585822,0.0,A
2228,263.18555139005184,302.7673834003508,4,1,A,False,False,-382.6096884538555,382.6096884538555,0.0,A
2229,1422.3132021725178,444.4685149937868,7,1,B,False,False,620.8248750226585,620.8248750226585,1.0,B
2230,298.3719790354371,351.8129666335881,6,1,A,False,False,-305.97417064493055,305.97417064493055,0.0,A
2231,52.51477751880884,851.8585273995996,5,1,A,False,False,-795.5158617164019,795.5158617164019,0.0,A
2232,64.90200385451317,20.919235423207283,1,1,A,False,False,-485.9398945713292,485.9398945713292,0.0,A
2233,11.789068579673767,1109.9559995345771,6,1,A,False,False,-496.80042174363354,496.80042174363354,0.0,A
2234,1349.4508434087038,611.9664986617863,6,1,B,False,False,545.6696991975407,545.6696991975407,1.0,B
2235,961.8687238544226,603.9845910854638,3,1,B,False,False,248.04255043059734,248.04255043059734,1.0,B
2236,1306.6093996167183,1059.673943091184,7,1,B,False,False,386.5709985847447,386.5709985847447,1.0,B
2237,1241.7520824819803,251.19171291589737,4,1,B,False,False,329.64402281745504,329.64402281745504,1.0,B
2238,720.6655601039529,527.823144569993,4,1,B,True,False,90.59330126649968,90.59330126649968,1.0,B
2239,724.871308542788,581.038209144026,6,1,B,True,False,71.00708357445416,71.00708357445416,1.0,B
2240,467.7324160002172,1185.969790443778,2,1,A,False,False,-159.03726856721673,159.03726856721673,0.0,A
2241,1499.3016044609249,175.5285384133458,6,1,B,False,False,629.2947388663156,629.2947388663156,1.0,B
2242,1036.286431364715,929.8219420015812,6,1,B,False,False,160.88922687451142,160.88922687451142,1.0,B
2243,140.78710321336985,856.577814090997,1,1,A,False,False,-716.4031941099538,716.4031941099538,0.0,A
2244,210.328237619251,355.14055006206036,2,1,A,False,False,-363.6265163168599,363.6265163168599,0.0,A
2245,1341.6489707306027,316.24009693041444,3,1,B,False,False,387.56647686322054,387.56647686322054,1.0,B
2246,365.1040764525533,1054.3062784709036,1,1,A,False,False,-258.82619040816695,258.82619040816695,0.0,A
2247,800.647419411689,124.72957139834762,6,1,A,True,False,-51.90203094612975,51.90203094612975,0.0,A
2248,433.52726055309176,24.32863460853696,1,1,A,False,False,-236.0048047287719,236.0048047287719,0.0,A
2249,1447.0892110839486,1398.5222484916449,8,1,B,False,False,475.39454800482645,475.39454800482645,1.0,B
2250,1078.8435079157352,997.61100159958,4,1,B,False,False,197.97972661050534,197.97972661050534,1.0,B
2251,78.5918771289289,1428.2070421613753,2,1,A,False,False,-485.51843677380094,485.51843677380094,0.0,A
2252,1040.6562988646328,282.13140182197094,8,1,B,False,False,166.37511423848298,166.37511423848298,1.0,B
2253,642.9678392596543,88.90229975804687,5,1,A,False,False,-154.20956936376263,154.20956936376263,0.0,A
2254,582.9545371234417,728.5494427196681,5,1,A,False,False,-136.72914810301515,136.72914810301515,0.0,A
2255,1078.3884557895362,1193.4466673992574,6,1,B,False,False,424.78182946359306,424.78182946359306,1.0,B
2256,164.0554228797555,260.9737068414688,8,1,A,False,False,-537.2695512203388,537.2695512203388,0.0,A
2257,889.3457860685885,1357.8776414506137,3,1,B,False,False,129.78771991308278,129.78771991308278,1.0,B
2258,757.7058090828359,1026.1419187299907,1,1,A,True,True,-12.257832053655868,12.257832053655868,0.35,A
2259,1213.9010089449584,521.3994649238884,8,1,B,False,False,583.4850481180205,583.4850481180205,1.0,B
2260,1046.9342228025198,22.06266950815916,1,1,B,False,False,187.93006350176984,187.93006350176984,1.0,B
2261,1213.5680671781301,231.13462049514055,6,1,B,False,False,318.0446219569961,318.0446219569961,1.0,B
2262,1252.0490535534918,1364.4061493687332,6,1,B,False,False,377.3629453609939,377.3629453609939,1.0,B
2263,111.63450730964541,609.1686012223363,5,1,A,False,False,-443.2402708771954,443.2402708771954,0.0,A
2264,1349.5608447119594,399.74048640578985,7,1,B,False,False,467.19286666314264,467.19286666314264,1.0,B
2265,1066.2726438604295,815.5956943519413,8,1,B,False,False,186.77043329292954,186.77043329292954,1.0,B
2266,438.0817380733788,939.8925444111228,1,1,A,False,False,-354.56491603534573,354.56491603534573,0.0,A
2267,336.9924738071859,797.9235970415175,6,1,A,False,False,-416.55264180523966,416.55264180523966,0.0,A
2268,668.688009493053,999.2702286690474,6,1,A,True,False,-96.37190097073146,96.37190097073146,0.0,A
2269,383.59703309834003,204.76805744692683,2,1,A,False,False,-463.75549559631685,463.75549559631685,0.0,A
2270,9.941768366843462,105.15994252637029,8,1,A,False,False,-707.7878455319048,707.7878455319048,0.0,A
2271,1159.62805878371,67.35125882551074,4,1,B,False,False,255.52122850364483,255.52122850364483,1.0,B
2272,993.8582768663764,949.3727241642773,3,1,B,False,False,124.48151708308934,124.48151708308934,1.0,B
2273,184.49296988546848,427.860570140183,7,1,A,False,False,-376.7378492946197,376.7378492946197,0.0,A
2274,1050.1542929559946,71.85097318142653,8,1,B,False,False,172.8134401007427,172.8134401007427,1.0,B
2275,387.73961551487446,171.8291393481195,1,1,A,False,False,-481.9854089202962,481.9854089202962,0.0,A
2276,248.47282469272614,732.203530613333,7,1,A,False,False,-372.7283648823239,372.7283648823239,0.0,A
2277,955.8744267560542,915.0714869610965,3,1,B,True,False,87.47767416344236,87.47767416344236,1.0,B
2278,411.49895964190364,540.6944355927408,1,1,A,False,False,-217.2196901509266,217.2196901509266,0.0,A
2279,1409.0824504382908,318.58590664342046,4,1,B,False,False,434.84878784521504,434.84878784521504,1.0,B
2280,1026.874357368797,54.146472830325365,7,1,B,False,False,159.9046064033586,159.9046064033586,1.0,B
2281,1449.2110032588243,1236.4486930891871,3,1,B,False,False,813.6263181285044,813.6263181285044,1.0,B
2282,101.61860380321741,675.5794119089842,1,1,A,False,False,-428.8759271585816,428.8759271585816,0.0,A
2283,954.6080916188657,1314.849047921598,6,1,B,False,False,227.08731395748657,227.08731395748657,1.0,B
2284,557.5099778361619,112.68005473539233,2,1,A,False,False,-255.41975256855892,255.41975256855892,0.0,A
2285,548.6676581203938,288.49869780242443,1,1,A,False,False,-194.7582601437089,194.7582601437089,0.0,A
2286,121.38192867860198,973.915325012058,2,1,A,False,False,-540.5054707596421,540.5054707596421,0.0,A
2287,972.5716318935156,322.794686537236,6,1,B,False,False,133.81169118371074,133.81169118371074,1.0,B
2288,203.25786480680108,245.55629957467318,6,1,A,False,False,-542.6026055740625,542.6026055740625,0.0,A
2289,1144.4867360405624,1322.1182059496641,7,1,B,False,False,363.9563292502007,363.9563292502007,1.0,B
2290,115.46198045834899,97.65381552278996,1,1,A,False,False,-598.4188904985733,598.4188904985733,0.0,A
2291,1394.2645601928234,980.3044223226607,4,1,B,False,False,432.3757078050872,432.3757078050872,1.0,B
2292,250.18497230485082,46.469705644994974,7,1,A,False,False,-390.7627257908623,390.7627257908623,0.0,A
2293,697.4094486795366,510.83032367751,4,1,B,True,False,65.82860931233063,65.82860931233063,1.0,B
2294,1461.0660960897803,1448.3259678818285,3,1,B,False,False,472.4533805815912,472.4533805815912,1.0,B
2295,694.533723872155,1024.8734503984451,5,1,A,True,False,-56.764331967813995,56.764331967813995,0.0,A
2296,140.1736638508737,899.9209175817668,2,1,A,False,False,-706.9370703311912,706.9370703311912,0.0,A
2297,663.6522710323334,463.73763866722584,3,1,B,True,True,13.909861041433672,13.909861041433672,0.65,B
2298,672.2671464085579,1415.7579489983618,8,1,A,True,False,-64.74454608155915,64.74454608155915,0.0,A
2299,549.9789342284203,788.6845171451569,5,1,A,False,False,-228.23339372531495,228.23339372531495,0.0,A
2300,837.3477472923696,380.3076040931046,5,1,B,True,False,82.99321315205768,82.99321315205768,1.0,B
2301,1252.1788110025227,179.37279492616653,3,1,B,False,False,381.9302406245927,381.9302406245927,1.0,B
2302,13.093896210193634,499.777311924845,6,1,A,False,False,-602.6051364387771,602.6051364387771,0.0,A
2303,62.77233129367232,677.4679063819349,5,1,A,False,False,-456.1486895857568,456.1486895857568,0.0,A
2304,1423.534122761339,773.1530810706317,8,1,B,False,False,456.6689379951044,456.6689379951044,1.0,B
2305,196.75068045035005,948.8346101716161,2,1,A,False,False,-540.0210768304325,540.0210768304325,0.0,A
2306,276.23422304168344,237.82487539574504,7,1,A,False,False,-498.4776717759382,498.4776717759382,0.0,A
2307,1183.4817635826766,1115.5392676591873,4,1,B,False,False,372.4320978681974,372.4320978681974,1.0,B
2308,1449.1880061104894,53.001430816948414,5,1,B,False,False,465.31714055495047,465.31714055495047,1.0,B
2309,809.2010160908103,31.629119999706745,7,1,B,True,True,17.788897846321515,17.788897846321515,0.6,B
2310,211.89160365611315,43.186744675040245,6,1,A,False,False,-413.153523788606,413.153523788606,0.0,A
2311,979.8490502871573,436.95887457579374,6,1,B,False,False,249.5828339692289,249.5828339692289,1.0,B
2312,765.0157478637993,209.14018526673317,7,1,A,True,False,-94.52880405153813,94.52880405153813,0.0,A
2313,1204.252818133682,241.6100325062871,8,1,B,False,False,303.6214480671929,303.6214480671929,1.0,B
2314,598.6261395737529,432.7284093014896,2,1,A,True,False,-55.01464111537812,55.01464111537812,0.0,A
2315,478.35639864206314,373.5884972847998,1,1,A,False,False,-169.6887201041389,169.6887201041389,0.0,A
2316,1187.7361200749874,1313.5915892198682,5,1,B,False,False,413.58785889828465,413.58785889828465,1.0,B
2317,1367.3536428250372,439.65103989467025,8,1,B,False,False,563.9306374009731,563.9306374009731,1.0,B
2318,1395.2665091492236,434.7778558731079,5,1,B,False,False,574.0412568595274,574.0412568595274,1.0,B
2319,1006.2711951322854,1283.6773968301713,4,1,B,False,False,316.5829860124405,316.5829860124405,1.0,B
2320,201.13068306818604,1449.8394266702235,5,1,A,False,False,-430.99279073180975,430.99279073180975,0.0,A
2321,1296.751190442592,142.22519053146243,3,1,B,False,False,412.2670650466693,412.2670650466693,1.0,B
2322,597.6906367577612,1125.4389281384647,2,1,A,True,False,-59.06769378703259,59.06769378703259,0.0,A
2323,23.800193332135677,1073.8090476952493,1,1,A,False,False,-482.64502175075756,482.64502175075756,0.0,A
2324,547.6758135482669,1298.2070264406502,1,1,A,True,False,-89.64914142964541,89.64914142964541,0.0,A
2325,340.1446072384715,1198.7179038114846,6,1,A,False,False,-284.30804272515564,284.30804272515564,0.0,A
2326,1423.7734079360962,119.21536456793547,4,1,B,False,False,504.9895271722867,504.9895271722867,1.0,B
2327,1351.2301999144256,1180.1126101054251,3,1,B,False,False,655.5546929929342,655.5546929929342,1.0,B
2328,217.56891254335642,573.4950243495405,5,1,A,False,False,-385.70202144643326,385.70202144643326,0.0,A
2329,1490.5053041875362,677.3097272962332,4,1,B,False,False,526.1551509522101,526.1551509522101,1.0,B
2330,858.9113177731633,935.1095678284764,5,1,B,True,True,5.213114506060219,5.213114506060219,0.65,B
2331,260.9434900805354,985.9166694805026,2,1,A,False,False,-411.26114178144934,411.26114178144934,0.0,A
2332,1486.8965987116098,591.2239495664835,1,1,B,False,False,716.1130714208913,716.1130714208913,1.0,B
2333,79.68936581164598,883.4261074662209,6,1,A,False,False,-787.3641633998657,787.3641633998657,0.0,A
2334,1295.121846254915,924.5165758766234,3,1,B,False,False,396.33900750085354,396.33900750085354,1.0,B
2335,1023.0684466660023,1210.4610493406653,3,1,B,False,False,388.25267406498153,388.25267406498153,1.0,B
2336,951.3058746233582,1280.9872892685235,3,1,B,False,False,272.0384514276566,272.0384514276566,1.0,B
2337,1001.0082456283271,224.24151515588164,4,1,B,False,False,129.46053606149846,129.46053606149846,1.0,B
2338,869.2940399050713,499.5280299335718,3,1,B,False,False,229.43323783020475,229.43323783020475,1.0,B
2339,90.77391447499394,276.4344569295645,2,1,A,False,False,-558.1793263992972,558.1793263992972,0.0,A
2340,1338.8544274494052,999.0667761303484,3,1,B,False,False,385.3267581253885,385.3267581253885,1.0,B
2341,968.3233117684722,903.9351087994874,3,1,B,True,False,98.64355384996743,98.64355384996743,1.0,B
2342,133.92643025144935,135.07916685193777,8,1,A,False,False,-681.4512951438303,681.4512951438303,0.0,A
2343,785.1420734077692,898.8818773068488,2,1,A,True,False,-80.03724549026377,80.03724549026377,0.0,A
2344,471.4815393090248,654.8127508722246,1,1,A,False,False,-164.30372675128257,164.30372675128257,0.0,A
2345,659.5581276342273,1155.2252741530538,5,1,B,True,True,5.735198341583826,5.735198341583826,0.55,A
2346,1109.6943193115294,129.0815700776875,3,1,B,False,False,229.30796382728076,229.30796382728076,1.0,B
2347,768.7912238761783,490.711800288409,6,1,B,False,False,126.58434956250916,126.58434956250916,1.0,B
2348,630.2374158985913,323.23063211515546,1,1,A,False,False,-102.4851370943331,102.4851370943331,0.0,A
2349,288.39866956695914,1227.3425627499819,4,1,A,False,False,-341.54028516792005,341.54028516792005,0.0,A
2350,633.1792627461255,1362.5284773297608,7,1,A,True,False,-54.144372902195116,54.144372902195116,0.0,A
2351,165.58600589632988,323.84580792859197,1,1,A,False,False,-422.80683110141445,422.80683110141445,0.0,A
2352,497.3052875138819,770.6843339838088,1,1,A,False,False,-244.6091840584459,244.6091840584459,0.0,A
2353,520.5810586921871,512.5064738094807,5,1,A,False,False,-109.38095783276667,109.38095783276667,0.0,A
2354,532.8042036853731,466.0388454794884,8,1,A,False,False,-99.80897746726096,99.80897746726096,0.0,A
2355,621.5164326131344,685.892142355442,5,1,A,True,False,-77.43931198558997,77.43931198558997,0.0,A
2356,1016.5888303890824,541.4060577750206,6,1,B,False,False,380.5664722721347,380.5664722721347,1.0,B
2357,359.91557501256466,1323.6241643317044,1,1,A,False,False,-241.2566668285966,241.2566668285966,0.0,A
2358,1089.7117420099676,784.0358577668667,6,1,B,False,False,202.58224546702624,202.58224546702624,1.0,B
2359,659.2581714503467,742.911871522665,2,1,A,True,False,-96.131757559887,96.131757559887,0.0,A
2360,1210.4292763397098,27.72630611434579,6,1,B,False,False,298.05504947574974,298.05504947574974,1.0,B
2361,726.106415502727,1189.0284027904272,3,1,B,True,False,85.07408188544397,85.07408188544397,1.0,B
2362,531.1769535765052,548.9459778182209,5,1,A,True,False,-99.00522804194578,99.00522804194578,0.0,A
2363,1337.0727044530213,578.0945727601647,3,1,B,False,False,621.9220794839249,621.9220794839249,1.0,B
2364,1464.888601563871,1175.1583968289196,6,1,B,False,False,746.06101549745,746.06101549745,1.0,B
2365,1229.0020789951086,678.2489879988134,7,1,B,False,False,345.2522811423258,345.2522811423258,1.0,B
2366,1399.8426524922252,172.17276385053992,7,1,B,False,False,529.6834906762705,529.6834906762705,1.0,B
2367,538.1294153630733,508.14200565218925,8,1,A,True,False,-92.0365168601948,92.0365168601948,0.0,A
2368,703.2925556413829,1217.0512578450143,5,1,B,True,False,72.7730394287,72.7730394287,1.0,B
2369,602.7251766063273,1445.4109417274594,6,1,A,False,False,-138.54464171180416,138.54464171180416,0.0,A
2370,1334.7682426683605,227.91987704113126,2,1,B,False,False,428.8434460401958,428.8434460401958,1.0,B
2371,590.505039319396,1110.8828550204635,7,1,A,True,False,-71.4742684034384,71.4742684034384,0.0,A
2372,367.5088626332581,73.87437857687473,6,1,A,False,False,-347.9117782053051,347.9117782053051,0.0,A
2373,286.0952108167112,617.091815918684,2,1,A,False,False,-299.88876666874876,299.88876666874876,0.0,A
2374,915.430661290884,343.68529357016087,5,1,B,False,False,108.02441565748866,108.02441565748866,1.0,B
2375,194.97074279934168,5.719724111258984,7,1,A,False,False,-382.09385591321626,382.09385591321626,0.0,A
2376,63.21188947185874,1149.7551868669689,7,1,A,False,False,-491.9774943275525,491.9774943275525,0.0,A
2377,266.781460493803,122.75075213983655,7,1,A,False,False,-530.7102241403776,530.7102241403776,0.0,A
2378,22.04331709071994,823.2856965623796,5,1,A,False,False,-752.3522498221349,752.3522498221349,0.0,A
2379,1276.396736036986,817.6872963085771,4,1,B,False,False,372.8059327932041,372.8059327932041,1.0,B
2380,875.9763571433723,1091.1040878854692,8,1,B,False,False,119.40267588135927,119.40267588135927,1.0,B
2381,1210.9783664345741,319.7166449390352,6,1,B,False,False,297.5383482504424,297.5383482504424,1.0,B
2382,1241.8591333553195,38.622291292995214,5,1,B,False,False,316.89392186637775,316.89392186637775,1.0,B
2383,1252.7347072027624,675.0312633812428,5,1,B,False,False,365.07381705760184,365.07381705760184,1.0,B
2384,588.230324909091,354.77764857932925,6,1,A,False,False,-106.61806861478065,106.61806861478065,0.0,A
2385,1176.3998167589307,734.5466818660498,6,1,B,False,False,272.0929855907406,272.0929855907406,1.0,B
2386,986.0850563272834,1418.1026886217296,5,1,B,False,False,148.46754454276586,148.46754454276586,1.0,B
2387,592.9232155904174,245.92635640874505,7,1,A,False,False,-213.5411758747333,213.5411758747333,0.0,A
2388,449.66578390449286,470.35510232672095,7,1,A,False,False,-173.43458517343436,173.43458517343436,0.0,A
2389,1103.470194619149,390.07914438843727,4,1,B,False,False,278.6726327815453,278.6726327815453,1.0,B
2390,1144.2151330411434,751.6487510874867,3,1,B,False,False,245.25164649339922,245.25164649339922,1.0,B
2391,662.8734553232789,1246.8167371116579,5,1,B,True,False,29.92965136478093,29.92965136478093,0.8,A
2392,682.5962984003127,1013.0161670967937,5,1,A,True,False,-74.62900403250917,74.62900403250917,0.0,A
2393,623.8808180205524,956.6732095554471,5,1,A,False,False,-174.65216493067845,174.65216493067845,0.0,A
2394,1423.0904253199697,1219.948825892061,8,1,B,False,False,792.0238581204042,792.0238581204042,1.0,B
2395,890.4792526736856,891.7396254837513,2,1,B,True,False,21.552941177553542,21.552941177553542,0.8,B
2396,205.56921232491732,526.7596808262169,2,1,A,False,False,-424.38434879647883,424.38434879647883,0.0,A
2397,471.6855171136558,1222.9144228622317,7,1,A,False,False,-158.30333461060548,158.30333461060548,0.0,A
2398,909.0562099590898,940.144993364811,7,1,B,True,False,50.70805439664148,50.70805439664148,1.0,B
2399,304.5352175831795,697.2112194634974,2,1,A,False,False,-301.0947199530242,301.0947199530242,0.0,A
2400,719.6021885611117,220.34090152010322,2,1,A,False,False,-129.3315992087489,129.3315992087489,0.0,A
2401,349.71238067373633,601.0631276294589,2,1,A,False,False,-254.07024832462702,254.07024832462702,0.0,A
2402,1481.6998257301748,817.7791661582887,4,1,B,False,False,554.3411916358496,554.3411916358496,1.0,B
2403,1300.3305760212243,898.6508315429091,5,1,B,False,False,422.2860712112162,422.2860712112162,1.0,B
2404,1287.6632460393012,510.48730267211795,4,1,B,False,False,650.3120711784883,650.3120711784883,1.0,B
2405,899.0782666951418,207.34378276392817,4,1,B,True,False,32.58609858426511,32.58609858426511,0.9,B
2406,747.1267632208765,1349.5119083672762,6,1,B,True,False,35.67847691636639,35.67847691636639,0.9,B
2407,449.2224887944758,291.0019685514271,6,1,A,False,False,-264.6956586893559,264.6956586893559,0.0,A
2408,197.4206124432385,1122.370799537748,6,1,A,False,False,-364.33261601942104,364.33261601942104,0.0,A
2409,936.2836224026978,1181.953864172101,4,1,B,False,False,275.59916169390453,275.59916169390453,1.0,B
2410,1349.299939814955,221.66888415813446,4,1,B,False,False,448.5171347060663,448.5171347060663,1.0,B
2411,1350.7864885032177,987.5758769921958,4,1,B,False,False,396.70027392627554,396.70027392627554,1.0,B
2412,383.43715388327837,1458.906905259937,8,1,A,False,False,-312.74702586988826,312.74702586988826,0.0,A
2413,1465.6603317707777,75.52079111337662,4,1,B,False,False,490.6076811013386,490.6076811013386,1.0,B
2414,611.957801040262,489.9600315839052,5,1,A,True,False,-22.70158948576798,22.70158948576798,0.15,B
2415,1095.395159907639,551.1314626783133,5,1,B,False,False,448.2766567626547,448.2766567626547,1.0,B
2416,789.3564482219517,170.91244412586093,6,1,A,True,False,-80.49998373853657,80.49998373853657,0.0,A
2417,770.5597900785506,1050.4983365535736,5,1,B,True,True,14.353859916511345,14.353859916511345,0.65,B
2418,508.81626131013036,675.9489323012531,5,1,A,False,False,-148.44908349917657,148.44908349917657,0.0,A
2419,914.5923242904246,617.4349039793015,7,1,B,False,False,192.288882209394,192.288882209394,1.0,B
2420,755.6219100952148,1307.697493582964,3,1,B,True,False,76.03346790821472,76.03346790821472,1.0,B
2421,885.24434203282,1224.6850775554776,5,1,B,False,False,255.24267951547822,255.24267951547822,1.0,B
2422,405.21852392703295,666.5089018642902,2,1,A,False,False,-215.54436846823913,215.54436846823913,0.0,A
2423,964.6207778714597,654.9267712980509,8,1,B,False,False,186.07349432995233,186.07349432995233,1.0,B
2424,1395.0829091481864,703.6857018247247,6,1,B,False,False,436.3324491816331,436.3324491816331,1.0,B
2425,463.374278973788,62.19146680086851,1,1,A,False,False,-258.536416256918,258.536416256918,0.0,A
2426,370.9273296408355,896.2103552184999,7,1,A,False,False,-486.89309994902715,486.89309994902715,0.0,A
2427,559.4092751853168,568.0271973833442,6,1,A,True,False,-73.6021866480233,73.6021866480233,0.0,A
2428,640.4032129794359,623.0646343901753,5,1,A,True,True,-25.51150542447487,25.51150542447487,0.25,A
2429,509.7059989348054,1468.2702566497028,2,1,A,False,False,-232.07487055197282,232.07487055197282,0.0,A
2430,1078.0002968385816,318.2158498093486,3,1,B,False,False,204.5870026729914,204.5870026729914,1.0,B
2431,1201.1807444505394,1067.9915556684136,6,1,B,False,False,322.3504404137061,322.3504404137061,1.0,B
2432,290.01659201458097,497.9150192812085,2,1,A,False,False,-332.5162543156425,332.5162543156425,0.0,A
2433,1118.333566468209,264.78398870676756,7,1,B,False,False,225.2282923138367,225.2282923138367,1.0,B
2434,313.5792841203511,544.1402681171894,2,1,A,False,False,-312.9261314662403,312.9261314662403,0.0,A
2435,779.7812134958804,60.55477587506175,6,1,A,True,False,-23.732714410344737,23.732714410344737,0.15,A
2436,868.6067769303918,1211.0587558709085,4,1,B,False,False,235.5494715142295,235.5494715142295,1.0,B
2437,970.9544875659049,217.92428568005562,6,1,B,False,False,101.73228861330131,101.73228861330131,1.0,B
2438,1211.8869116529822,534.5041765831411,3,1,B,False,False,579.0171089018934,579.0171089018934,1.0,B
2439,934.0155785903335,1306.8265076726675,4,1,B,False,False,221.41435255457952,221.41435255457952,1.0,B
2440,579.1192799806595,913.7703166343272,1,1,A,False,False,-266.29129015890965,266.29129015890965,0.0,A
2441,41.025246027857065,1069.650752004236,6,1,A,False,False,-471.96796840008705,471.96796840008705,0.0,A
2442,1326.2071888893843,1118.0000100284815,4,1,B,False,False,483.5692370284151,483.5692370284151,1.0,B
2443,415.71175307035446,64.97160717844963,7,1,A,False,False,-297.72841827624103,297.72841827624103,0.0,A
2444,1278.2873385585845,1401.71338012442,3,1,B,False,False,358.2059975193474,358.2059975193474,1.0,B
2445,26.17395669221878,1282.7243297360837,5,1,A,False,False,-546.6583576960153,546.6583576960153,0.0,A
2446,67.80406180769205,415.4275842010975,5,1,A,False,False,-458.4124300090494,458.4124300090494,0.0,A
2447,355.7754959911108,1042.359850835055,1,1,A,False,False,-274.1651495611983,274.1651495611983,0.0,A
2448,398.2651401311159,453.0076109804213,1,1,A,False,False,-214.72029755855127,214.72029755855127,0.0,A
2449,601.1845017783344,674.6435780078173,2,1,A,True,False,-83.9855105504829,83.9855105504829,0.0,A
2450,1153.1091439537704,363.46075125038624,6,1,B,False,False,285.22515150922413,285.22515150922413,1.0,B
2451,203.1818046234548,32.98906842246652,8,1,A,False,False,-405.2459689191103,405.2459689191103,0.0,A
2452,546.8375855125487,493.80360217764974,1,1,A,True,False,-84.1853981475925,84.1853981475925,0.0,A
2453,1229.6877382323146,1360.4369815438986,6,1,B,False,False,366.87113006690424,366.87113006690424,1.0,B
2454,519.5022728294134,700.0608597882092,6,1,A,False,False,-156.8718429920946,156.8718429920946,0.0,A
2455,761.7661720141768,1295.7474058493972,6,1,B,True,False,91.32303972443799,91.32303972443799,1.0,B
2456,206.3963315449655,59.36132976785302,5,1,A,False,False,-443.18764168758383,443.18764168758383,0.0,A
2457,337.842246517539,11.096152011305094,8,1,A,False,False,-289.3136150295386,289.3136150295386,0.0,A
2458,237.41101333871484,182.01769748702645,5,1,A,False,False,-630.9024288291034,630.9024288291034,0.0,A
2459,959.6151332370937,894.8833532631397,6,1,B,True,False,89.8925537607554,89.8925537607554,1.0,B
2460,301.9572584889829,509.3994755297899,2,1,A,False,False,-325.5589004874204,325.5589004874204,0.0,A
2461,493.7495472840965,285.4438768699765,7,1,A,False,False,-239.15638669002942,239.15638669002942,0.0,A
2462,123.01633413881063,1055.0850089639425,8,1,A,False,False,-423.10169350021414,423.10169350021414,0.0,A
2463,292.46746748685837,658.486895263195,8,1,A,False,False,-292.16493837355944,292.16493837355944,0.0,A
2464,665.1021698489785,502.83189956098795,4,1,B,True,False,32.01675255360715,32.01675255360715,0.85,B
2465,1163.8197298161685,839.296089950949,7,1,B,False,False,284.0244765517913,284.0244765517913,1.0,B
2466,46.065150294452906,751.1011166498065,1,1,A,False,False,-544.5627355560549,544.5627355560549,0.0,A
2467,692.0866230502725,811.2232061102986,6,1,A,False,False,-137.1440126827712,137.1440126827712,0.0,A
2468,976.1422108858824,1315.866690594703,4,1,B,False,False,242.66105576782593,242.66105576782593,1.0,B
2469,457.69983110949397,633.6269178427756,6,1,A,False,False,-167.91740556248035,167.91740556248035,0.0,A
2470,327.74546882137656,327.61072972789407,2,1,A,False,False,-306.8951904803573,306.8951904803573,0.0,A
2471,728.1608185730875,1035.972762387246,1,1,A,True,False,-25.218862643162677,25.218862643162677,0.15,A
2472,1342.4339513294399,1127.8171576559544,3,1,B,False,False,516.5439563152443,516.5439563152443,1.0,B
2473,594.7234933264554,1323.1227407231927,1,1,A,True,False,-60.681924092730654,60.681924092730654,0.0,A
2474,520.9249402396381,1121.0305793210864,5,1,A,False,False,-119.19927552622863,119.19927552622863,0.0,A
2475,454.7143201343715,593.2481624186039,7,1,A,False,False,-167.57139524131327,167.57139524131327,0.0,A
2476,394.39175790175796,1017.5009770318866,6,1,A,False,False,-271.53057904753206,271.53057904753206,0.0,A
2477,812.3579006642103,985.6452718377113,6,1,A,True,True,-2.352426437304664,2.352426437304664,0.55,A
2478,578.3174615353346,1277.769067324698,6,1,A,True,False,-58.243506496188324,58.243506496188324,0.0,A
2479,1169.7152266278863,961.8123373948038,4,1,B,False,False,266.5839511514014,266.5839511514014,1.0,B
2480,238.66970697417855,1448.4862382523715,5,1,A,False,False,-401.99296340092997,401.99296340092997,0.0,A
2481,1346.3548379950225,1445.9566664882004,5,1,B,False,False,390.2417929528733,390.2417929528733,1.0,B
2482,676.4474334195256,831.0667611658573,1,1,A,False,False,-170.3332166014558,170.3332166014558,0.0,A
2483,274.11433635279536,437.9447693936527,5,1,A,False,False,-311.26765956916125,311.26765956916125,0.0,A
2484,744.9149466119707,605.2177143283188,6,1,B,True,False,69.40423288417176,69.40423288417176,1.0,B
2485,939.3183868378401,35.47614812850952,5,1,B,False,False,106.07759774588868,106.07759774588868,1.0,B
2486,1333.9665024541318,603.6148918792605,7,1,B,False,False,553.6152008274265,553.6152008274265,1.0,B
2487,1063.8795029371977,547.7441023103893,3,1,B,False,False,421.45589813058183,421.45589813058183,1.0,B
2488,1104.0198267437518,660.4859428480268,7,1,B,False,False,278.3920897082276,278.3920897082276,1.0,B
2489,1328.0401309020817,1287.3232592828572,3,1,B,False,False,590.1396924313173,590.1396924313173,1.0,B
2490,618.5269374400377,810.535135678947,7,1,A,False,False,-199.84378445217192,199.84378445217192,0.0,A
2491,899.1930456832051,1461.4579542540014,4,1,B,True,False,63.59674712335718,63.59674712335718,1.0,B
2492,1331.6496536135674,270.8053048700094,5,1,B,False,False,389.9425216396156,389.9425216396156,1.0,B
2493,820.1483502052724,1411.5211903117597,5,1,B,True,False,39.41252431634575,39.41252431634575,0.9,B
2494,883.2862959243357,320.22239081561565,4,1,B,True,False,70.45461149364836,70.45461149364836,1.0,B
2495,819.1775819286704,500.3934055566788,4,1,B,False,False,181.2836919828756,181.2836919828756,1.0,B
2496,1228.3334573730826,559.7750768065453,3,1,B,False,False,562.5575762768734,562.5575762768734,1.0,B
2497,102.81921364367008,937.4934998340905,5,1,A,False,False,-649.69056706858,649.69056706858,0.0,A
2498,279.9492501653731,1441.7336527258158,8,1,A,False,False,-362.98364368901866,362.98364368901866,0.0,A
2499,552.0560690201819,772.0314371399581,2,1,A,False,False,-204.9179289445669,204.9179289445669,0.0,A
2500,270.5568470992148,457.94685557484627,5,1,A,False,False,-324.8818031671637,324.8818031671637,0.0,A
2501,38.091360591351986,1270.7785335369408,7,1,A,False,False,-552.8955830148026,552.8955830148026,0.0,A
2502,1482.6865433715284,303.019184153527,4,1,B,False,False,487.54161186643233,487.54161186643233,1.0,B
2503,521.7455648817122,1297.7186730131507,6,1,A,False,False,-111.23456182567305,111.23456182567305,0.0,A
2504,897.4994486197829,472.60820399969816,4,1,B,False,False,228.68860198761124,228.68860198761124,1.0,B
2505,897.9701246134937,544.4836243987083,4,1,B,False,False,261.58547208788866,261.58547208788866,1.0,B
2506,989.0511939302087,641.5217402391136,3,1,B,False,False,218.8552759878404,218.8552759878404,1.0,B
2507,937.1994598768651,1474.0814035758376,3,1,B,True,False,86.31935154199705,86.31935154199705,1.0,B
2508,380.6715323589742,448.9427455700934,6,1,A,False,False,-228.46564952136714,228.46564952136714,0.0,A
2509,661.5799628198147,987.3266676440835,6,1,A,False,False,-112.66871483649953,112.66871483649953,0.0,A
2510,94.65504996478558,705.1909393630922,1,1,A,False,False,-449.9519999244954,449.9519999244954,0.0,A
2511,708.7847432121634,1000.8530141785741,7,1,A,True,False,-66.22875508536477,66.22875508536477,0.0,A
2512,903.0057289637625,1085.5196379125118,4,1,B,False,False,133.25833811698126,133.25833811698126,1.0,B
2513,345.9900333546102,1356.8022209219635,2,1,A,False,False,-253.95604764392064,253.95604764392064,0.0,A
2514,165.80589255318046,942.9475273936987,8,1,A,False,False,-580.8999592229478,580.8999592229478,0.0,A
2515,978.8128305226564,1400.843967217952,7,1,B,False,False,155.0647405589482,155.0647405589482,1.0,B
2516,966.5302578359842,478.49246487021446,5,1,B,False,False,298.961782524042,298.961782524042,1.0,B
2517,252.2032130509615,537.0799829252064,2,1,A,False,False,-375.9560972076413,375.9560972076413,0.0,A
2518,267.7318495698273,1039.7593220695853,1,1,A,False,False,-336.3844081965192,336.3844081965192,0.0,A
2519,1004.318957682699,326.10048819333315,4,1,B,False,False,157.58353596912704,157.58353596912704,1.0,B
2520,165.92692444100976,824.1538996808231,7,1,A,False,False,-624.9516268375038,624.9516268375038,0.0,A
2521,1149.314691312611,1015.0170559063554,4,1,B,False,False,253.03738851193012,253.03738851193012,1.0,B
2522,1401.9406428560615,1469.41313194111,6,1,B,False,False,437.99727122728655,437.99727122728655,1.0,B
2523,609.5708278007805,364.5361717790365,2,1,A,True,False,-85.31191078415009,85.31191078415009,0.0,A
2524,1160.4558695107698,899.7147367335856,5,1,B,False,False,285.48880851125944,285.48880851125944,1.0,B
2525,1189.500574953854,256.4293364994228,4,1,B,False,False,284.2919706488053,284.2919706488053,1.0,B
2526,399.51143274083734,754.8872223123908,5,1,A,False,False,-295.3973416356006,295.3973416356006,0.0,A
2527,1144.5093811489642,349.61339458823204,5,1,B,False,False,268.13586371244656,268.13586371244656,1.0,B
2528,151.04071469977498,960.1855636574328,8,1,A,False,False,-549.5901895154745,549.5901895154745,0.0,A
2529,1406.118937768042,829.7388232313097,8,1,B,False,False,502.27771523262777,502.27771523262777,1.0,B
2530,33.535631373524666,730.5749310180545,6,1,A,False,False,-519.9566807040562,519.9566807040562,0.0,A
2531,545.2594324015081,231.74200393259525,1,1,A,False,False,-274.0191860197763,274.0191860197763,0.0,A
2532,311.11563043668866,315.7591628842056,8,1,A,False,False,-331.56247136972917,331.56247136972917,0.0,A
2533,1456.923118326813,274.7540040872991,8,1,B,False,False,483.6945275015425,483.6945275015425,1.0,B
2534,189.1809795051813,1103.2493119128048,8,1,A,False,False,-365.40455806334944,365.40455806334944,0.0,A
2535,709.8232693970203,191.94899685680866,5,1,A,False,False,-156.71655135684176,156.71655135684176,0.0,A
2536,1011.8822073563933,1465.6275627203286,3,1,B,False,False,145.41895808855426,145.41895808855426,1.0,B
2537,30.15698678791523,126.3697617687285,7,1,A,False,False,-754.0852577552015,754.0852577552015,0.0,A
2538,1348.1001919135451,162.49079816043377,4,1,B,False,False,475.4061073075941,475.4061073075941,1.0,B
2539,1132.9307123087347,102.51969192177057,4,1,B,False,False,240.74522335573937,240.74522335573937,1.0,B
2540,284.51707446947694,155.89808905497193,2,1,A,False,False,-574.1088724002005,574.1088724002005,0.0,A
2541,1482.9439208842814,187.47218884527683,5,1,B,False,False,609.2997153434239,609.2997153434239,1.0,B
2542,1188.2556080818176,512.9046505317092,4,1,B,False,False,553.7901636839248,553.7901636839248,1.0,B
2543,211.0587484203279,495.6931360065937,6,1,A,False,False,-407.39127727803805,407.39127727803805,0.0,A
2544,1026.074240449816,720.5171305686235,6,1,B,False,False,174.4637815107544,174.4637815107544,1.0,B
2545,395.6721033900976,1470.4885524697602,5,1,A,False,False,-321.0740186043411,321.0740186043411,0.0,A
2546,1414.471403695643,287.42274083197117,3,1,B,False,False,443.81631549322674,443.81631549322674,1.0,B
2547,1120.9501423873007,1457.4882360175252,8,1,B,False,False,227.4976136330535,227.4976136330535,1.0,B
2548,734.7593363374472,560.8965642750263,5,1,B,True,False,93.30587701917744,93.30587701917744,1.0,B
2549,580.031908582896,106.79983953014016,4,1,A,False,False,-228.0310468461116,228.0310468461116,0.0,A
2550,378.07032465934753,636.1774485558271,4,1,A,False,False,-227.52114825293958,227.52114825293958,0.0,A
2551,1466.2846243008971,191.39894982799888,4,1,B,False,False,590.2622500688915,590.2622500688915,1.0,B
2552,638.6101534590125,947.6218814961612,6,1,A,False,False,-173.10479785112256,173.10479785112256,0.0,A
2553,984.9182311445475,760.6136491522193,1,1,B,False,False,127.07078485966876,127.07078485966876,1.0,B
2554,1452.985420357436,1158.4397843107581,8,1,B,False,False,686.0839349192984,686.0839349192984,1.0,B
2555,919.1713286563754,364.42130198702216,3,1,B,False,False,126.20687836462142,126.20687836462142,1.0,B
2556,124.55705786123872,294.9967961758375,8,1,A,False,False,-495.0475969247755,495.0475969247755,0.0,A
2557,561.8665809743106,57.475021574646235,6,1,A,False,False,-180.4882645017131,180.4882645017131,0.0,A
2558,75.231509283185,691.1906101740897,1,1,A,False,False,-453.4135303316391,453.4135303316391,0.0,A
2559,1110.3681013919413,1175.5227288231254,5,1,B,False,False,425.3834774461633,425.3834774461633,1.0,B
2560,1256.1207208782434,1428.9881237782538,4,1,B,False,False,329.2570247089632,329.2570247089632,1.0,B
2561,376.79007975384593,350.16485257074237,8,1,A,False,False,-253.80582120866168,253.80582120866168,0.0,A
2562,150.41268803179264,1028.948191087693,7,1,A,False,False,-427.3550676570176,427.3550676570176,0.0,A
2563,1420.1940447092056,734.7788983024657,5,1,B,False,False,442.2625776405982,442.2625776405982,1.0,B
2564,1.083366572856903,491.2661276757717,2,1,A,False,False,-603.9868444192065,603.9868444192065,0.0,A
2565,217.71271107718349,259.4036450609565,8,1,A,False,False,-497.90989473056396,497.90989473056396,0.0,A
2566,249.78684447705746,1101.8505259416997,6,1,A,False,False,-321.5869221492805,321.5869221492805,0.0,A
2567,418.5720202513039,428.9155793376267,5,1,A,False,False,-196.1057004562338,196.1057004562338,0.0,A
2568,879.2519979178905,72.49074010178447,5,1,B,True,False,42.94972889286323,42.94972889286323,0.95,B
2569,921.7952946200967,1171.6501135379076,4,1,B,False,False,249.28378496069965,249.28378496069965,1.0,B
2570,129.7755860723555,1346.8453204259276,6,1,A,False,False,-408.31546935052984,408.31546935052984,0.0,A
2571,973.5417952761054,455.60196368023753,5,1,B,False,False,271.79477983978654,271.79477983978654,1.0,B
2572,627.118838019669,374.8279642313719,6,1,A,True,False,-66.43876295611736,66.43876295611736,0.0,A
2573,455.3409917280078,322.09629379212856,5,1,A,False,False,-224.45156909485434,224.45156909485434,0.0,A
2574,1192.6877028308809,1459.6979627385736,5,1,B,False,False,279.83997748395876,279.83997748395876,1.0,B
2575,1407.466663978994,1491.0172736272216,5,1,B,False,False,458.7819580357167,458.7819580357167,1.0,B
2576,1415.7399712130427,151.30211412906647,7,1,B,False,False,534.7925299811179,534.7925299811179,1.0,B
2577,665.9455513581634,443.552257027477,5,1,B,True,True,4.287053507636163,4.287053507636163,0.55,A
2578,94.14383629336953,1299.9240048229694,7,1,A,False,False,-466.6652797247433,466.6652797247433,0.0,A
2579,612.3230243101716,321.6367964632809,2,1,A,False,False,-116.23253840034208,116.23253840034208,0.0,A
2580,624.4708830490708,284.01111625134945,6,1,A,False,False,-143.55500229892047,143.55500229892047,0.0,A
2581,876.7787064425647,823.489154689014,6,1,B,True,True,17.466974033134825,17.466974033134825,0.7,A
2582,16.24431274831295,735.817187000066,7,1,A,False,False,-539.7056798104385,539.7056798104385,0.0,A
2583,1137.3631269671023,15.19382419064641,4,1,B,False,False,253.71826934845268,253.71826934845268,1.0,B
2584,641.3414720445871,764.3557917326689,6,1,A,False,False,-129.32021479250764,129.32021479250764,0.0,A
2585,286.30930557847023,1494.0072954632342,1,1,A,False,False,-449.9423468824348,449.9423468824348,0.0,A
2586,325.1371197402477,1180.5939632467926,1,1,A,False,False,-289.95271409412317,289.95271409412317,0.0,A
2587,155.41744837537408,622.4034363403916,7,1,A,False,False,-399.01704729173235,399.01704729173235,0.0,A
2588,1113.6232260614634,821.1886631324887,7,1,B,False,False,230.15755208933047,230.15755208933047,1.0,B
2589,597.6139227859676,964.7750286385417,1,1,A,False,False,-185.95076732618034,185.95076732618034,0.0,A
2590,1232.7137030661106,1236.9082155637443,8,1,B,False,False,598.092984700834,598.092984700834,1.0,B
2591,176.18199437856674,646.6047121211886,2,1,A,False,False,-374.8195128584837,374.8195128584837,0.0,A
2592,928.6238620989025,13.652319554239511,7,1,B,False,False,112.00318711539434,112.00318711539434,1.0,B
2593,600.4449385218322,1017.9597842507064,6,1,A,False,False,-127.70300713604487,127.70300713604487,0.0,A
2594,105.87075725197792,566.2637217901647,8,1,A,False,False,-495.9076669539681,495.9076669539681,0.0,A
2595,389.99694027006626,915.7128492370248,7,1,A,False,False,-440.56851491440904,440.56851491440904,0.0,A
2596,1148.5068826004863,1050.861062016338,8,1,B,False,False,271.77354889222926,271.77354889222926,1.0,B
2597,381.5044700168073,1433.918107766658,6,1,A,False,False,-282.0848346244705,282.0848346244705,0.0,A
2598,1260.8531909063458,98.57048839330673,3,1,B,False,False,345.2830206333949,345.2830206333949,1.0,B
2599,1291.7694775387645,8.547815959900618,4,1,B,False,False,362.92678620954786,362.92678620954786,1.0,B
2600,109.10376766696572,1045.7335961982608,7,1,A,False,False,-439.35513924632784,439.35513924632784,0.0,A
2601,1236.4813447929919,1089.1951834782958,3,1,B,False,False,371.1611394901206,371.1611394901206,1.0,B
2602,1377.4531376548111,1337.7687628380954,8,1,B,False,False,510.24073853937523,510.24073853937523,1.0,B
2603,1347.982032224536,327.8160165064037,3,1,B,False,False,394.8789126678479,394.8789126678479,1.0,B
2604,262.85923132672906,879.9322033300996,8,1,A,False,False,-606.3346591052258,606.3346591052258,0.0,A
2605,844.1208670847118,1110.7218177057803,5,1,B,False,False,114.99144658017556,114.99144658017556,1.0,B
2606,375.1800851896405,245.4688847064972,7,1,A,False,False,-397.80008103713806,397.80008103713806,0.0,A
2607,652.6079820469022,555.9536763466895,7,1,B,True,True,17.268197561726954,17.268197561726954,0.6,B
2608,1486.9196908548474,1118.5935884714127,4,1,B,False,False,605.4437477778654,605.4437477778654,1.0,B
2609,479.18761102482677,1368.3687946759164,6,1,A,False,False,-164.89791888008955,164.89791888008955,0.0,A
2610,922.2886520437896,576.9399809651077,3,1,B,False,False,251.54867781572887,251.54867781572887,1.0,B
2611,1125.8359691128135,830.6332994252443,7,1,B,False,False,244.7346642501804,244.7346642501804,1.0,B
2612,678.2733178697526,1073.279635515064,6,1,A,True,False,-32.23978767038516,32.23978767038516,0.15,A
2613,169.38503505662084,1476.4624857343733,2,1,A,False,False,-504.4834118845121,504.4834118845121,0.0,A
2614,838.1903059780598,652.8312563896179,1,1,B,True,False,98.10003641227874,98.10003641227874,1.0,B
2615,1374.0184265188873,146.5294430963695,4,1,B,False,False,490.07508166849,490.07508166849,1.0,B
2616,1264.8826553486288,689.4082599319518,3,1,B,False,False,358.93867277471,358.93867277471,1.0,B
2617,1450.6836896762252,1183.2570992410183,7,1,B,False,False,755.7576836777138,755.7576836777138,1.0,B
2618,1027.8442930430174,755.600277800113,4,1,B,False,False,160.13839270675226,160.13839270675226,1.0,B
2619,362.633500713855,300.17221346497536,8,1,A,False,False,-315.1166167735221,315.1166167735221,0.0,A
2620,1023.3203731477261,226.70643031597137,8,1,B,False,False,149.5398656610634,149.5398656610634,1.0,B
2621,980.8801948092878,336.0310751013458,8,1,B,False,False,147.497817194834,147.497817194834,1.0,B
2622,376.0126833803952,938.5456144809723,5,1,A,False,False,-410.59705370737214,410.59705370737214,0.0,A
2623,45.26327596977353,1135.6592033989727,2,1,A,False,False,-491.29281798629626,491.29281798629626,0.0,A
2624,1354.1437117382884,732.5575961731374,7,1,B,False,False,396.4658389897246,396.4658389897246,1.0,B
2625,468.28213753178716,1454.865644685924,6,1,A,False,False,-245.48729444214976,245.48729444214976,0.0,A
2626,1089.5805470645428,107.75821516290307,8,1,B,False,False,205.43340266076333,205.43340266076333,1.0,B
2627,1289.2380100674927,196.12692017108202,4,1,B,False,False,412.96319985167435,412.96319985167435,1.0,B
2628,495.6310037523508,853.315363638103,1,1,A,False,False,-364.2818681951439,364.2818681951439,0.0,A
2629,329.2201836593449,1063.631975557655,8,1,A,False,False,-277.43912329103784,277.43912329103784,0.0,A
2630,1310.3488306514919,1383.0169653519988,7,1,B,False,False,396.11134579469893,396.11134579469893,1.0,B
2631,316.3184984587133,289.8019328713417,1,1,A,False,False,-363.9238142327401,363.9238142327401,0.0,A
2632,209.14834924042225,17.300203442573547,6,1,A,False,False,-383.0838007014864,383.0838007014864,0.0,A
2633,1017.2312054783106,521.129425149411,1,1,B,False,False,386.88810324143446,386.88810324143446,1.0,B
2634,1387.8956185653806,32.87640726193786,5,1,B,False,False,419.9181455667854,419.9181455667854,1.0,B
2635,1466.9717196375132,1097.2846951335669,4,1,B,False,False,546.9397431663383,546.9397431663383,1.0,B
2636,586.366752628237,1163.4301012381911,5,1,A,True,False,-53.53209400698698,53.53209400698698,0.0,A
2637,1418.5509597882628,98.47649792209268,3,1,B,False,False,475.4440532031101,475.4440532031101,1.0,B
2638,497.76024743914604,1220.2209387905896,2,1,A,False,False,-132.20917934749932,132.20917934749932,0.0,A
2639,1337.7410774119198,1248.4075454995036,4,1,B,False,False,687.9564874464024,687.9564874464024,1.0,B
2640,255.6138806976378,745.3057388775051,2,1,A,False,False,-385.20736142740105,385.20736142740105,0.0,A
2641,128.2964120618999,617.002094630152,4,1,A,False,False,-423.63321718962675,423.63321718962675,0.0,A
2642,1196.1497096344829,768.9524875022471,5,1,B,False,False,283.0430037288937,283.0430037288937,1.0,B
2643,241.4545943029225,87.58660778403282,6,1,A,False,False,-472.2559332500564,472.2559332500564,0.0,A
2644,67.73124262690544,625.1129633747041,6,1,A,False,False,-464.5579154687305,464.5579154687305,0.0,A
2645,320.74230490252376,1456.5066299401224,2,1,A,False,False,-354.97068614746695,354.97068614746695,0.0,A
2646,662.8049919381738,357.04243602231145,1,1,A,True,False,-54.22668295066426,54.22668295066426,0.0,A
2647,656.0208792798221,717.6470956765115,6,1,A,True,False,-77.33922919869758,77.33922919869758,0.0,A
2648,1357.92201384902,853.7945682182908,8,1,B,False,False,480.2195353330743,480.2195353330743,1.0,B
2649,966.7483814992011,164.34308560565114,8,1,B,True,False,96.78615171439515,96.78615171439515,1.0,B
2650,1223.6470794305205,835.3468864224851,8,1,B,False,False,338.135554812069,338.135554812069,1.0,B
2651,474.395957775414,250.27119694277644,6,1,A,False,False,-306.24113161918905,306.24113161918905,0.0,A
2652,456.02826587855816,1014.2178400419652,8,1,A,False,False,-232.08505264155096,232.08505264155096,0.0,A
2653,1012.6596037298441,573.0627486482263,4,1,B,False,False,338.87853196765747,338.87853196765747,1.0,B
2654,627.171176020056,986.2847593612969,6,1,A,False,False,-139.17738864876324,139.17738864876324,0.0,A
2655,416.10751021653414,934.4157236628234,8,1,A,False,False,-383.4945309597546,383.4945309597546,0.0,A
2656,753.0282153747976,1494.957730639726,6,1,A,True,False,-71.22552281421366,71.22552281421366,0.0,A
2657,738.329915329814,798.2936510816216,5,1,A,True,False,-86.09952957422412,86.09952957422412,0.0,A
2658,288.73453801497817,602.4626232683659,2,1,A,False,False,-303.8142565379553,303.8142565379553,0.0,A
2659,701.6805144958198,889.6268759854138,2,1,A,False,False,-165.64800023486634,165.64800023486634,0.0,A
2660,1262.5852567143738,273.85891042649746,4,1,B,False,False,335.25806095511405,335.25806095511405,1.0,B
2661,291.47354839369655,457.35624991357327,7,1,A,False,False,-306.6903130281673,306.6903130281673,0.0,A
2662,1416.6084313765168,1031.7762759514153,6,1,B,False,False,443.4237418623099,443.4237418623099,1.0,B
2663,1057.047857902944,1178.2114282250404,4,1,B,False,False,381.45367519068895,381.45367519068895,1.0,B
2664,1076.2531799264252,47.62104246765375,6,1,B,False,False,197.46478667704764,197.46478667704764,1.0,B
2665,828.3238559961319,319.0898238681257,5,1,B,True,False,31.569789289051247,31.569789289051247,0.8,B
2666,798.5030938871205,1194.2470706999302,5,1,B,False,False,157.3213811538312,157.3213811538312,1.0,B
2667,126.20362546294928,592.0129339210689,2,1,A,False,False,-448.1680392645477,448.1680392645477,0.0,A
2668,125.35001384094357,259.1526028700173,5,1,A,False,False,-572.7808705111175,572.7808705111175,0.0,A
2669,502.3324750363827,1368.101790547371,6,1,A,False,False,-148.6698741672725,148.6698741672725,0.0,A
2670,510.9524494037032,543.8674399629235,6,1,A,False,False,-118.82209136690176,118.82209136690176,0.0,A
2671,143.11180310323834,401.24861849471927,7,1,A,False,False,-398.34347530658283,398.34347530658283,0.0,A
2672,469.41131679341197,1087.1788733638823,2,1,A,False,False,-169.1093189828118,169.1093189828118,0.0,A
2673,1428.140037227422,566.9058887287974,6,1,B,False,False,734.3569581161569,734.3569581161569,1.0,B
2674,1391.6635145433247,546.692032366991,3,1,B,False,False,743.423963132865,743.423963132865,1.0,B
2675,517.7865377627313,1172.2160652279854,5,1,A,False,False,-112.57223284718214,112.57223284718214,0.0,A
2676,1247.9726155288517,232.22149210050702,5,1,B,False,False,347.7588007578803,347.7588007578803,1.0,B
2677,1307.4870756827295,676.4309210702777,6,1,B,False,False,401.2292535335361,401.2292535335361,1.0,B
2678,1085.5585620738566,237.98193130642176,8,1,B,False,False,202.8787617709502,202.8787617709502,1.0,B
2679,554.8391123302281,168.36050106212497,2,1,A,False,False,-314.30172434867006,314.30172434867006,0.0,A
2680,837.7916598692536,1470.822914969176,6,1,B,True,True,12.500566297338144,12.500566297338144,0.65,A
2681,450.53638983517885,1461.9744149968028,2,1,A,False,False,-267.7198680203452,267.7198680203452,0.0,A
2682,37.440466694533825,37.94561605900526,5,1,A,False,False,-528.1605355219441,528.1605355219441,0.0,A
2683,224.85120501369238,375.808353535831,7,1,A,False,False,-343.45485538291945,343.45485538291945,0.0,A
2684,261.5698124282062,1473.7394945695996,6,1,A,False,False,-428.41914494791,428.41914494791,0.0,A
2685,477.3326930589974,403.43674505129457,7,1,A,False,False,-157.0982539404616,157.0982539404616,0.0,A
2686,1272.0691552385688,39.96922122314572,7,1,B,False,False,337.9195523558898,337.9195523558898,1.0,B
2687,251.24443508684635,1333.3551571704447,2,1,A,False,False,-322.0756218483582,322.0756218483582,0.0,A
2688,910.5168404057622,1499.6386812999845,8,1,B,True,False,55.50132674004894,55.50132674004894,0.95,B
2689,365.370259154588,1230.5468204431236,8,1,A,False,False,-264.39883222640094,264.39883222640094,0.0,A
2690,1250.7289233617485,25.838336907327175,4,1,B,False,False,326.58880717212577,326.58880717212577,1.0,B
2691,144.37196217477322,1178.60022559762,1,1,A,False,False,-454.60211290487996,454.60211290487996,0.0,A
2692,217.87268528714776,1443.132416345179,2,1,A,False,False,-408.83939997788696,408.83939997788696,0.0,A
2693,68.81375005468726,123.81904385983944,7,1,A,False,False,-711.7352257206587,711.7352257206587,0.0,A
2694,1130.3920741192997,3.6143227480351925,8,1,B,False,False,256.23721278404315,256.23721278404315,1.0,B
2695,886.0175586305559,125.6038541905582,6,1,B,True,False,25.073313142164636,25.073313142164636,0.85,B
2696,279.45958636701107,70.61543734744191,2,1,A,False,False,-409.03975827695336,409.03975827695336,0.0,A
2697,136.0711371526122,1327.471203636378,1,1,A,False,False,-410.9838915843847,410.9838915843847,0.0,A
2698,779.4906659983099,223.30797649919987,5,1,A,True,False,-72.34084350060282,72.34084350060282,0.0,A
2699,1485.4617873206735,1320.8228023722768,4,1,B,False,False,630.3668082082212,630.3668082082212,1.0,B
2700,1401.9637741148472,192.1074860729277,3,1,B,False,False,526.2813555447141,526.2813555447141,1.0,B
2701,1088.6426903307438,1466.335244011134,3,1,B,False,False,202.51299339421175,202.51299339421175,1.0,B
2702,348.5044939443469,173.14680945128202,1,1,A,False,False,-521.3952303378949,521.3952303378949,0.0,A
2703,297.1369503065944,877.7720890939236,1,1,A,False,False,-572.6203276884229,572.6203276884229,0.0,A
2704,454.96593369171023,826.7731619998813,7,1,A,False,False,-368.13075589064454,368.13075589064454,0.0,A
2705,1281.4321140758693,539.2748527228832,4,1,B,False,False,644.3737694022906,644.3737694022906,1.0,B
2706,1188.3991453796625,948.077189270407,4,1,B,False,False,286.926399427908,286.926399427908,1.0,B
2707,922.3448317497969,1440.6266128644347,5,1,B,True,False,91.31705483144869,91.31705483144869,1.0,B
2708,472.82381169497967,1026.7600701190531,8,1,A,False,False,-207.90312277331918,207.90312277331918,0.0,A
2709,1019.6728147566319,982.4461550451815,6,1,B,False,False,150.7273046132418,150.7273046132418,1.0,B
2710,129.11438941955566,1067.0331353321671,6,1,A,False,False,-412.58487586658254,412.58487586658254,0.0,A
2711,141.08167262747884,1428.8697405718267,7,1,A,False,False,-443.103431481775,443.103431481775,0.0,A
2712,1278.065437451005,437.8282427787781,6,1,B,False,False,488.32460895611206,488.32460895611206,1.0,B
2713,1444.3060895428061,667.0310217887163,6,1,B,False,False,507.9420743063186,507.9420743063186,1.0,B
2714,324.7962207533419,671.5894346125424,5,1,A,False,False,-273.41929246108367,273.41929246108367,0.0,A
2715,774.6932907029986,1342.576090246439,5,1,B,True,False,61.1764563406494,61.1764563406494,1.0,B
2716,279.5739183202386,1253.9937109686434,4,1,A,False,False,-341.5893122955461,341.5893122955461,0.0,A
2717,1474.1195691749454,1166.3744528777897,4,1,B,False,False,728.1546450496209,728.1546450496209,1.0,B
2718,469.5941121317446,818.1226118467748,2,1,A,False,False,-340.7847212324379,340.7847212324379,0.0,A
2719,1347.1928229555488,966.825305018574,4,1,B,False,False,404.53533380727055,404.53533380727055,1.0,B
2720,1455.2389760501683,36.526944022625685,4,1,B,False,False,466.72527997477476,466.72527997477476,1.0,B
2721,192.70517164841294,661.9057045318186,5,1,A,False,False,-362.9266026061421,362.9266026061421,0.0,A
2722,1234.6654613502324,984.4071152620018,5,1,B,False,False,311.3712819518801,311.3712819518801,1.0,B
2723,915.218245703727,697.3159709013999,3,1,B,False,False,114.39668104830801,114.39668104830801,1.0,B
2724,449.513444211334,175.135119818151,2,1,A,False,False,-420.48610873359246,420.48610873359246,0.0,A
2725,1457.0683222264051,581.5839534625411,4,1,B,False,False,719.2142696003725,719.2142696003725,1.0,B
2726,450.0700836069882,657.9836932942271,6,1,A,False,False,-180.70613801384275,180.70613801384275,0.0,A
2727,757.0187249220908,309.4385415315628,4,1,A,True,True,-25.170012339376708,25.170012339376708,0.3,B
2728,680.1600297912955,718.7346909195185,1,1,A,True,False,-61.64878006108654,61.64878006108654,0.0,A
2729,512.9274884238839,255.1941554993391,1,1,A,False,False,-266.8662700290411,266.8662700290411,0.0,A
2730,616.9153712689877,437.5807922333479,5,1,A,True,False,-38.33133794616211,38.33133794616211,0.05,A
2731,105.35008320584893,597.582483664155,1,1,A,False,False,-459.83622084486416,459.83622084486416,0.0,A
2732,1435.3850721381605,491.1037045530975,5,1,B,False,False,761.2238674416434,761.2238674416434,1.0,B
2733,1407.1380975656211,407.7149648219347,5,1,B,False,False,523.2046829558117,523.2046829558117,1.0,B
2734,545.1447037048638,1485.3994846343994,8,1,A,False,False,-227.61836311109607,227.61836311109607,0.0,A
2735,1119.2983891814947,1374.5954115875065,6,1,B,False,False,273.5014895400082,273.5014895400082,1.0,B
2736,1236.6723250597715,1431.2964691780508,3,1,B,False,False,315.0606510498054,315.0606510498054,1.0,B
2737,737.0964051224291,861.4964503794909,3,1,A,False,False,-130.91760212351403,130.91760212351403,0.0,A
2738,1265.89444745332,879.9083498306572,7,1,B,False,False,395.56602972961986,395.56602972961986,1.0,B
2739,128.72365163639188,404.40982673317194,2,1,A,False,False,-409.36044993650876,409.36044993650876,0.0,A
2740,1165.878453757614,228.37579809129238,8,1,B,False,False,277.10966002913847,277.10966002913847,1.0,B
2741,488.47387125715613,658.757415600121,5,1,A,False,False,-153.90780747911225,153.90780747911225,0.0,A
2742,15.396706759929657,354.2626826092601,1,1,A,False,False,-496.88528494018374,496.88528494018374,0.0,A
2743,359.48876151815057,400.79045947641134,2,1,A,False,False,-242.7339019477356,242.7339019477356,0.0,A
2744,406.3491658307612,479.31648837402463,8,1,A,False,False,-214.64664225238295,214.64664225238295,0.0,A
2745,765.7250803895295,1192.8481115028262,8,1,B,False,False,125.01996551252125,125.01996551252125,1.0,B
2746,306.5327634103596,75.41029248386621,7,1,A,False,False,-397.1876517395333,397.1876517395333,0.0,A
2747,1256.0983467847109,162.6974972896278,4,1,B,False,False,384.1325051202925,384.1325051202925,1.0,B
2748,1116.3947582244873,113.5052377358079,7,1,B,False,False,230.0568427462256,230.0568427462256,1.0,B
2749,383.1362924538553,393.27074820175767,2,1,A,False,False,-227.63118587246126,227.63118587246126,0.0,A
2750,541.3657114841044,1282.403128221631,5,1,A,True,False,-92.05193500412237,92.05193500412237,0.0,A
2751,469.71940342336893,164.32223562151194,6,1,A,False,False,-397.62311162525725,397.62311162525725,0.0,A
2752,143.3773683384061,220.25021770969033,8,1,A,False,False,-659.615741870445,659.615741870445,0.0,A
2753,773.6631212756038,76.33551489561796,5,1,A,True,False,-40.145274441328006,40.145274441328006,0.0,A
2754,1246.0055337287486,834.3524895608425,5,1,B,False,False,358.35006216747587,358.35006216747587,1.0,B
2755,1333.7256526574492,1139.754165429622,3,1,B,False,False,537.2335504654021,537.2335504654021,1.0,B
2756,927.1404356695712,795.986435841769,5,1,B,True,False,70.4678724373442,70.4678724373442,1.0,A
2757,204.43280786275864,1204.3278152123094,1,1,A,False,False,-419.4259596713293,419.4259596713293,0.0,A
2758,1393.7925430946052,272.6264619268477,7,1,B,False,False,436.79881307243795,436.79881307243795,1.0,B
2759,90.55149927735329,577.3428962565958,1,1,A,False,False,-496.5563627046023,496.5563627046023,0.0,A
2760,994.8779591359198,916.4702729322016,6,1,B,False,False,123.92606054801198,123.92606054801198,1.0,B
2761,541.7924411594868,569.8202317580581,2,1,A,True,False,-90.10310901767954,90.10310901767954,0.0,A
2762,1036.009184550494,218.68132520467043,5,1,B,False,False,161.93577497791844,161.93577497791844,1.0,B
2763,254.6475436538458,1383.1777931191027,2,1,A,False,False,-326.74042099812226,326.74042099812226,0.0,A
2764,819.6381437592208,38.85197080671787,5,1,B,True,True,20.122711885273358,20.122711885273358,0.7,B
2765,109.76133914664388,1008.4272469393909,5,1,A,False,False,-482.9277785161469,482.9277785161469,0.0,A
2766,1384.8478747531772,907.5906216166914,6,1,B,False,False,496.5433569424452,496.5433569424452,1.0,B
2767,711.4175534807146,1364.7497738711536,7,1,A,True,True,-0.8694199029613352,0.8694199029613352,0.45,B
2768,194.33984672650695,74.65383410453796,2,1,A,False,False,-481.53812339984216,481.53812339984216,0.0,A
2769,614.238039124757,50.057797227054834,5,1,A,False,False,-134.84770470410777,134.84770470410777,0.0,A
2770,397.19633711501956,298.0516171082854,8,1,A,False,False,-293.1142560802025,293.1142560802025,0.0,A
2771,1172.2640278749168,36.73361800611019,4,1,B,False,False,268.5361005397156,268.5361005397156,1.0,B
2772,575.1504683867097,616.0148070193827,6,1,A,True,False,-72.91918360630942,72.91918360630942,0.0,A
2773,1444.556670729071,1210.7793116010725,8,1,B,False,False,806.0386960294825,806.0386960294825,1.0,B
2774,609.5171486958861,993.8478064723313,7,1,A,False,False,-144.35763944611404,144.35763944611404,0.0,A
2775,1271.1733197793365,1118.8664347864687,5,1,B,False,False,443.9419541856757,443.9419541856757,1.0,B
2776,286.9015890173614,698.4372795559466,6,1,A,False,False,-313.95665666252467,313.95665666252467,0.0,A
2777,1292.356283403933,244.14188554510474,5,1,B,False,False,376.89906931272276,376.89906931272276,1.0,B
2778,1196.2780659087002,120.64364925026894,5,1,B,False,False,303.7549320224149,303.7549320224149,1.0,B
2779,666.7822846211493,925.6379739381373,8,1,A,False,False,-172.69751208307667,172.69751208307667,0.0,A
2780,1013.6751132085919,1381.3691195100546,4,1,B,False,False,194.44292162382533,194.44292162382533,1.0,B
2781,326.5884490683675,1239.461111370474,7,1,A,False,False,-301.50482618091587,301.50482618091587,0.0,A
2782,86.48661989718676,992.5316255539656,5,1,A,False,False,-527.3809534797207,527.3809534797207,0.0,A
2783,1233.191344421357,1048.585752490908,3,1,B,False,False,327.7339834655,327.7339834655,1.0,B
2784,1212.7253073267639,52.715282421559095,6,1,B,False,False,294.5354750880932,294.5354750880932,1.0,B
2785,682.0059274323285,531.1060608364642,6,1,B,True,False,51.73575536848282,51.73575536848282,1.0,B
2786,931.3760921359062,61.66435405611992,5,1,B,True,False,87.21868649684467,87.21868649684467,1.0,B
2787,579.7863621264696,782.6196290552616,7,1,A,False,False,-196.75795961105632,196.75795961105632,0.0,A
2788,801.4264251105487,835.8482290059328,5,1,A,True,False,-57.41957067892884,57.41957067892884,0.0,A
2789,969.3220588378608,1180.7203427888453,8,1,B,False,False,304.5583258194358,304.5583258194358,1.0,B
2790,542.8397781215608,1125.9386027231812,6,1,A,False,False,-100.90816804562095,100.90816804562095,0.0,A
2791,343.72374415397644,887.7274990081787,7,1,A,False,False,-521.5770990361723,521.5770990361723,0.0,A
2792,281.295508146286,1173.5220830887556,2,1,A,False,False,-325.687471830572,325.687471830572,0.0,A
2793,969.0148886293173,551.7310090363026,4,1,B,False,False,325.0961352481604,325.0961352481604,1.0,B
2794,332.6469473540783,226.95568995550275,8,1,A,False,False,-472.08776736707904,472.08776736707904,0.0,A
2795,679.180221632123,368.5299321077764,1,1,A,True,False,-34.92552446392867,34.92552446392867,0.1,A
2796,62.19722516834736,1466.8144821189344,2,1,A,False,False,-564.6188354241608,564.6188354241608,0.0,A
2797,481.5819966606796,510.9236938878894,6,1,A,False,False,-148.01734590120302,148.01734590120302,0.0,A
2798,165.24107521399856,136.42696291208267,7,1,A,False,False,-655.2372267196583,655.2372267196583,0.0,A
2799,518.8120370730758,1049.3511334061623,7,1,A,False,False,-157.77381464173038,157.77381464173038,0.0,A
2800,87.76884712278843,910.0253311917186,7,1,A,False,False,-736.5656499762144,736.5656499762144,0.0,A
2801,785.3736053220928,1034.0392445214093,7,1,B,True,True,12.479230373377437,12.479230373377437,0.65,B
2802,1412.372802849859,359.1152401641011,5,1,B,False,False,458.16383181219675,458.16383181219675,1.0,B
2803,1140.2635392732918,925.381884444505,6,1,B,False,False,255.44638831933176,255.44638831933176,1.0,B
2804,850.5618777126074,964.6154665388167,6,1,B,True,True,13.695849390213242,13.695849390213242,0.75,A
2805,444.9085439555347,15.994107350707054,6,1,A,False,False,-220.4760740939577,220.4760740939577,0.0,A
2806,340.07609635591507,132.4344933964312,1,1,A,False,False,-483.7223991796792,483.7223991796792,0.0,A
2807,512.5624439679086,462.70061703398824,3,1,A,False,False,-117.8349030642906,117.8349030642906,0.0,A
2808,863.3062248118222,1022.2977166995406,5,1,B,True,False,57.948966432550854,57.948966432550854,1.0,A
2809,1003.1643742695451,1240.8809149637818,7,1,B,False,False,367.66766922844545,367.66766922844545,1.0,B
2810,773.0474956333637,1119.4312004372478,5,1,B,True,False,70.0666546973368,70.0666546973368,1.0,B
2811,342.6769464276731,319.87894512712955,7,1,A,False,False,-304.83945508874785,304.83945508874785,0.0,A
2812,999.3146485649049,840.8604701980948,7,1,B,False,False,128.30192579064334,128.30192579064334,1.0,B
2813,534.1548817232251,963.3224420249462,2,1,A,False,False,-238.0710548797298,238.0710548797298,0.0,A
2814,652.4252761155367,637.441614177078,5,1,A,True,True,-24.886826398623676,24.886826398623676,0.25,A
2815,300.9789688512683,268.9876276999712,5,1,A,False,False,-411.97603225595896,411.97603225595896,0.0,A
2816,1242.458545602858,895.504429936409,3,1,B,False,False,367.4148212638042,367.4148212638042,1.0,B
2817,822.5254830904305,1437.270402442664,5,1,B,True,True,23.22033190441571,23.22033190441571,0.75,A
2818,851.339447312057,370.97040843218565,5,1,B,True,False,85.03083271589884,85.03083271589884,1.0,B
2819,1409.4735318794847,803.7412650883198,7,1,B,False,False,473.7339199060466,473.7339199060466,1.0,B
2820,196.96600176393986,1384.5250527374446,3,1,A,False,False,-366.8651446315673,366.8651446315673,0.0,A
2821,1493.8708213157952,509.84818395227194,3,1,B,False,False,853.7070443203652,853.7070443203652,1.0,B
2822,982.3690848425031,1054.8346862196922,5,1,B,False,False,161.72423944343936,161.72423944343936,1.0,B
2823,946.4448904618621,716.4758727885783,6,1,B,False,False,122.34312819125346,122.34312819125346,1.0,B
2824,108.11479110270739,1472.4240358918905,5,1,A,False,False,-542.424304925172,542.424304925172,0.0,A
2825,1067.1576806344092,1417.4076025374234,4,1,B,False,False,204.41764378481537,204.41764378481537,1.0,B
2826,306.6928214393556,1258.6748292669654,8,1,A,False,False,-313.0488058234364,313.0488058234364,0.0,A
2827,1015.1169123128057,22.83929754048586,3,1,B,False,False,165.61414807247453,165.61414807247453,1.0,B
2828,1387.1182166039944,928.4166935831308,4,1,B,False,False,475.2185298310829,475.2185298310829,1.0,B
2829,365.39330100640655,47.18464007601142,2,1,A,False,False,-309.6125746884425,309.6125746884425,0.0,A
2830,972.5488135591149,1389.2658068798482,6,1,B,False,False,159.67065504470324,159.67065504470324,1.0,B
2831,44.787488412112,1392.1596324071288,7,1,A,False,False,-474.7057291302473,474.7057291302473,0.0,A
2832,1065.2064308524132,1434.0775469318032,3,1,B,False,False,194.67522887564277,194.67522887564277,1.0,B
2833,1118.5162723995745,182.26625584065914,7,1,B,False,False,248.1606636959067,248.1606636959067,1.0,B
2834,1340.753421653062,1102.6984700001776,6,1,B,False,False,465.86821913183473,465.86821913183473,1.0,B
2835,1257.7152885496616,299.45913841947913,8,1,B,False,False,326.9839832006408,326.9839832006408,1.0,B
2836,1274.935859721154,1242.5298281013966,8,1,B,False,False,634.4794499263257,634.4794499263257,1.0,B
2837,296.2211072444916,983.772930689156,7,1,A,False,False,-388.72192992075855,388.72192992075855,0.0,A
2838,1186.9268920272589,1490.0585389696062,3,1,B,False,False,280.93254546936356,280.93254546936356,1.0,B
2839,279.1700600646436,643.8229135237634,2,1,A,False,False,-300.35674940942783,300.35674940942783,0.0,A
2840,852.2546589374542,78.46521399915218,7,1,B,True,False,18.97938177441516,18.97938177441516,0.8,A
2841,441.23787386342883,771.2750737555325,5,1,A,False,False,-287.8310946970096,287.8310946970096,0.0,A
2842,483.8565126992762,71.21014734730124,5,1,A,False,False,-255.4939657219869,255.4939657219869,0.0,A
2843,1313.0056117661297,540.2391334064305,8,1,B,False,False,674.646661435608,674.646661435608,1.0,B
2844,882.0040631107986,26.67559962719679,6,1,B,True,False,71.53931883672753,71.53931883672753,1.0,B
2845,864.2016844823956,232.5842147693038,6,1,B,True,True,8.719311201171166,8.719311201171166,0.65,B
2846,1444.4989683106542,521.6856077313423,8,1,B,False,False,814.0281658538897,814.0281658538897,1.0,B
2847,681.9370589219034,753.9037582464516,1,1,A,True,False,-89.6602956086673,89.6602956086673,0.0,A
2848,1038.2291078567505,1480.0451695919037,6,1,B,False,False,162.52440412935596,162.52440412935596,1.0,B
2849,549.6618174947798,360.1906606927514,8,1,A,False,False,-129.13893153478782,129.13893153478782,0.0,A
2850,705.0453834235668,1417.1061250381172,1,1,A,True,False,-43.34669587117878,43.34669587117878,0.05,A
2851,361.3896919414401,1471.1161418817937,1,1,A,False,False,-347.9862852675623,347.9862852675623,0.0,A
2852,289.42911559715867,953.5452914424241,7,1,A,False,False,-452.60482251413003,452.60482251413003,0.0,A
2853,1030.6194392032921,481.3859537243843,5,1,B,False,False,362.14925916641965,362.14925916641965,1.0,B
2854,1396.2633116170764,916.8342472985387,3,1,B,False,False,497.2351985693342,497.2351985693342,1.0,B
2855,993.0416867136955,975.9667748585343,4,1,B,False,False,128.9303394001986,128.9303394001986,1.0,B
2856,729.5948476530612,997.429231647402,4,1,A,True,False,-54.08536045651549,54.08536045651549,0.0,A
2857,926.6564114950597,1005.2713137120008,4,1,B,True,False,92.14806587040624,92.14806587040624,1.0,B
2858,1016.7939146049321,1330.504656303674,8,1,B,False,False,253.62613051638135,253.62613051638135,1.0,B
2859,772.5287494249642,155.55907459929585,6,1,A,True,False,-94.01898599252034,94.01898599252034,0.0,A
2860,1147.5935094058514,1367.9447849281132,6,1,B,False,False,300.2503053757521,300.2503053757521,1.0,B
2861,621.2440836243331,122.38641735166311,1,1,A,False,False,-211.58719495841117,211.58719495841117,0.0,A
2862,1045.461575500667,147.76333048939705,4,1,B,False,False,173.2389667747807,173.2389667747807,1.0,B
2863,890.2610871009529,1251.4649969525635,4,1,B,False,False,249.0164998334514,249.0164998334514,1.0,B
2864,1131.8565756082535,289.7351305000484,7,1,B,False,False,235.1539243836227,235.1539243836227,1.0,B
2865,779.6505955047905,1476.9879877567291,7,1,A,True,False,-36.03491794100847,36.03491794100847,0.15,A
2866,1278.5431793890893,1145.144283771515,4,1,B,False,False,505.29900077416465,505.29900077416465,1.0,B
2867,33.497757744044065,1377.050920855254,8,1,A,False,False,-476.17777426271243,476.17777426271243,0.0,A
2868,85.86794044822454,1362.4406489543617,1,1,A,False,False,-437.92051339018093,437.92051339018093,0.0,A
2869,1190.6361007131636,493.9662627875805,4,1,B,False,False,533.1194287333684,533.1194287333684,1.0,B
2870,1170.1646042056382,1158.921163994819,7,1,B,False,False,445.20742541941667,445.20742541941667,1.0,B
2871,1283.0990636721253,458.10947148129344,4,1,B,False,False,539.9840772674952,539.9840772674952,1.0,B
2872,1057.491173967719,1343.925745692104,8,1,B,False,False,265.7500840927231,265.7500840927231,1.0,B
2873,190.57578267529607,287.6292848959565,1,1,A,False,False,-460.2692766391043,460.2692766391043,0.0,A
2874,400.97168320789933,1308.6147140711546,7,1,A,False,False,-210.5591878911964,210.5591878911964,0.0,A
2875,781.1845312826335,842.8568900562823,2,1,A,True,False,-80.17480978124546,80.17480978124546,0.0,A
2876,1319.2297308705747,50.67603662610054,3,1,B,False,False,371.19132231519905,371.19132231519905,1.0,B
2877,285.03486793488264,863.2126995362341,2,1,A,False,False,-580.5503369836913,580.5503369836913,0.0,A
2878,1328.2946096733212,1091.8625383637846,8,1,B,False,False,439.6224991498694,439.6224991498694,1.0,B
2879,692.7082752808928,867.5757399760187,5,1,A,False,False,-176.571755430578,176.571755430578,0.0,A
2880,421.9231680035591,1300.3366361372173,6,1,A,False,False,-194.43129642855814,194.43129642855814,0.0,A
2881,277.34090108424425,50.42606312781572,1,1,A,False,False,-377.1933226529205,377.1933226529205,0.0,A
2882,174.44844776764512,768.4718440286815,1,1,A,False,False,-484.0186971021357,484.0186971021357,0.0,A
2883,781.8633844144642,443.5732942074537,3,1,B,True,False,98.41526282442976,98.41526282442976,1.0,B
2884,715.4538799077272,553.777480032295,6,1,B,True,False,78.55362399304843,78.55362399304843,1.0,B
2885,825.0209977850318,1335.8238148503006,4,1,B,False,False,104.17736069699063,104.17736069699063,1.0,B
2886,994.7285251691937,68.89860704541206,4,1,B,False,False,131.64818995153766,131.64818995153766,1.0,B
2887,498.30968538299203,1239.3685332499444,5,1,A,False,False,-131.43177065582282,131.43177065582282,0.0,A
2888,550.139307975769,648.9038011059165,5,1,A,False,False,-105.54507944102036,105.54507944102036,0.0,A
2889,13.758307322859764,121.08318228274584,2,1,A,False,False,-753.1683540619417,753.1683540619417,0.0,A
2890,1279.2076799087226,765.0533518753946,1,1,B,False,False,344.4151486982208,344.4151486982208,1.0,B
2891,1060.3006524033844,325.235347263515,4,1,B,False,False,195.6952088837423,195.6952088837423,1.0,B
2892,1253.970212303102,609.6998183056712,7,1,B,False,False,474.50107444021484,474.50107444021484,1.0,B
2893,1244.2103675566614,730.6889556348324,3,1,B,False,False,320.47749043454866,320.47749043454866,1.0,B
2894,494.34777488932014,1165.6495076604187,6,1,A,False,False,-133.59722044190966,133.59722044190966,0.0,A
2895,231.57687904313207,794.2023505456746,1,1,A,False,False,-494.8899624538565,494.8899624538565,0.0,A
2896,1306.9864455610514,1469.070534221828,8,1,B,False,False,366.4027734927375,366.4027734927375,1.0,B
2897,226.34774632751942,1048.5179079696536,8,1,A,False,False,-357.38832375603795,357.38832375603795,0.0,A
2898,316.63985922932625,142.9311130195856,1,1,A,False,False,-524.4516388958805,524.4516388958805,0.0,A
2899,871.1268142797053,282.5917233712971,5,1,B,True,False,39.57418990960298,39.57418990960298,0.95,B
2900,671.0080951452255,150.74780909344554,2,1,A,False,False,-191.05836200881484,191.05836200881484,0.0,A
2901,1241.3925002329051,499.8920070938766,7,1,B,False,False,591.4655591778452,591.4655591778452,1.0,B
2902,1256.5647340379655,855.772081296891,5,1,B,False,False,381.86932615141205,381.86932615141205,1.0,B
2903,121.92745925858617,1193.1031323038042,6,1,A,False,False,-490.75455861226584,490.75455861226584,0.0,A
2904,1230.4714741185308,427.5076948106289,3,1,B,False,False,429.5713353023786,429.5713353023786,1.0,B
2905,265.0940325111151,584.0946338139474,1,1,A,False,False,-334.9004581835384,334.9004581835384,0.0,A
2906,420.6634252332151,106.34379833936691,6,1,A,False,False,-362.71538182789953,362.71538182789953,0.0,A
2907,444.79412818327546,1269.7482146322727,6,1,A,False,False,-179.49153581002105,179.49153581002105,0.0,A
2908,809.5827517099679,720.2399116940796,6,1,B,True,False,26.016836145063863,26.016836145063863,0.8,B
2909,583.7711915373802,438.97439260035753,6,1,A,True,False,-64.16245336236439,64.16245336236439,0.0,A
2910,995.0120081193745,622.1473915502429,6,1,B,False,False,248.58497178218644,248.58497178218644,1.0,B
2911,919.5221071131527,385.25193370878696,5,1,B,False,False,144.55468626369068,144.55468626369068,1.0,B
2912,1336.795792914927,19.16665770113468,8,1,B,False,False,388.3382849623842,388.3382849623842,1.0,B
2913,443.43658117577434,546.2367301806808,7,1,A,False,False,-184.92535254539345,184.92535254539345,0.0,A
2914,25.333458557724953,1151.5734801068902,8,1,A,False,False,-525.7304466453326,525.7304466453326,0.0,A
2915,345.1406895183027,560.5282983742654,8,1,A,False,False,-275.6178157060916,275.6178157060916,0.0,A
2916,1362.6585896126926,1130.9777428396046,4,1,B,False,False,539.3840129279963,539.3840129279963,1.0,B
2917,840.505801141262,1270.299045369029,6,1,B,False,False,184.66483855355443,184.66483855355443,1.0,B
2918,553.6731239408255,854.8462875187397,6,1,A,False,False,-308.6270546333999,308.6270546333999,0.0,A
2919,1074.6038602665067,559.2373260296881,3,1,B,False,False,417.3850742388735,417.3850742388735,1.0,B
2920,849.7351524420083,1449.6291135437787,6,1,B,True,False,34.44060621357649,34.44060621357649,0.85,A
2921,1466.4943940006196,1281.215493567288,4,1,B,False,False,728.665496655261,728.665496655261,1.0,B
2922,156.8778776563704,314.8156888782978,3,1,A,False,False,-440.47207701811493,440.47207701811493,0.0,A
2923,589.6575227379799,1479.2769444175065,1,1,A,False,False,-184.9711778227007,184.9711778227007,0.0,A
2924,1472.3290395922959,598.239550832659,7,1,B,False,False,682.712638759028,682.712638759028,1.0,B
2925,522.6844944991171,312.7238005399704,6,1,A,False,False,-186.9681959982742,186.9681959982742,0.0,A
2926,136.8487123399973,711.212620139122,5,1,A,False,False,-426.54027127834735,426.54027127834735,0.0,A
2927,782.0800691843033,35.56597838178277,2,1,A,True,True,-3.9020313374482805,3.9020313374482805,0.3,A
2928,1145.2839612029493,1498.6766246147454,5,1,B,False,False,249.85151581003285,249.85151581003285,1.0,B
2929,1188.2784767076373,829.2799377813935,3,1,B,False,False,301.57596338147306,301.57596338147306,1.0,B
2930,622.0652600750327,416.85878578573465,4,1,A,True,False,-44.96778298103267,44.96778298103267,0.0,A
2931,1466.3463486358523,885.0586409680545,4,1,B,False,False,594.0402939120797,594.0402939120797,1.0,B
2932,374.3609497323632,493.89664409682155,8,1,A,False,False,-249.52535546242555,249.52535546242555,0.0,A
2933,734.4623487442732,1075.855921022594,5,1,B,True,True,8.32654309128507,8.32654309128507,0.6,A
2934,60.879587195813656,49.9700247310102,5,1,A,False,False,-531.8437296422645,531.8437296422645,0.0,A
2935,435.19435403868556,1342.5120832398534,7,1,A,False,False,-186.52530390382492,186.52530390382492,0.0,A
2936,1315.977222751826,148.0607301928103,4,1,B,False,False,435.2249288933893,435.2249288933893,1.0,B
2937,717.5467503257096,485.01521022990346,6,1,B,True,False,74.73110833307126,74.73110833307126,1.0,B
2938,554.9534833990037,1164.3024212680757,1,1,A,True,False,-80.69782118076759,80.69782118076759,0.0,A
2939,682.8003516420722,114.79826783761382,2,1,A,False,False,-148.7859987983017,148.7859987983017,0.0,A
2940,54.52442681416869,1202.0286982879043,1,1,A,False,False,-564.4557866704095,564.4557866704095,0.0,A
2941,510.32021502032876,1248.6178586259484,5,1,A,False,False,-119.3396937215506,119.3396937215506,0.0,A
2942,482.07796085625887,1014.8142683319747,8,1,A,False,False,-213.24771506069882,213.24771506069882,0.0,A
2943,124.1473937407136,107.41465771570802,6,1,A,False,False,-617.3350317470183,617.3350317470183,0.0,A
2944,1175.7139675319195,1351.7665578983724,6,1,B,False,False,340.3923498406694,340.3923498406694,1.0,B
2945,279.61340406909585,384.72404703497887,2,1,A,False,False,-302.75096203053556,302.75096203053556,0.0,A
2946,1394.651819486171,494.05678594484925,8,1,B,False,False,728.9282787189004,728.9282787189004,1.0,B
2947,1317.5818556919694,66.70793797820807,4,1,B,False,False,373.5085429910213,373.5085429910213,1.0,B
2948,887.8855579532683,1079.5252178795636,4,1,B,False,False,117.38345499589452,117.38345499589452,1.0,B
2949,1167.2228607349098,754.3429085053504,8,1,B,False,False,261.5165713430711,261.5165713430711,1.0,B
2950,774.1067432798445,638.1933130323887,5,1,B,True,False,64.40128892827961,64.40128892827961,1.0,B
2951,1488.8254185207188,806.2917594797909,4,1,B,False,False,544.0056488000025,544.0056488000025,1.0,B
2952,281.0709276236594,176.77410040050745,1,1,A,False,False,-588.8272542189546,588.8272542189546,0.0,A
2953,1382.3424051515758,131.86180545017123,3,1,B,False,False,482.8189451004346,482.8189451004346,1.0,B
2954,286.1183029599488,1051.0205011814833,7,1,A,False,False,-314.87744071584797,314.87744071584797,0.0,A
2955,711.4861090667546,298.1927669607103,5,1,A,True,False,-66.5122698696847,66.5122698696847,0.0,A
2956,150.1945056952536,1325.6502756848931,8,1,A,False,False,-401.21119944445746,401.21119944445746,0.0,A
2957,1454.5518863014877,924.7886873781681,3,1,B,False,False,540.6315863448161,540.6315863448161,1.0,B
2958,633.5160909220576,744.9371125549078,5,1,A,False,False,-116.21217617365413,116.21217617365413,0.0,A
2959,81.34389482438564,1473.1982834637165,6,1,A,False,False,-564.5177229811061,564.5177229811061,0.0,A
2960,698.9279575645924,931.7828323692083,6,1,A,False,False,-137.9329276563271,137.9329276563271,0.0,A
2961,719.4419461302459,1497.5331905297935,5,1,A,False,False,-100.98810245567918,100.98810245567918,0.0,A
2962,20.460173953324556,198.19994503632188,5,1,A,False,False,-826.6981485437291,826.6981485437291,0.0,A
2963,927.0137781277299,96.36265318840742,6,1,B,True,False,70.23971860543908,70.23971860543908,1.0,B
2964,1385.4687879793346,1178.5310986451805,7,1,B,False,False,682.9894453354896,682.9894453354896,1.0,B
2965,994.393250439316,256.7058359272778,4,1,B,False,False,125.92536940599133,125.92536940599133,1.0,B
2966,775.6899283267558,1284.9772442132235,5,1,B,False,False,112.67543219930423,112.67543219930423,1.0,B
2967,800.4419398494065,1484.9089575000107,6,1,A,True,True,-25.569665671772366,25.569665671772366,0.4,A
2968,746.975380461663,1210.3012427687645,4,1,B,False,False,114.78583987959325,114.78583987959325,1.0,B
2969,249.092317186296,705.331957899034,1,1,A,False,False,-344.92827160363726,344.92827160363726,0.0,A
2970,388.4027190506458,543.1589931249619,8,1,A,False,False,-239.55599721114268,239.55599721114268,0.0,A
2971,27.16262312605977,948.9251165650785,1,1,A,False,False,-681.1170576816083,681.1170576816083,0.0,A
2972,387.3170712031424,1082.9684101045132,2,1,A,False,False,-228.2271991496995,228.2271991496995,0.0,A
2973,567.6270592957735,767.8764187730849,6,1,A,False,False,-188.1524180173318,188.1524180173318,0.0,A
2974,635.7901124283671,129.5627667568624,1,1,A,False,False,-206.3270430304552,206.3270430304552,0.0,A
2975,873.663907404989,1475.6182059645653,1,1,B,True,False,37.032648857979204,37.032648857979204,0.9,A
2976,13.434742111712694,1027.0595960319042,1,1,A,False,False,-523.754532938572,523.754532938572,0.0,A
2977,1068.8151475042105,1334.4990508630872,3,1,B,False,False,286.978684881156,286.978684881156,1.0,B
2978,47.70273948088288,283.9183649048209,2,1,A,False,False,-573.827259192657,573.827259192657,0.0,A
2979,1073.8094625994563,381.30319118499756,7,1,B,False,False,248.1327511407574,248.1327511407574,1.0,B
2980,803.3638643100858,861.3340160809457,4,1,A,True,False,-65.17089373849363,65.17089373849363,0.0,A
2981,897.1001445315778,1436.4704084582627,5,1,B,True,False,75.97144867432446,75.97144867432446,1.0,B
2982,1162.9939363338053,583.3356902003288,5,1,B,False,False,455.107131691684,455.107131691684,1.0,B
2983,739.6121481433511,1090.3522968292236,4,1,B,True,False,22.638863163501497,22.638863163501497,0.8,A
2984,797.8721838444471,1169.4310074672103,5,1,B,False,False,136.23154351930754,136.23154351930754,1.0,B
2985,268.5106764547527,249.67644223943353,2,1,A,False,False,-478.3235692992234,478.3235692992234,0.0,A
2986,975.7021134719253,1200.319561176002,4,1,B,False,False,333.5553282989515,333.5553282989515,1.0,B
2987,84.25245154649019,237.2833122499287,2,1,A,False,False,-666.3987829601942,666.3987829601942,0.0,A
2988,161.5677229128778,192.22270231693983,1,1,A,False,False,-697.4738905312234,697.4738905312234,0.0,A
2989,398.72818579897285,402.6831923983991,8,1,A,False,False,-214.09209096816605,214.09209096816605,0.0,A
2990,432.2460168041289,316.7077708058059,8,1,A,False,False,-246.02644164644326,246.02644164644326,0.0,A
2991,1431.7772551439703,1235.136087052524,7,1,B,False,False,797.4713291687996,797.4713291687996,1.0,B
2992,789.5836494863033,1354.4360613450408,1,1,B,True,False,62.096362661786785,62.096362661786785,1.0,B
2993,221.59607475623488,26.96888241916895,7,1,A,False,False,-385.0787305846578,385.0787305846578,0.0,A
2994,566.7585991322994,250.70675276219845,5,1,A,False,False,-229.04477820900763,229.04477820900763,0.0,A
2995,1246.0431167855859,151.20803425088525,3,1,B,False,False,369.26959666832556,369.26959666832556,1.0,B
2996,60.20786706358194,134.1518322005868,8,1,A,False,False,-747.9891765255155,747.9891765255155,0.0,A
2997,306.25464487820864,639.8285273462534,7,1,A,False,False,-280.62255937010184,280.62255937010184,0.0,A
2998,945.0500230304897,1447.8216720744967,3,1,B,False,False,103.66885303332009,103.66885303332009,1.0,B
2999,442.7730250172317,1061.1962601542473,8,1,A,False,False,-201.38633532410867,201.38633532410867,0.0,A
3000,754.6382769942284,322.5175542756915,2,1,A,True,True,-17.056516003862125,17.056516003862125,0.35,B
3001,1119.4922612048686,979.9139946699142,4,1,B,False,False,225.38787649320943,225.38787649320943,1.0,B
3002,85.52517648786306,3.681922797113657,1,1,A,False,False,-454.9300251596566,454.9300251596566,0.0,A
3003,1053.449195344001,616.5417800657451,3,1,B,False,False,302.4168608518777,302.4168608518777,1.0,B
3004,1067.814779933542,1298.9201014861465,8,1,B,False,False,343.62115530768926,343.62115530768926,1.0,B
3005,1439.1241008415818,334.9532028660178,5,1,B,False,False,460.1218646218315,460.1218646218315,1.0,B
3006,1151.5031727030873,258.5802501998842,4,1,B,False,False,252.85825416949794,252.85825416949794,1.0,B
3007,748.941564001143,12.827849015593529,6,1,A,True,False,-10.136327374764418,10.136327374764418,0.1,A
3008,555.3842796944082,662.5602054409683,7,1,A,False,False,-108.71171085040082,108.71171085040082,0.0,A
3009,116.45877175033092,274.0408591926098,8,1,A,False,False,-543.9979765455784,543.9979765455784,0.0,A
3010,653.6331684328616,139.57221200689673,8,1,A,False,False,-199.3488929976211,199.3488929976211,0.0,A
3011,304.78297267109156,297.02438693493605,8,1,A,False,False,-361.23200211922034,361.23200211922034,0.0,A
3012,1332.3199544101954,283.21244241669774,6,1,B,False,False,384.5493037582236,384.5493037582236,1.0,B
3013,1031.057445332408,1369.8761695995927,4,1,B,False,False,217.2384731564125,217.2384731564125,1.0,B
3014,510.71611884981394,999.5460142381489,8,1,A,False,False,-209.5976871688193,209.5976871688193,0.0,A
3015,11.620692908763885,22.450321353971958,1,1,A,False,False,-524.3960917893761,524.3960917893761,0.0,A
3016,451.97824900969863,107.73721989244223,1,1,A,False,False,-338.5275894742461,338.5275894742461,0.0,A
3017,1159.8516600206494,1483.7413094937801,4,1,B,False,False,257.693274684929,257.693274684929,1.0,B
3018,1250.0487682409585,1125.0941469334066,4,1,B,False,False,439.9021561488626,439.9021561488626,1.0,B
3019,674.0604098886251,1315.3758868575096,5,1,B,True,True,5.276210052892302,5.276210052892302,0.55,B
3020,726.8196903169155,708.4098290652037,6,1,A,True,True,-21.96243827711824,21.96243827711824,0.3,A
3021,1432.1351386606693,1015.2695761062205,5,1,B,False,False,450.60338748963284,450.60338748963284,1.0,B
3022,678.7816132418811,383.31906683743,5,1,A,True,False,-24.989777493269838,24.989777493269838,0.15,A
3023,1495.9997786208987,228.82216656580567,4,1,B,False,False,572.1131225788847,572.1131225788847,1.0,B
3024,910.1178939454257,529.9299792386591,6,1,B,False,False,279.68311002354204,279.68311002354204,1.0,B
3025,1238.427837844938,1184.5497186295688,3,1,B,False,False,560.9600234298885,560.9600234298885,1.0,B
3026,111.23301135376096,1427.3388390429318,1,1,A,False,False,-461.820703009641,461.820703009641,0.0,A
3027,1253.3923122100532,640.6523720361292,6,1,B,False,False,413.686516793351,413.686516793351,1.0,B
3028,1319.1151362843812,1234.3368139117956,5,1,B,False,False,685.9115095882177,685.9115095882177,1.0,B
3029,745.6941367127001,1480.3416514769197,5,1,A,True,False,-64.94496474097399,64.94496474097399,0.0,A
3030,841.5541215799749,713.9946632087231,4,1,B,True,False,52.28380836781359,52.28380836781359,1.0,B
3031,1228.8415739312768,994.9901956133544,3,1,B,False,False,306.16193333156673,306.16193333156673,1.0,B
3032,343.9600858837366,572.8986295871437,6,1,A,False,False,-270.91062393651384,270.91062393651384,0.0,A
3033,983.1468276679516,280.72775853797793,5,1,B,False,False,122.82497745586168,122.82497745586168,1.0,B
3034,321.8714324757457,169.62082078680396,2,1,A,False,False,-547.2497135969678,547.2497135969678,0.0,A
3035,1426.3499518856406,1135.7730450108647,8,1,B,False,False,601.0979822128168,601.0979822128168,1.0,B
3036,791.8213200755417,109.39676268026233,6,1,A,True,False,-49.745793176937994,49.745793176937994,0.0,A
3037,444.5775914937258,733.633307274431,2,1,A,False,False,-237.79430110294606,237.79430110294606,0.0,A
3038,894.3491550162435,992.7852214314044,6,1,B,True,False,62.27837856444415,62.27837856444415,1.0,B
3039,947.6116290315986,857.7207173220813,3,1,B,True,False,77.979973694689,77.979973694689,1.0,B
3040,546.7282882891595,703.4753886982799,2,1,A,False,False,-140.8864042109956,140.8864042109956,0.0,A
3041,234.42916246131063,752.4061524309218,6,1,A,False,False,-411.13487597165374,411.13487597165374,0.0,A
3042,26.54135087504983,1122.4648067727685,1,1,A,False,False,-494.1088229358558,494.1088229358558,0.0,A
3043,833.5493495687842,822.356688324362,4,1,A,True,True,-20.92236511879602,20.92236511879602,0.3,A
3044,777.6858801953495,328.0956451781094,6,1,B,True,True,2.9176296795263235,2.9176296795263235,0.6,B
3045,47.02260112389922,1430.2465408109128,7,1,A,False,False,-510.13914250257886,510.13914250257886,0.0,A
3046,1166.2839311175048,612.8672095946968,8,1,B,False,False,397.96736797446255,397.96736797446255,1.0,B
3047,412.56228368729353,1078.9985745213926,8,1,A,False,False,-212.38686994289932,212.38686994289932,0.0,A
3048,103.87832159176469,342.76195149868727,2,1,A,False,False,-445.4167427932863,445.4167427932863,0.0,A
3049,436.11278012394905,637.7137424424291,6,1,A,False,False,-184.79047958011165,184.79047958011165,0.0,A
3050,145.84126509726048,882.7154422178864,2,1,A,False,False,-721.8687203662497,721.8687203662497,0.0,A
3051,446.10421266406775,336.73697523772717,6,1,A,False,False,-217.28774171092516,217.28774171092516,0.0,A
3052,718.4215262532234,1136.6201690398157,4,1,B,True,False,41.725576191495286,41.725576191495286,1.0,B
3053,1400.6269401870668,1364.5476596429944,1,1,B,False,False,481.03807474583573,481.03807474583573,1.0,B
3054,877.2889352403581,719.5573733188212,3,1,B,True,False,72.94624082405119,72.94624082405119,1.0,B
3055,1205.3638212382793,507.98578234389424,7,1,B,False,False,566.4135793881311,566.4135793881311,1.0,B
3056,366.22671922668815,367.31794383376837,1,1,A,False,False,-250.0881002862394,250.0881002862394,0.0,A
3057,163.03999861702323,745.9244672209024,5,1,A,False,False,-451.9914247588063,451.9914247588063,0.0,A
3058,961.6257310844958,1140.1224313303828,7,1,B,False,False,239.5069791491272,239.5069791491272,1.0,B
3059,211.67198522016406,439.3442706204951,7,1,A,False,False,-361.85240244402013,361.85240244402013,0.0,A
3060,1279.8709231428802,625.2277311868966,4,1,B,False,False,462.0704796228598,462.0704796228598,1.0,B
3061,923.6251912079751,952.4234686978161,3,1,B,True,False,67.052459210404,67.052459210404,1.0,B
3062,1120.7897211425006,203.2541809603572,8,1,B,False,False,245.81006863539977,245.81006863539977,1.0,B
3063,1244.5542044006288,870.5152748152614,5,1,B,False,False,374.2999283747263,374.2999283747263,1.0,B
3064,103.48661988973618,759.4671975821257,2,1,A,False,False,-518.8347197397939,518.8347197397939,0.0,A
3065,390.13807475566864,621.4399714954197,8,1,A,False,False,-218.1008952327873,218.1008952327873,0.0,A
3066,168.83593937382102,1182.5038804672658,1,1,A,False,False,-436.0419846919197,436.0419846919197,0.0,A
3067,164.6260041743517,928.7461414933205,2,1,A,False,False,-618.7292465641627,618.7292465641627,0.0,A
3068,857.2452496737242,674.6688983403146,3,1,B,True,False,92.64546485499038,92.64546485499038,1.0,B
3069,3.051184583455324,934.0458456426859,1,1,A,False,False,-746.9332013657386,746.9332013657386,0.0,A
3070,10.183042846620083,787.2055973857641,2,1,A,False,False,-655.23915997894,655.23915997894,0.0,A
3071,43.92798850312829,6.851206999272108,6,1,A,False,False,-485.91178059984037,485.91178059984037,0.0,A
3072,1207.2332901880145,641.7162632569671,4,1,B,False,False,378.14559065897123,378.14559065897123,1.0,B
3073,8.27777897939086,1483.9259292930365,6,1,A,False,False,-647.7890656329331,647.7890656329331,0.0,A
3074,987.8764827735722,486.7640188895166,7,1,B,False,False,329.8776950995954,329.8776950995954,1.0,B
3075,502.82038701698184,370.41976768523455,7,1,A,False,False,-154.68235648097144,154.68235648097144,0.0,A
3076,808.9241073466837,589.0921857208014,3,1,B,False,False,137.70396597532772,137.70396597532772,1.0,B
3077,712.5857155770063,513.383855111897,6,1,B,True,False,81.42397957975713,81.42397957975713,1.0,B
3078,235.5855591595173,222.15061727911234,1,1,A,False,False,-570.4978209067921,570.4978209067921,0.0,A
3079,453.44717195257545,456.31358586251736,6,1,A,False,False,-168.61824519267725,168.61824519267725,0.0,A
3080,278.7921689450741,108.01325552165508,2,1,A,False,False,-486.89719137033643,486.89719137033643,0.0,A
3081,1270.3900393098593,718.3453571051359,6,1,B,False,False,343.167118472067,343.167118472067,1.0,B
3082,1321.3497516699135,490.4409502632916,3,1,B,False,False,651.3207334133264,651.3207334133264,1.0,B
3083,140.4563058167696,1455.9191674925387,6,1,A,False,False,-485.16406125356593,485.16406125356593,0.0,A
3084,759.8421522416174,550.4593919031322,3,1,B,False,False,123.11036058556623,123.11036058556623,1.0,B
3085,951.1077809147537,886.1122392117977,3,1,B,True,False,81.2382589934759,81.2382589934759,1.0,B
3086,222.72307612001896,304.1665214113891,6,1,A,False,False,-409.37563565200594,409.37563565200594,0.0,A
3087,405.6847100146115,94.75768636912107,2,1,A,False,False,-354.2200697490446,354.2200697490446,0.0,A
3088,626.3438458554447,1186.4278768189251,6,1,A,True,True,-10.121840142131077,10.121840142131077,0.35,A
3089,382.68128503113985,98.73253153637052,6,1,A,False,False,-380.42251962160896,380.42251962160896,0.0,A
3090,1100.6123065017164,629.6544405631721,6,1,B,False,False,318.0464441909419,318.0464441909419,1.0,B
3091,46.04228166863322,528.7847863510251,6,1,A,False,False,-583.6365016365118,583.6365016365118,0.0,A
3092,697.0812301151454,148.3143400400877,6,1,A,False,False,-164.21573283911275,164.21573283911275,0.0,A
3093,1435.067237354815,1360.5303768999875,8,1,B,False,False,511.2319052449832,511.2319052449832,1.0,B
3094,202.18896958976984,506.2553328461945,1,1,A,False,False,-422.6846763246872,422.6846763246872,0.0,A
3095,715.6374799087644,636.6844573058188,5,1,B,True,False,22.37785796627579,22.37785796627579,0.9,A
3096,46.44299391657114,1498.4948770143092,7,1,A,False,False,-657.6449077675371,657.6449077675371,0.0,A
3097,565.9544155932963,709.3157060444355,2,1,A,False,False,-132.28902646337713,132.28902646337713,0.0,A
3098,1240.037593524903,1329.8500603996217,4,1,B,False,False,422.90212958732144,422.90212958732144,1.0,B
3099,732.1144882589579,470.05825862288475,4,1,B,True,False,78.23197036523196,78.23197036523196,1.0,B
3100,1353.657217696309,476.35412961244583,5,1,B,False,False,648.3067841688687,648.3067841688687,1.0,B
3101,1316.9942116364837,1483.285287860781,4,1,B,False,False,380.9122832976661,380.9122832976661,1.0,B
3102,1200.490870513022,397.13105326518416,6,1,B,False,False,356.54660527321334,356.54660527321334,1.0,B
3103,624.8748335056007,878.7326510064304,6,1,A,False,False,-244.89846182689286,244.89846182689286,0.0,A
3104,1323.035585694015,911.7511315271258,6,1,B,False,False,433.855920653995,433.855920653995,1.0,B
3105,1252.712067682296,991.5732052177191,4,1,B,False,False,323.7405716360851,323.7405716360851,1.0,B
3106,1335.8766976743937,523.9532673731446,7,1,B,False,False,705.8352593607053,705.8352593607053,1.0,B
3107,1124.7927253134549,843.082481995225,6,1,B,False,False,248.4304122364431,248.4304122364431,1.0,B
3108,347.6836304180324,458.7496714666486,1,1,A,False,False,-259.3546476311147,259.3546476311147,0.0,A
3109,1199.2453853599727,479.7527063637972,3,1,B,False,False,514.8116382047269,514.8116382047269,1.0,B
3110,604.5180573128164,578.646041918546,4,1,A,True,False,-35.01257732381809,35.01257732381809,0.05,A
3111,246.4853790588677,790.7642461359501,8,1,A,False,False,-475.15097812103073,475.15097812103073,0.0,A
3112,4.661201499402523,511.2682948820293,2,1,A,False,False,-620.8292886260492,620.8292886260492,0.0,A
3113,42.03493148088455,1343.495189677924,1,1,A,False,False,-473.0139285831861,473.0139285831861,0.0,A
3114,206.11821301281452,631.6616605035961,1,1,A,False,False,-356.3083637330784,356.3083637330784,0.0,A
3115,1064.3725083209574,1458.881987258792,3,1,B,False,False,185.88186444575254,185.88186444575254,1.0,B
3116,1175.8577493019402,1002.4667596444488,4,1,B,False,False,268.61055379251707,268.61055379251707,1.0,B
3117,26.690801605582237,1419.1783997230232,7,1,A,False,False,-510.1502025768301,510.1502025768301,0.0,A
3118,961.0359189100564,309.5297128893435,5,1,B,False,False,118.66886112272117,118.66886112272117,1.0,B
3119,1113.7545257806778,717.0750838704407,7,1,B,False,False,236.51350800711862,236.51350800711862,1.0,B
3120,218.85515190660954,71.96289813145995,1,1,A,False,False,-457.4462306498437,457.4462306498437,0.0,A
3121,115.2136498130858,356.7663165740669,4,1,A,False,False,-427.36653718125586,427.36653718125586,0.0,A
3122,169.21697929501534,1068.5638803988695,7,1,A,False,False,-384.4650946908363,384.4650946908363,0.0,A
3123,438.68138501420617,504.9979635514319,6,1,A,False,False,-189.76889501393728,189.76889501393728,0.0,A
3124,1462.0519084855914,1134.2362146824598,7,1,B,False,False,625.2735169455262,625.2735169455262,1.0,B
3125,192.72790057584643,1001.8150401301682,2,1,A,False,False,-434.3826056261825,434.3826056261825,0.0,A
3126,414.61986070498824,683.1780890934169,5,1,A,False,False,-217.2303619566104,217.2303619566104,0.0,A
3127,25.044245179742575,969.113091006875,6,1,A,False,False,-626.6285053877878,626.6285053877878,0.0,A
3128,1171.946003101766,1111.2261218950152,3,1,B,False,False,356.91386861300884,356.91386861300884,1.0,B
3129,135.81698248162866,769.8250324465334,7,1,A,False,False,-515.851653587735,515.851653587735,0.0,A
3130,227.8085332363844,1391.2764061242342,2,1,A,False,False,-349.4794332662297,349.4794332662297,0.0,A
3131,1121.925937011838,546.3503510691226,3,1,B,False,False,479.73715225982204,479.73715225982204,1.0,B
3132,1286.2599226646125,1233.8290982879698,7,1,B,False,False,653.5116460363529,653.5116460363529,1.0,B
3133,452.6000269688666,364.2604951746762,6,1,A,False,False,-192.76955742362384,192.76955742362384,0.0,A
3134,81.93159475922585,77.1383042447269,8,1,A,False,False,-573.2716936298193,573.2716936298193,0.0,A
3135,219.40736984834075,782.2501114569604,8,1,A,False,False,-478.1634450547112,478.1634450547112,0.0,A
3136,856.8523968569934,487.26977314800024,4,1,B,False,False,207.17094609201564,207.17094609201564,1.0,B
3137,1116.0304457880557,692.2579421661794,6,1,B,False,False,255.04134196384243,255.04134196384243,1.0,B
3138,1090.7540428452194,217.3335012048483,8,1,B,False,False,212.94833029052361,212.94833029052361,1.0,B
3139,1235.3511261753738,304.27905544638634,3,1,B,False,False,311.2530771566103,311.2530771566103,1.0,B
3140,971.5732452459633,590.7196118496358,5,1,B,False,False,275.6067191449863,275.6067191449863,1.0,B
3141,245.17861660569906,420.4398365691304,8,1,A,False,False,-327.53453044892615,327.53453044892615,0.0,A
3142,579.5543566346169,678.7282372824848,1,1,A,False,False,-101.46017928482642,101.46017928482642,0.0,A
3143,149.86368734389544,923.9657451398671,8,1,A,False,False,-644.2872238807779,644.2872238807779,0.0,A
3144,1407.0238159038126,935.2048113942146,5,1,B,False,False,484.67947757184714,484.67947757184714,1.0,B
3145,831.1383817344904,990.5181876383722,6,1,B,True,True,14.717355265970372,14.717355265970372,0.7,A
3146,589.725854806602,225.41347006335855,6,1,A,False,False,-242.63605284621647,242.63605284621647,0.0,A
3147,826.2413302436471,408.67593605071306,6,1,B,False,False,99.942118041191,99.942118041191,1.0,B
3148,1457.5120476074517,1269.357668235898,7,1,B,False,False,754.9378592592783,754.9378592592783,1.0,B
3149,508.5948393680155,779.9279429018497,1,1,A,False,False,-248.6977479916654,248.6977479916654,0.0,A
3150,94.80739245191216,316.3982732221484,6,1,A,False,False,-481.5872751396497,481.5872751396497,0.0,A
3151,568.2992516085505,1026.9667441025376,8,1,A,False,False,-142.00258586489414,142.00258586489414,0.0,A
3152,65.12037059292197,868.5366665013134,8,1,A,False,False,-803.1130132721723,803.1130132721723,0.0,A
3153,1098.9177371375263,1140.8048691228032,8,1,B,False,False,350.8920184257418,350.8920184257418,1.0,B
3154,370.4425888136029,579.8827344551682,6,1,A,False,False,-243.99192954252567,243.99192954252567,0.0,A
3155,336.7939288727939,943.0415485985577,6,1,A,False,False,-435.18424556602093,435.18424556602093,0.0,A
3156,1112.679020036012,805.6399044580758,5,1,B,False,False,224.57033836667424,224.57033836667424,1.0,B
3157,1237.984118051827,666.7580944485962,6,1,B,False,False,364.57999244487723,364.57999244487723,1.0,B
3158,532.6347006484866,12.735277879983187,5,1,A,False,False,-157.75704843385452,157.75704843385452,0.0,A
3159,1293.8894927501678,529.5601012185216,3,1,B,False,False,663.1451647376616,663.1451647376616,1.0,B
3160,345.6387701444328,995.7018177956343,1,1,A,False,False,-333.6212110046099,333.6212110046099,0.0,A
3161,27.85025490447879,340.4942136257887,6,1,A,False,False,-499.2725284958097,499.2725284958097,0.0,A
3162,576.2639441527426,428.8222063332796,3,1,A,True,False,-74.0861900022635,74.0861900022635,0.0,A
3163,754.2865513823926,134.91708179935813,2,1,A,False,False,-101.0109333372678,101.0109333372678,0.0,A
3164,1090.5939401127398,1494.7268106043339,3,1,B,False,False,204.12356573410665,204.12356573410665,1.0,B
3165,1463.5832500644028,57.01980320736766,7,1,B,False,False,477.3299498667456,477.3299498667456,1.0,B
3166,260.77543711289763,1347.0782018266618,8,1,A,False,False,-313.6633731336381,313.6633731336381,0.0,A
3167,525.1796487718821,104.10931427031755,6,1,A,False,False,-270.6442148546337,270.6442148546337,0.0,A
3168,121.55856471508741,1380.3154891356826,8,1,A,False,False,-416.7029059380215,416.7029059380215,0.0,A
3169,1202.167835086584,372.35349509865046,8,1,B,False,False,327.4318460799875,327.4318460799875,1.0,B
3170,1281.8170990794897,726.6734470613301,3,1,B,False,False,347.7709590851046,347.7709590851046,1.0,B
3171,151.90756414085627,246.6024518944323,1,1,A,False,False,-583.1801252688334,583.1801252688334,0.0,A
3172,1490.436840802431,912.5333027914166,3,1,B,False,False,590.8478699276818,590.8478699276818,1.0,B
3173,206.34093135595322,923.0921231210232,1,1,A,False,False,-595.0201554447517,595.0201554447517,0.0,A
3174,7.620542775839567,1330.893610138446,5,1,A,False,False,-505.83750722017606,505.83750722017606,0.0,A
3175,374.580520670861,151.9612306728959,2,1,A,False,False,-481.23435364231426,481.23435364231426,0.0,A
3176,704.750235658139,844.9972816742957,8,1,A,False,False,-154.6974332724131,154.6974332724131,0.0,A
3177,17.026073299348354,1089.6762013435364,6,1,A,False,False,-486.3834299904621,486.3834299904621,0.0,A
3178,699.2338607087731,1050.6565268151462,5,1,A,True,False,-34.05970856147947,34.05970856147947,0.15,A
3179,325.72723226621747,528.8541787303984,8,1,A,False,False,-304.13357849356083,304.13357849356083,0.0,A
3180,1363.2700494490564,1309.0035114437342,8,1,B,False,False,563.9976328736855,563.9976328736855,1.0,B
3181,995.9875764325261,1335.3671533986926,7,1,B,False,False,231.6311058238601,231.6311058238601,1.0,B
3182,877.0223055034876,158.9757646434009,6,1,B,True,True,8.164709299045782,8.164709299045782,0.65,B
3183,98.9028587937355,1081.8017260171473,8,1,A,False,False,-429.2454846983634,429.2454846983634,0.0,A
3184,1458.5060002282262,1352.3395098745823,5,1,B,False,False,541.567562609717,541.567562609717,1.0,B
3185,830.0417172722518,802.7795841917396,6,1,A,True,True,-13.090477515603098,13.090477515603098,0.4,A
3186,911.7673225700855,76.92912686616182,2,1,B,True,False,65.65196015799656,65.65196015799656,1.0,B
3187,1416.2635006941855,844.3766981363297,5,1,B,False,False,528.6393742857174,528.6393742857174,1.0,B
3188,427.19243885949254,461.8264348246157,5,1,A,False,False,-191.8003481827228,191.8003481827228,0.0,A
3189,1359.7080786712468,776.0607660748065,3,1,B,False,False,409.75400548404156,409.75400548404156,1.0,B
3190,1498.4309091232717,1055.796745698899,3,1,B,False,False,513.8408910245697,513.8408910245697,1.0,B
3191,152.66507025808096,579.6069628559053,1,1,A,False,False,-438.3330040784694,438.3330040784694,0.0,A
3192,946.704647038132,162.12843311950564,4,1,B,True,False,76.9140051520696,76.9140051520696,1.0,B
3193,810.0706385448575,1011.5066575817764,1,1,B,True,True,13.646109508728061,13.646109508728061,0.7,B
3194,155.89320799335837,412.7408587373793,2,1,A,False,False,-391.8706730584514,391.8706730584514,0.0,A
3195,379.20220708474517,111.99500178918242,7,1,A,False,False,-408.891455628855,408.891455628855,0.0,A
3196,948.5727148130536,349.5225990191102,5,1,B,False,False,134.75672493212954,134.75672493212954,1.0,B
3197,297.69041016697884,1455.4603546857834,6,1,A,False,False,-370.1339333226162,370.1339333226162,0.0,A
3198,255.13655226677656,180.8816255070269,1,1,A,False,False,-613.7057437091414,613.7057437091414,0.0,A
3199,28.0101397074759,1312.923889607191,7,1,A,False,False,-506.41485943758863,506.41485943758863,0.0,A
3200,1491.1071192473173,784.404484089464,3,1,B,False,False,518.7124599799492,518.7124599799492,1.0,B
3201,1148.9852839149535,1234.6089337952435,4,1,B,False,False,516.3214257528791,516.3214257528791,1.0,B
3202,176.6792912967503,1194.4512915797532,5,1,A,False,False,-439.4920501356978,439.4920501356978,0.0,A
3203,1315.8173435367644,1144.2762580700219,8,1,B,False,False,533.6308554667514,533.6308554667514,1.0,B
3204,1151.9320830702782,2.388942986726761,8,1,B,False,False,271.75155537571146,271.75155537571146,1.0,B
3205,71.6773602180183,356.08079424127936,7,1,A,False,False,-457.432248505572,457.432248505572,0.0,A
3206,1073.832057416439,908.8792596012354,6,1,B,False,False,199.23199397405892,199.23199397405892,1.0,B
3207,537.9043947905302,943.3174054138362,5,1,A,False,False,-263.6808661772544,263.6808661772544,0.0,A
3208,21.0822313092649,218.38522609323263,6,1,A,False,False,-777.4400908691385,777.4400908691385,0.0,A
3209,536.8380700238049,402.08357898518443,1,1,A,False,False,-114.67228082400035,114.67228082400035,0.0,A
3210,314.8379330523312,1060.385654680431,2,1,A,False,False,-289.1512603405639,289.1512603405639,0.0,A
3211,1468.4443613514304,947.4127041175961,8,1,B,False,False,521.8389232626625,521.8389232626625,1.0,B
3212,332.79788168147206,627.645269036293,8,1,A,False,False,-261.5750320119711,261.5750320119711,0.0,A
3213,88.80540216341615,790.4914193786681,2,1,A,False,False,-601.2478461342242,601.2478461342242,0.0,A
3214,181.7274671047926,1492.0140942558646,2,1,A,False,False,-530.200326029819,530.200326029819,0.0,A
3215,1064.6840818226337,393.15833430737257,3,1,B,False,False,254.9138947107859,254.9138947107859,1.0,B
3216,1269.444274250418,753.5603125579655,5,1,B,False,False,335.5212631840616,335.5212631840616,1.0,B
3217,389.8367481306195,411.7802968248725,2,1,A,False,False,-219.0228638129376,219.0228638129376,0.0,A
3218,605.4519689641893,1250.426730606705,6,1,A,True,True,-26.87331800734329,26.87331800734329,0.25,A
3219,519.7498938068748,534.392318688333,1,1,A,False,False,-110.2238557304241,110.2238557304241,0.0,A
3220,1426.0157165117562,1115.3076407499611,3,1,B,False,False,552.564880365179,552.564880365179,1.0,B
3221,366.01982451975346,760.3593408130109,2,1,A,False,False,-327.65433923581156,327.65433923581156,0.0,A
3222,47.30023629963398,878.639989066869,7,1,A,False,False,-822.1269635066337,822.1269635066337,0.0,A
3223,199.04955849051476,1017.5968799740076,2,1,A,False,False,-407.3694969916193,407.3694969916193,0.0,A
3224,475.61561269685626,322.6323835551739,5,1,A,False,False,-209.90290019886237,209.90290019886237,0.0,A
3225,868.6830969527364,709.1991933993995,6,1,B,True,False,74.15178328598992,74.15178328598992,1.0,B
3226,1147.3337667994201,800.4078506492078,7,1,B,False,False,252.0998315568456,252.0998315568456,1.0,B
3227,1443.532956764102,1064.8497068323195,4,1,B,False,False,485.0258474699742,485.0258474699742,1.0,B
3228,703.1226712279022,749.6632053516805,6,1,A,True,False,-70.720268066062,70.720268066062,0.0,A
3229,633.117965888232,1152.8337998315692,4,1,A,True,True,-17.76689329225416,17.76689329225416,0.3,A
3230,1440.307294484228,1296.6429619118571,6,1,B,False,False,660.5367741578174,660.5367741578174,1.0,B
3231,154.81593646109104,1459.0797442942858,3,1,A,False,False,-480.4775414583724,480.4775414583724,0.0,A
3232,1098.5505497083068,983.1088981591165,8,1,B,False,False,209.85340517366018,209.85340517366018,1.0,B
3233,703.7901333533227,339.545963332057,8,1,A,True,False,-39.18304436425165,39.18304436425165,0.05,A
3234,626.7360700294375,665.6123804859817,6,1,A,True,False,-60.584568362685424,60.584568362685424,0.0,A
3235,1092.0543693937361,941.0280967131257,8,1,B,False,False,207.80758053914124,207.80758053914124,1.0,B
3236,183.80981963127851,828.5860936157405,1,1,A,False,False,-619.6250437719672,619.6250437719672,0.0,A
3237,1357.1214051917195,1327.0732588134706,6,1,B,False,False,517.1131564936287,517.1131564936287,1.0,B
3238,1296.5912162326276,1138.4360468946397,3,1,B,False,False,504.4585632899632,504.4585632899632,1.0,B
3239,525.293936021626,1194.0869567915797,2,1,A,False,False,-104.82827876399617,104.82827876399617,0.0,A
3240,689.2615724354982,1038.7086742557585,5,1,A,True,False,-49.72314229123375,49.72314229123375,0.0,A
3241,773.907171562314,195.16633870080113,6,1,A,True,False,-92.41093167958341,92.41093167958341,0.0,A
3242,1476.6429788433015,498.2677884399891,6,1,B,False,False,816.8669269472814,816.8669269472814,1.0,B
3243,61.97651429101825,644.4641808047891,8,1,A,False,False,-458.127231796472,458.127231796472,0.0,A
3244,193.1659011170268,100.23100627586246,5,1,A,False,False,-540.7163824870003,540.7163824870003,0.0,A
3245,377.0788349211216,528.4165204502642,8,1,A,False,False,-252.83973336313122,252.83973336313122,0.0,A
3246,1027.0343315787613,1237.50369111076,8,1,B,False,False,393.4269891992853,393.4269891992853,1.0,B
3247,702.9624790884554,972.6483332924545,6,1,A,True,False,-95.38189807152052,95.38189807152052,0.0,A
3248,836.1116568557918,1366.0446926951408,4,1,B,True,False,85.17517191916349,85.17517191916349,1.0,B
3249,496.18072528392076,958.2404103130102,5,1,A,False,False,-275.85202140090695,275.85202140090695,0.0,A
3250,994.9466879479587,412.5334066338837,6,1,B,False,False,228.1954433589123,228.1954433589123,1.0,B
3251,971.0796223953366,1046.5001896955073,8,1,B,False,False,147.89404512865417,147.89404512865417,1.0,B
3252,433.09007585048676,596.4401378296316,1,1,A,False,False,-185.56425578908144,185.56425578908144,0.0,A
3253,227.14808955788612,1424.2827300913632,2,1,A,False,False,-378.1746428186464,378.1746428186464,0.0,A
3254,1067.134635988623,150.93241771683097,4,1,B,False,False,194.79918627620455,194.79918627620455,1.0,B
3255,706.8774201907218,870.8588322624564,2,1,A,False,False,-162.9092282417838,162.9092282417838,0.0,A
3256,1034.0119153261185,1158.0772404558957,7,1,B,False,False,327.14621343415996,327.14621343415996,1.0,B
3257,1323.9507973194122,994.2799117416143,3,1,B,False,False,375.2940871210891,375.2940871210891,1.0,B
3258,1022.311694920063,94.05169682577252,4,1,B,False,False,148.51344542923445,148.51344542923445,1.0,B
3259,496.5264550410211,143.02743505686522,6,1,A,False,False,-352.5438441757103,352.5438441757103,0.0,A
3260,380.03929518163204,1156.3002713955939,2,1,A,False,False,-230.9258149325227,230.9258149325227,0.0,A
3261,675.2150268293917,410.09746631607413,2,1,A,True,True,-9.655187320653306,9.655187320653306,0.35,A
3262,259.71777364611626,403.9406622759998,6,1,A,False,False,-314.4371163003033,314.4371163003033,0.0,A
3263,75.66658593714237,924.7678401879966,5,1,A,False,False,-709.5063995362116,709.5063995362116,0.0,A
3264,513.2848410867155,846.2967602536082,8,1,A,False,False,-340.1756794235006,340.1756794235006,0.0,A
3265,1203.113615512848,797.8544561192393,7,1,B,False,False,297.25201694976306,297.25201694976306,1.0,B
3266,985.5395033955574,935.614604037255,8,1,B,False,False,116.04827727398828,116.04827727398828,1.0,B
3267,37.883731070905924,606.9473884999752,1,1,A,False,False,-505.0420579859969,505.0420579859969,0.0,A
3268,595.701064914465,906.9244572892785,7,1,A,False,False,-257.726519611442,257.726519611442,0.0,A
3269,768.1124825030565,889.6064283326268,5,1,A,False,False,-99.87235613921595,99.87235613921595,0.0,A
3270,1152.9610538855195,677.5405132211745,6,1,B,False,False,293.69630617445324,293.69630617445324,1.0,B
3271,360.330690164119,527.4548786692321,4,1,A,False,False,-269.6225229956095,269.6225229956095,0.0,A
3272,575.0898183323443,1491.4186634123325,1,1,A,False,False,-211.7322397711584,211.7322397711584,0.0,A
3273,527.8758513741195,605.4898370057344,1,1,A,False,False,-107.60127789125151,107.60127789125151,0.0,A
3274,992.2088482417166,1437.5454699620605,7,1,B,False,False,142.031172915588,142.031172915588,1.0,B
3275,1157.3264258913696,42.36210370436311,7,1,B,False,False,256.50695632023206,256.50695632023206,1.0,B
3276,1121.4276775717735,1004.7300634905696,3,1,B,False,False,230.31698773424745,230.31698773424745,1.0,B
3277,360.7718674466014,112.59043263271451,6,1,A,False,False,-426.0453211964561,426.0453211964561,0.0,A
3278,482.36063914373517,1200.3901326097548,6,1,A,False,False,-146.52986482922555,146.52986482922555,0.0,A
3279,1380.3205923177302,721.6497170738876,5,1,B,False,False,417.2941871000943,417.2941871000943,1.0,B
3280,261.10341399908066,669.7473423555493,2,1,A,False,False,-316.9217179252664,316.9217179252664,0.0,A
3281,1043.992473743856,414.28413335233927,8,1,B,False,False,266.81878070018246,266.81878070018246,1.0,B
3282,730.0674780271947,787.8010729327798,6,1,A,True,False,-83.62551958503212,83.62551958503212,0.0,A
3283,767.8075460717082,1099.243259523064,6,1,B,True,False,49.53745208256614,49.53745208256614,1.0,B
3284,1082.2791871614754,603.4442321397364,6,1,B,False,False,347.58589867162664,347.58589867162664,1.0,B
3285,752.374482806772,197.64562603086233,6,1,A,False,False,-112.52566575719709,112.52566575719709,0.0,A
3286,1230.9487466700375,240.8331809565425,3,1,B,False,False,326.94707137894665,326.94707137894665,1.0,B
3287,565.8401730470359,955.0916757434607,8,1,A,False,False,-223.86203227691232,223.86203227691232,0.0,A
3288,1351.8624342978,379.0043690241873,4,1,B,False,False,438.38604113577446,438.38604113577446,1.0,B
3289,4.920249804854393,720.8965849131346,7,1,A,False,False,-527.1106984108629,527.1106984108629,0.0,A
3290,897.7207029238343,978.1419024802744,6,1,B,True,False,57.2809383811916,57.2809383811916,1.0,B
3291,1490.6748351641,364.6996901370585,6,1,B,False,False,517.0947174657372,517.0947174657372,1.0,B
3292,372.57334822788835,681.3171850517392,5,1,A,False,False,-245.00767371007336,245.00767371007336,0.0,A
3293,818.3758528903127,120.28128420934081,1,1,A,True,False,-33.378614105416155,33.378614105416155,0.15,A
3294,1307.2812384925783,910.1395793259144,4,1,B,False,False,420.35671959109385,420.35671959109385,1.0,B
3295,1183.823243714869,454.03676480054855,6,1,B,False,False,446.5230523953472,446.5230523953472,1.0,B
3296,1097.5460442714393,1430.0390998832881,3,1,B,False,False,218.92869584124284,218.92869584124284,1.0,B
3297,0.7074452005326748,259.86314518377185,1,1,A,False,False,-671.0239951421263,671.0239951421263,0.0,A
3298,880.5299405939877,178.56141552329063,8,1,B,True,True,10.584978714531491,10.584978714531491,0.6,B
3299,1201.6187449917197,80.00814914703369,4,1,B,False,False,289.4252141688342,289.4252141688342,1.0,B
3300,1379.2238160967827,177.691332064569,4,1,B,False,False,509.0865517234797,509.0865517234797,1.0,B
3301,808.268393855542,1.4036712236702442,4,1,B,True,True,38.61793577177431,38.61793577177431,0.65,B
3302,848.0114685371518,663.1742496974766,6,1,B,True,False,95.93807012473258,95.93807012473258,1.0,B
3303,548.5068820416927,1272.0707478001714,5,1,A,True,False,-84.1986574983761,84.1986574983761,0.0,A
3304,835.6624050065875,1095.0755942612886,6,1,B,True,False,94.43854833193659,94.43854833193659,1.0,B
3305,1324.3409399874508,531.3560049980879,5,1,B,False,False,692.8401886684073,692.8401886684073,1.0,B
3306,77.50061620026827,139.8517624475062,1,1,A,False,False,-746.0156871582661,746.0156871582661,0.0,A
3307,660.0543460808694,566.3515836931765,5,1,B,True,True,20.382472358513333,20.382472358513333,0.7,B
3308,187.96886410564184,1215.908920392394,1,1,A,False,False,-440.73505085468696,440.73505085468696,0.0,A
3309,170.46056035906076,200.36006486043334,7,1,A,False,False,-676.7382751574721,676.7382751574721,0.0,A
3310,1141.131999436766,305.65013363957405,3,1,B,False,False,244.54614313732958,244.54614313732958,1.0,B
3311,778.025446459651,140.33106341958046,2,1,A,True,False,-81.87328182848077,81.87328182848077,0.0,A
3312,1006.8765627220273,78.32603389397264,5,1,B,False,False,138.5239334397504,138.5239334397504,1.0,B
3313,1112.0298597961664,1281.5783978439867,3,1,B,False,False,413.5834046978212,413.5834046978212,1.0,B
3314,1120.1026258058846,1086.1601033248007,5,1,B,False,False,285.7634170469878,285.7634170469878,1.0,B
3315,797.0990231260657,23.29458435997367,5,1,B,True,True,15.275829358888995,15.275829358888995,0.4,B
3316,398.4840698540211,1236.750558950007,8,1,A,False,False,-230.70424564010716,230.70424564010716,0.0,A
3317,730.5819382891059,210.64613247290254,1,1,A,False,False,-126.2779414712729,126.2779414712729,0.0,A
3318,539.2470583319664,1257.4145095422864,5,1,A,True,False,-91.52682254892682,91.52682254892682,0.0,A
3319,608.8804774917662,704.3466805480421,6,1,A,True,False,-99.24085872552882,99.24085872552882,0.0,A
3320,1351.9018976949155,1259.902909398079,3,1,B,False,False,679.5956100396916,679.5956100396916,1.0,B
3321,1303.502223920077,1101.8270384520292,6,1,B,False,False,437.54245335287146,437.54245335287146,1.0,B
3322,225.28887866064906,116.56122375279665,7,1,A,False,False,-553.2177480605378,553.2177480605378,0.0,A
3323,24.26650235429406,366.4500913582742,7,1,A,False,False,-484.5913414715653,484.5913414715653,0.0,A
3324,1212.4357335269451,615.6716966070235,8,1,B,False,False,428.9800058261015,428.9800058261015,1.0,B
3325,566.146781668067,308.6153310723603,6,1,A,False,False,-160.51057990959802,160.51057990959802,0.0,A
3326,473.4801147133112,144.22422694042325,2,1,A,False,False,-376.07757516204606,376.07757516204606,0.0,A
3327,1193.1539895012975,1001.057549379766,8,1,B,False,False,280.7777186242457,280.7777186242457,1.0,B
3328,411.75809456035495,1382.1223410777748,2,1,A,False,False,-218.59300544427677,218.59300544427677,0.0,A
3329,1330.9959755279124,201.87101606279612,5,1,B,False,False,449.820338993702,449.820338993702,1.0,B
3330,1143.87845993042,327.72701885551214,7,1,B,False,False,254.4843502236906,254.4843502236906,1.0,B
3331,1221.1998905986547,209.52475676313043,8,1,B,False,False,339.0912196139318,339.0912196139318,1.0,B
3332,62.658139038830996,993.5739221982658,8,1,A,False,False,-542.7181125326381,542.7181125326381,0.0,A
3333,233.8189403526485,166.36226791888475,1,1,A,False,False,-633.6193459962846,633.6193459962846,0.0,A
3334,147.5836532190442,167.9967027157545,6,1,A,False,False,-720.5317391329729,720.5317391329729,0.0,A
3335,445.2607138082385,1086.0003484413028,1,1,A,False,False,-186.5350771490702,186.5350771490702,0.0,A
3336,1000.4200413823128,1406.6140302456915,6,1,B,False,False,165.69451206961008,165.69451206961008,1.0,B
3337,866.4816962555051,460.3187427856028,6,1,B,False,False,186.67380145443738,186.67380145443738,1.0,B
3338,1115.226600319147,221.98716877028346,3,1,B,False,False,234.00403121932067,234.00403121932067,1.0,B
3339,1487.0503493584692,241.76950240507722,7,1,B,False,False,545.2172699733844,545.2172699733844,1.0,B
3340,1022.425982169807,1183.6795904673636,4,1,B,False,False,357.9555495201531,357.9555495201531,1.0,B
3341,166.04151902720332,507.77964061126113,5,1,A,False,False,-459.11934352222664,459.11934352222664,0.0,A
3342,425.1713356934488,207.87004614248872,8,1,A,False,False,-419.546851369225,419.546851369225,0.0,A
3343,878.0907201580703,346.7186177149415,6,1,B,True,False,84.76633792330571,84.76633792330571,1.0,B
3344,825.0940795987844,1216.9844526797533,5,1,B,False,False,194.20235290839426,194.20235290839426,1.0,B
3345,1488.0351000465453,1133.199620526284,2,1,B,False,False,642.9417510639582,642.9417510639582,1.0,B
3346,1388.5644553229213,164.0270920470357,3,1,B,False,False,516.2583285969074,516.2583285969074,1.0,B
3347,357.5878939591348,326.2167717330158,1,1,A,False,False,-287.77875893637906,287.77875893637906,0.0,A
3348,849.4831630960107,273.49654538556933,4,1,B,True,True,17.98340776162919,17.98340776162919,0.7,B
3349,961.4791106432676,839.0193334780633,4,1,B,True,False,92.43145873395927,92.43145873395927,1.0,B
3350,769.7456390596926,784.9076916463673,5,1,A,True,False,-49.782847679275555,49.782847679275555,0.0,A
3351,578.3401066437364,0.6519025191664696,6,1,A,False,False,-117.27366647279555,117.27366647279555,0.0,A
3352,415.13101710006595,766.8395452201366,1,1,A,False,False,-300.90417292259986,300.90417292259986,0.0,A
3353,668.0190358310938,789.6220008842647,5,1,A,False,False,-134.94211480495946,134.94211480495946,0.0,A
3354,696.8462071381509,1400.5917361937463,7,1,A,True,False,-36.59898284564025,36.59898284564025,0.1,A
3355,1143.708982039243,716.5712057612836,3,1,B,False,False,257.2961075393165,257.2961075393165,1.0,B
3356,896.5010228566825,20.127584226429462,6,1,B,True,False,85.75337474497842,85.75337474497842,1.0,B
3357,913.2366478443146,484.1920807957649,3,1,B,False,False,256.82782888839864,256.82782888839864,1.0,B
3358,951.0461208410561,1098.335390444845,5,1,B,False,False,179.85857438292862,179.85857438292862,1.0,B
3359,669.1714846529067,206.63061551749706,6,1,A,False,False,-187.66834404884807,187.66834404884807,0.0,A
3360,911.3243208266795,1070.8875842392445,2,1,B,False,False,126.16327687949517,126.16327687949517,1.0,B
3361,692.6501956768334,21.88092190772295,4,1,A,True,False,-55.52331734536836,55.52331734536836,0.0,A
3362,159.01053417474031,153.62042980268598,8,1,A,False,False,-694.2873142333588,694.2873142333588,0.0,A
3363,908.3659686148167,586.657599080354,3,1,B,False,False,226.6499841542184,226.6499841542184,1.0,B
3364,483.41897036880255,643.3189962990582,6,1,A,False,False,-151.59581871349081,151.59581871349081,0.0,A
3365,386.8899322114885,870.7187524996698,6,1,A,False,False,-482.6084307378479,482.6084307378479,0.0,A
3366,1053.5636558197439,1050.108557101339,3,1,B,False,False,206.61981059881,206.61981059881,1.0,B
3367,558.0975101329386,1344.6389101445675,6,1,A,True,False,-97.80849174193698,97.80849174193698,0.0,A
3368,813.189082313329,963.5743601247668,5,1,A,True,True,-16.521764334185868,16.521764334185868,0.4,A
3369,786.2887331284583,763.5983037762344,2,1,A,True,True,-21.157081107806267,21.157081107806267,0.25,A
3370,727.7349075302482,438.28927259892225,7,1,B,True,False,50.39845979213702,50.39845979213702,1.0,B
3371,583.0994937568903,495.3234395943582,5,1,A,True,False,-49.193569497598155,49.193569497598155,0.0,A
3372,219.3449162878096,994.8309324681759,7,1,A,False,False,-426.5507613904287,426.5507613904287,0.0,A
3373,1093.861173838377,268.18376826122403,3,1,B,False,False,205.76823410868724,205.76823410868724,1.0,B
3374,1415.3475682251155,950.331942178309,3,1,B,False,False,474.0977931763555,474.0977931763555,1.0,B
3375,880.2256328053772,995.358819141984,6,1,B,True,False,53.43009198623282,53.43009198623282,1.0,A
3376,645.2201376669109,1138.8294654898345,6,1,A,True,True,-15.118315664566193,15.118315664566193,0.35,A
3377,382.13680498301983,735.0263488478959,2,1,A,False,False,-282.8977843986124,282.8977843986124,0.0,A
3378,559.9336735904217,1309.7014068625867,6,1,A,True,False,-82.79351883253953,82.79351883253953,0.0,A
3379,228.76731120049953,500.050138682127,5,1,A,False,False,-393.13796842395845,393.13796842395845,0.0,A
3380,341.23071329668164,1049.4445385411382,2,1,A,False,False,-278.52947970563554,278.52947970563554,0.0,A
3381,749.7391691431403,165.94814183190465,6,1,A,False,False,-119.40956382492293,119.40956382492293,0.0,A
3382,504.7889370471239,129.7874702140689,6,1,A,False,False,-327.1184755228102,327.1184755228102,0.0,A
3383,169.81731913983822,375.58347126469016,5,1,A,False,False,-381.50868487821157,381.50868487821157,0.0,A
3384,860.4240627028048,514.1427763737738,7,1,B,False,False,228.60264155008065,228.60264155008065,1.0,B
3385,631.7699658684433,403.5706054419279,5,1,A,True,False,-45.36362276979354,45.36362276979354,0.0,A
3386,271.4448035694659,1462.2477907687426,8,1,A,False,False,-400.3294296916,400.3294296916,0.0,A
3387,1325.9751610457897,425.0121801160276,7,1,B,False,False,497.8207422816881,497.8207422816881,1.0,B
3388,485.8552389778197,1098.671108018607,2,1,A,False,False,-152.70150244819862,152.70150244819862,0.0,A
3389,775.0671920366585,1155.3859119303524,5,1,B,False,False,103.5513851395606,103.5513851395606,1.0,B
3390,1175.7432385347784,662.6728707924485,8,1,B,False,False,326.12613659500994,326.12613659500994,1.0,B
3391,489.7541496902704,229.89814588800073,8,1,A,False,False,-326.0784377191739,326.0784377191739,0.0,A
3392,1115.4161137528718,611.0030645504594,3,1,B,False,False,360.8897074914907,360.8897074914907,1.0,B
3393,1259.8661785013974,897.1138224005699,4,1,B,False,False,383.663663851679,383.663663851679,1.0,B
3394,503.99310886859894,48.44497097656131,2,1,A,False,False,-212.13697017900162,212.13697017900162,0.0,A
3395,1128.9316448383033,557.3345110751688,8,1,B,False,False,471.9981059338393,471.9981059338393,1.0,B
3396,791.6613039560616,1468.1098968721926,7,1,A,True,True,-20.41079766655114,20.41079766655114,0.3,A
3397,1134.210990741849,411.2273999489844,7,1,B,False,False,329.12486067994604,329.12486067994604,1.0,B
3398,1216.630375944078,809.3482106924057,4,1,B,False,False,314.77860928023904,314.77860928023904,1.0,B
3399,1181.2377353198826,220.04476888105273,8,1,B,False,False,295.4811829192329,295.4811829192329,1.0,B
3400,1392.944937106222,652.7386056259274,3,1,B,False,False,494.07059323875956,494.07059323875956,1.0,B
3401,1226.7175633460283,1015.7276317477226,4,1,B,False,False,307.29062562321224,307.29062562321224,1.0,B
3402,271.9945195131004,1193.237534724176,2,1,A,False,False,-347.2642535586145,347.2642535586145,0.0,A
3403,757.5746881775558,523.8627456128597,5,1,B,False,False,127.56072590321727,127.56072590321727,1.0,B
3404,1491.3447154685855,697.5864744745195,5,1,B,False,False,506.2323498260151,506.2323498260151,1.0,B
3405,2.053548116236925,995.1051869429648,2,1,A,False,False,-583.71031762527,583.71031762527,0.0,A
3406,1494.6536757051945,952.1530489437282,3,1,B,False,False,537.4650761884403,537.4650761884403,1.0,B
3407,975.6332002580166,133.7626101449132,6,1,B,False,False,105.99785248808139,105.99785248808139,1.0,B
3408,177.1861114539206,361.0243694856763,1,1,A,False,False,-382.6722601987514,382.6722601987514,0.0,A
3409,85.02920810133219,1446.7140873894095,5,1,A,False,False,-508.8536567325037,508.8536567325037,0.0,A
3410,1151.4347065240145,1442.4910540692508,3,1,B,False,False,252.30854765642894,252.30854765642894,1.0,B
3411,432.84422205761075,1126.6957595944405,2,1,A,False,False,-185.21721950025687,185.21721950025687,0.0,A
3412,1261.7757003754377,735.2348305284977,4,1,B,False,False,331.5380480489106,331.5380480489106,1.0,B
3413,85.09757928550243,263.1462821736932,6,1,A,False,False,-594.7979683044908,594.7979683044908,0.0,A
3414,1126.5005143359303,1196.1195613257587,4,1,B,False,False,474.7281863059883,474.7281863059883,1.0,B
3415,106.53502866625786,799.835950601846,2,1,A,False,False,-611.6262252046153,611.6262252046153,0.0,A
3416,679.9159850925207,509.0371104888618,6,1,B,True,False,48.12045881712891,48.12045881712891,0.95,B
3417,289.1778596676886,437.0765662752092,1,1,A,False,False,-298.9367440834846,298.9367440834846,0.0,A
3418,1230.2398779429495,573.6574586480856,7,1,B,False,False,535.9674606870666,535.9674606870666,1.0,B
3419,558.7847731076181,741.6553976945579,2,1,A,False,False,-165.97757151276787,165.97757151276787,0.0,A
3420,306.72799050807953,383.68286518380046,8,1,A,False,False,-284.132377086758,284.132377086758,0.0,A
3421,866.2988115102053,730.3249812684953,1,1,B,True,False,58.32078437358065,58.32078437358065,1.0,B
3422,457.8824476338923,550.9720682166517,5,1,A,False,False,-170.1742871392902,170.1742871392902,0.0,A
3423,392.55165634676814,1103.1536827795208,6,1,A,False,False,-218.4517915586905,218.4517915586905,0.0,A
3424,844.6321086958051,141.0117717459798,5,1,A,True,True,-18.864024216549474,18.864024216549474,0.35,A
3425,608.9493404142559,950.5818667821586,7,1,A,False,False,-194.2605082663337,194.2605082663337,0.0,A
3426,842.8089274093509,772.5583263672888,2,1,B,True,True,15.23762659034369,15.23762659034369,0.65,A
3427,633.0495500005782,180.5189000442624,2,1,A,False,False,-236.46713950182476,236.46713950182476,0.0,A
3428,1068.1547038257122,1486.1569977365434,7,1,B,False,False,185.5987946078045,185.5987946078045,1.0,B
3429,1324.9523886479437,403.13778491690755,8,1,B,False,False,455.20821058231934,455.20821058231934,1.0,B
3430,977.3250077851117,28.986625839024782,5,1,B,False,False,136.10522012621306,136.10522012621306,1.0,B
3431,710.6343233026564,260.8832912519574,5,1,A,False,False,-100.32837436112716,100.32837436112716,0.0,A
3432,128.57989221811295,50.56095449253917,7,1,A,False,False,-484.2765448846787,484.2765448846787,0.0,A
3433,1082.8208005987108,66.3896226324141,7,1,B,False,False,198.16069970580796,198.16069970580796,1.0,B
3434,448.0728255584836,848.0701991356909,8,1,A,False,False,-405.1870405816975,405.1870405816975,0.0,A
3435,1274.532183073461,655.7961450889707,7,1,B,False,False,405.01752300390416,405.01752300390416,1.0,B
3436,990.799100138247,360.34897388890386,4,1,B,False,False,171.80694934461664,171.80694934461664,1.0,B
3437,98.459477070719,1379.317854065448,6,1,A,False,False,-432.20078254283067,432.20078254283067,0.0,A
3438,1376.4690840616822,360.9579582698643,5,1,B,False,False,435.38683523530716,435.38683523530716,1.0,B
3439,81.45867381244898,195.64654491841793,1,1,A,False,False,-771.4390699958659,771.4390699958659,0.0,A
3440,244.75146643817425,630.0801546312869,7,1,A,False,False,-327.7176135296927,327.7176135296927,0.0,A
3441,615.7033117488027,336.28176944330335,5,1,A,False,False,-101.8148533400537,101.8148533400537,0.0,A
3442,215.56943748146296,1276.0201985947788,1,1,A,False,False,-385.33387643529534,385.33387643529534,0.0,A
3443,92.6715200766921,337.5976849347353,6,1,A,False,False,-457.82672267737416,457.82672267737416,0.0,A
3444,1053.040604107082,428.9360800758004,4,1,B,False,False,295.01983280327056,295.01983280327056,1.0,B
3445,456.3578353263438,50.332747399806976,1,1,A,False,False,-248.49615294450953,248.49615294450953,0.0,A
3446,1006.5827071666718,193.9037824049592,5,1,B,False,False,136.07344645692586,136.07344645692586,1.0,B
3447,1181.5357957966626,1205.0351710058749,6,1,B,False,False,539.7561525167852,539.7561525167852,1.0,B
3448,205.50079084932804,772.9015261866152,5,1,A,False,False,-469.4533570857231,469.4533570857231,0.0,A
3449,903.1886081211269,816.8521793559194,1,1,B,True,False,43.31537441991453,43.31537441991453,0.9,A
3450,473.8151212222874,957.9992252402008,5,1,A,False,False,-294.2817879019861,294.2817879019861,0.0,A
3451,305.07204355672,488.4567819535732,1,1,A,False,False,-313.0157767934524,313.0157767934524,0.0,A
3452,1433.4843554534018,188.11299931257963,8,1,B,False,False,559.8538974139333,559.8538974139333,1.0,B
3453,1373.805963434279,495.94384152442217,4,1,B,False,False,712.7660384946715,712.7660384946715,1.0,B
3454,1370.6546947360039,667.630098760128,8,1,B,False,False,455.83374157338204,455.83374157338204,1.0,B
3455,384.1139115393162,59.64075168594718,1,1,A,False,False,-313.3120370846751,313.3120370846751,0.0,A
3456,1313.8493690639734,93.48912024870515,3,1,B,False,False,385.19238052416864,385.19238052416864,1.0,B
3457,157.79058169573545,1104.2087562382221,3,1,A,False,False,-388.261570914868,388.261570914868,0.0,A
3458,817.9978528060019,627.1603535860777,6,1,B,False,False,107.1565899276592,107.1565899276592,1.0,B
3459,123.68680955842137,911.7758818902075,8,1,A,False,False,-698.4873141828583,698.4873141828583,0.0,A
3460,472.1292397007346,628.948425874114,5,1,A,False,False,-156.09031456083886,156.09031456083886,0.0,A
3461,127.11937353014946,510.55989833548665,2,1,A,False,False,-499.07390831578135,499.07390831578135,0.0,A
3462,388.17207561805844,976.7199070192873,1,1,A,False,False,-331.19683701196254,331.19683701196254,0.0,A
3463,210.99042193964124,835.5052080005407,5,1,A,False,False,-610.2846304069728,610.2846304069728,0.0,A
3464,1265.6820262782276,1286.4573262631893,4,1,B,False,False,538.0702655554297,538.0702655554297,1.0,B
3465,1355.0147647038102,1246.6147346422076,8,1,B,False,False,707.665237222298,707.665237222298,1.0,B
3466,864.8018050007522,1057.9104647040367,5,1,B,True,False,84.01542487194318,84.01542487194318,1.0,A
3467,690.3907838277519,851.2630518525839,6,1,A,False,False,-172.47866715707502,172.47866715707502,0.0,A
3468,972.426472697407,718.9400726929307,7,1,B,False,False,138.59156004494483,138.59156004494483,1.0,B
3469,1025.601695291698,158.84243790060282,3,1,B,False,False,154.99480734409,154.99480734409,1.0,B
3470,1123.7021936103702,1408.7436734698713,4,1,B,False,False,248.2703102229164,248.2703102229164,1.0,B
3471,509.48799261823297,640.1080442592502,7,1,A,False,False,-131.43864414714673,131.43864414714673,0.0,A
3472,657.590692397207,56.17087986320257,5,1,A,False,False,-109.40298192450082,109.40298192450082,0.0,A
3473,430.4204285144806,75.91416500508785,5,1,A,False,False,-303.08934785263364,303.08934785263364,0.0,A
3474,417.11168037727475,132.93769536539912,8,1,A,False,False,-413.0647244190534,413.0647244190534,0.0,A
3475,1470.2623640187085,760.1745533756912,3,1,B,False,False,483.736719321889,483.736719321889,1.0,B
3476,320.84980560466647,464.1075166873634,8,1,A,False,False,-285.0081539634429,285.0081539634429,0.0,A
3477,9.025925304740667,210.05070162937045,2,1,A,False,False,-811.2086398469415,811.2086398469415,0.0,A
3478,412.0125621557236,808.9121826924384,5,1,A,False,False,-374.7885225519169,374.7885225519169,0.0,A
3479,1015.4754356481135,210.39416966959834,4,1,B,False,False,143.57141511898695,143.57141511898695,1.0,B
3480,428.8797816261649,805.5248195305467,5,1,A,False,False,-354.2770075145798,354.2770075145798,0.0,A
3481,833.6177207529545,505.91197656467557,3,1,B,False,False,198.54053650453204,198.54053650453204,1.0,B
3482,203.4183251671493,1429.1019542142749,1,1,A,False,False,-400.2051667076226,400.2051667076226,0.0,A
3483,968.9925592392683,1066.6883988305926,4,1,B,False,False,162.156487300955,162.156487300955,1.0,B
3484,1027.0710429176688,401.92436054348946,4,1,B,False,False,238.51066322193205,238.51066322193205,1.0,B
3485,1214.3499171361327,1330.778099130839,6,1,B,False,False,401.86904401404087,401.86904401404087,1.0,B
3486,572.5042847916484,881.6956761293113,1,1,A,False,False,-296.6588615283359,296.6588615283359,0.0,A
3487,1415.8081216737628,1417.7699675783515,3,1,B,False,False,443.04983179085394,443.04983179085394,1.0,B
3488,1191.192019265145,339.2440974712372,3,1,B,False,False,293.04234803443325,293.04234803443325,1.0,B
3489,1130.6487252004445,262.67027109861374,4,1,B,False,False,235.28707923451236,235.28707923451236,1.0,B
3490,1036.4697575569153,1011.3667147234082,4,1,B,False,False,172.60065836486933,172.60065836486933,1.0,B
3491,408.1820771098137,308.88754315674305,1,1,A,False,False,-271.682333840672,271.682333840672,0.0,A
3492,514.7454268299043,1218.3148059993982,5,1,A,False,False,-115.23040343656496,115.23040343656496,0.0,A
3493,119.1260009072721,707.152359187603,7,1,A,False,False,-434.9563498700379,434.9563498700379,0.0,A
3494,924.902428407222,1213.7258690781891,6,1,B,False,False,292.56155817273736,292.56155817273736,1.0,B
3495,534.7857638262212,985.3928228840232,2,1,A,False,False,-208.73621403471648,208.73621403471648,0.0,A
3496,176.33576737716794,210.92486148700118,7,1,A,False,False,-650.6204120842855,650.6204120842855,0.0,A
3497,1186.7979057133198,47.11783491075039,6,1,B,False,False,276.4841837119066,276.4841837119066,1.0,B
3498,1355.406270828098,651.2076761573553,6,1,B,False,False,469.80133465338866,469.80133465338866,1.0,B
3499,779.1013475507498,1499.0391684696078,2,1,A,True,False,-53.0102447104138,53.0102447104138,0.15,A
3500,70.39584824815392,87.49393606558442,2,1,A,False,False,-608.1359615190934,608.1359615190934,0.0,A
3501,620.0601970776916,1462.6178476028144,5,1,A,False,False,-143.30192428697367,143.30192428697367,0.0,A
3502,1230.631621554494,861.1670862883329,3,1,B,False,False,358.38090205627964,358.38090205627964,1.0,B
3503,1145.0590970925987,55.68882543593645,6,1,B,False,False,245.28933550013645,245.28933550013645,1.0,B
3504,650.525844655931,181.64799828082323,2,1,A,False,False,-218.809604388126,218.809604388126,0.0,A
3505,138.9378416351974,283.1417480483651,1,1,A,False,False,-507.35889857399115,507.35889857399115,0.0,A
3506,216.10448928549886,469.0976436249912,1,1,A,False,False,-380.63831062938124,380.63831062938124,0.0,A
3507,1321.798332966864,295.154572930187,3,1,B,False,False,373.58020741665433,373.58020741665433,1.0,B
3508,1057.3601606301963,673.6000115051866,4,1,B,False,False,231.74544666425714,231.74544666425714,1.0,B
3509,216.21859213337302,808.6364991031587,1,1,A,False,False,-541.8507406451045,541.8507406451045,0.0,A
3510,34.96974287554622,1057.7999954111874,5,1,A,False,False,-481.41744502185804,481.41744502185804,0.0,A
3511,1455.8655889704823,843.4523600153625,4,1,B,False,False,565.5871340036819,565.5871340036819,1.0,B
3512,809.8941575735807,1131.0679013840854,5,1,B,False,False,108.86511191830598,108.86511191830598,1.0,B
3513,99.68929784372449,451.9739896059036,8,1,A,False,False,-464.094102438688,464.094102438688,0.0,A
3514,199.2243267595768,111.719133798033,8,1,A,False,False,-564.0792455700939,564.0792455700939,0.0,A
3515,917.1119788661599,890.3800724074244,5,1,B,True,False,47.73214433699101,47.73214433699101,1.0,B
3516,628.5880738869309,565.3326502069831,5,1,A,True,True,-8.58656224057734,8.58656224057734,0.35,A
3517,1115.5300405807793,752.2441763430834,6,1,B,False,False,224.4714811490398,224.4714811490398,1.0,B
3518,1008.9159440249205,1121.0984238423407,8,1,B,False,False,249.87355801260586,249.87355801260586,1.0,B
3519,490.5692492611706,685.4457822628319,5,1,A,False,False,-166.63811516968087,166.63811516968087,0.0,A
3520,1202.0237459801137,985.2752177976072,3,1,B,False,False,286.97663331975303,286.97663331975303,1.0,B
3521,326.7410108819604,587.0008659549057,7,1,A,False,False,-279.3201862529184,279.3201862529184,0.0,A
3522,1135.0525617599487,517.3840820789337,1,1,B,False,False,503.41157674492734,503.41157674492734,1.0,B
3523,1422.6409695111215,631.868361029774,7,1,B,False,False,556.1574222281404,556.1574222281404,1.0,B
3524,1094.155600760132,879.8217731527984,3,1,B,False,False,224.0248298925566,224.0248298925566,1.0,B
3525,67.05305445939302,893.5254639945924,1,1,A,False,False,-788.8529822121166,788.8529822121166,0.0,A
3526,1463.8755801133811,222.3572228103876,7,1,B,False,False,552.5004855293561,552.5004855293561,1.0,B
3527,1359.0367971919477,1395.8355342037976,6,1,B,False,False,417.587470399333,417.587470399333,1.0,B
3528,1043.9695604145527,918.3361446484923,5,1,B,False,False,169.3494976463158,169.3494976463158,1.0,B
3529,1233.5563777014613,1263.0444914102554,7,1,B,False,False,561.2313330475416,561.2313330475416,1.0,B
3530,358.0196821130812,163.45489583909512,7,1,A,False,False,-508.19180929265684,508.19180929265684,0.0,A
3531,1340.9917233511806,255.49310445785522,4,1,B,False,False,408.04937146102804,408.04937146102804,1.0,B
3532,816.9659888371825,1245.0666935183108,8,1,B,False,False,181.67338754429366,181.67338754429366,1.0,B
3533,2.835314255207777,642.8882125765085,2,1,A,False,False,-501.85554415450815,501.85554415450815,0.0,A
3534,932.6971373520792,1202.2307678125799,3,1,B,False,False,293.27376732669006,293.27376732669006,1.0,B
3535,597.0264575444162,485.608643386513,6,1,A,True,False,-37.84995214458915,37.84995214458915,0.1,B
3536,646.7582616023719,691.2835515104234,5,1,A,True,False,-63.967791439258974,63.967791439258974,0.0,A
3537,175.06312625482678,921.5036211535335,8,1,A,False,False,-627.4249116081539,627.4249116081539,0.0,A
3538,390.0696588680148,1031.2913157977164,1,1,A,False,False,-260.49927268069604,260.49927268069604,0.0,A
3539,1260.08290797472,1246.545345056802,3,1,B,False,False,614.8109962484003,614.8109962484003,1.0,B
3540,80.79747995361686,671.7252619564533,1,1,A,False,False,-442.36909841518786,442.36909841518786,0.0,A
3541,410.55190935730934,1251.3042292557657,5,1,A,False,False,-216.0258910646973,216.0258910646973,0.0,A
3542,493.3507712557912,1187.720240559429,7,1,A,False,False,-135.10146909336754,135.10146909336754,0.0,A
3543,677.4957538582385,262.2768636792898,4,1,A,False,False,-125.41026183563676,125.41026183563676,0.0,A
3544,691.864165943116,1170.9369490854442,2,1,B,True,False,42.89999337356145,42.89999337356145,1.0,A
3545,426.86314042657614,289.2987309023738,2,1,A,False,False,-283.41466987543095,283.41466987543095,0.0,A
3546,732.9667280428112,748.2703481800854,4,1,A,True,False,-48.2064492357475,48.2064492357475,0.05,A
3547,1083.1102821975946,625.3204154781997,6,1,B,False,False,311.5238140838613,311.5238140838613,1.0,B
3548,1254.848598036915,1322.9181496426463,6,1,B,False,False,447.50770386051806,447.50770386051806,1.0,B
3549,836.5326533094049,112.06260183826089,2,1,A,True,True,-12.840894529100186,12.840894529100186,0.4,A
3550,1014.006579760462,729.0340256877244,4,1,B,False,False,161.4938957024083,161.4938957024083,1.0,B
3551,435.9981855377555,1071.3684288784862,6,1,A,False,False,-200.03975974209155,200.03975974209155,0.0,A
3552,32.2541194036603,460.06510220468044,2,1,A,False,False,-531.2190967303388,531.2190967303388,0.0,A
3553,902.2998218424618,1416.463871486485,5,1,B,True,False,92.138777796414,92.138777796414,1.0,B
3554,1466.460719704628,451.22079318389297,6,1,B,False,False,676.2301733628981,676.2301733628981,1.0,B
3555,1148.5301032662392,617.2081637196243,4,1,B,False,False,375.85562731868646,375.85562731868646,1.0,B
3556,1079.9914724193513,576.667140237987,3,1,B,False,False,393.9718757756264,393.9718757756264,1.0,B
3557,434.78397466242313,1154.7232302837074,2,1,A,False,False,-184.26999783321386,184.26999783321386,0.0,A
3558,101.95445129647851,74.76759469136596,7,1,A,False,False,-552.391010752731,552.391010752731,0.0,A
3559,846.1040714755654,419.38845813274384,4,1,B,False,False,125.01440317758603,125.01440317758603,1.0,B
3560,374.15475491434336,1104.114654008299,7,1,A,False,False,-231.57828182896995,231.57828182896995,0.0,A
3561,1473.305907100439,1146.0961857810616,4,1,B,False,False,667.0134234945292,667.0134234945292,1.0,B
3562,1366.2066143006086,1037.380107678473,4,1,B,False,False,411.4431405297866,411.4431405297866,1.0,B
3563,883.1260981969535,1386.6652809083462,6,1,B,False,False,100.71246298500215,100.71246298500215,1.0,B
3564,285.4617554694414,1119.7702595964074,2,1,A,False,False,-297.0058176811664,297.0058176811664,0.0,A
3565,925.707018468529,1226.2209858745337,3,1,B,False,False,295.6792117432333,295.6792117432333,1.0,B
3566,352.1964233368635,287.06745710223913,1,1,A,False,False,-341.76408223133524,341.76408223133524,0.0,A
3567,444.12241922691464,1165.058879647404,6,1,A,False,False,-177.57646203328753,177.57646203328753,0.0,A
3568,963.1637432612479,686.6943100467324,5,1,B,False,False,155.35479715912723,155.35479715912723,1.0,B
3569,1301.1181340552866,1228.3620480448008,7,1,B,False,False,670.7093725401063,670.7093725401063,1.0,B
3570,468.4254960156977,82.28789130225778,3,1,A,False,False,-283.4543736823983,283.4543736823983,0.0,A
3571,568.6546610668302,1319.2215473391116,5,1,A,True,False,-79.224502166808,79.224502166808,0.0,A
3572,1260.4574435390532,652.5130528025329,4,1,B,False,False,399.8617325868023,399.8617325868023,1.0,B
3573,124.70085360109806,749.9426663853228,1,1,A,False,False,-485.99960986667855,485.99960986667855,0.0,A
3574,787.4865224584937,1102.972102817148,6,1,B,True,False,66.74787360392149,66.74787360392149,1.0,B
3575,397.44431572034955,179.25508366897702,1,1,A,False,False,-472.0690654330757,472.0690654330757,0.0,A
3576,193.79030959680676,366.7243430390954,8,1,A,False,False,-368.44593931628765,368.44593931628765,0.0,A
3577,503.6736032925546,195.32681023702025,1,1,A,False,False,-357.56992417304514,357.56992417304514,0.0,A
3578,785.6170241720974,915.1620185002685,5,1,A,True,False,-71.67107018898056,71.67107018898056,0.0,A
3579,1006.71605207026,1261.6184656508267,3,1,B,False,False,349.75407066538827,349.75407066538827,1.0,B
3580,844.3347634747624,1407.4810277670622,6,1,B,True,False,58.7766902934853,58.7766902934853,1.0,B
3581,936.7957944050431,377.5926399976015,3,1,B,False,False,149.54152006479688,149.54152006479688,1.0,B
3582,760.5294152162969,1160.8586758375168,5,1,B,True,False,95.90932169474183,95.90932169474183,1.0,B
3583,198.0776977725327,47.87534801289439,8,1,A,False,False,-430.07214404171634,430.07214404171634,0.0,A
3584,497.32868978753686,630.6749093346298,6,1,A,False,False,-137.5003165009397,137.5003165009397,0.0,A
3585,817.5546205602586,417.4998770467937,3,1,B,False,False,101.74383102292427,101.74383102292427,1.0,B
3586,1308.9218703098595,1447.194166481495,7,1,B,False,False,363.61183965032654,363.61183965032654,1.0,B
3587,978.9192555472255,1144.6404112502933,4,1,B,False,False,259.9750814090233,259.9750814090233,1.0,B
3588,993.4089020825922,1147.946388926357,2,1,B,False,False,276.80822946182303,276.80822946182303,1.0,B
3589,164.96881283819675,695.1746558770537,5,1,A,False,False,-394.7101231373645,394.7101231373645,0.0,A
3590,253.9644604548812,236.64203099906445,7,1,A,False,False,-520.5315204480365,520.5315204480365,0.0,A
3591,1000.207846518606,607.2903871536255,4,1,B,False,False,274.37836473782755,274.37836473782755,1.0,B
3592,679.6232066117227,556.8552617914975,6,1,B,True,False,42.818705685117145,42.818705685117145,1.0,B
3593,241.62979423999786,394.576754886657,6,1,A,False,False,-327.7210321536335,327.7210321536335,0.0,A
3594,886.5713593550026,707.6981174759567,5,1,B,True,False,87.39595844113776,87.39595844113776,1.0,B
3595,941.7204237543046,1086.7592920549214,4,1,B,False,False,161.51588877549662,161.51588877549662,1.0,B
3596,984.6243811771274,1016.7477806098759,6,1,B,False,False,138.88956545233813,138.88956545233813,1.0,B
3597,1253.1557315960526,1176.780198700726,4,1,B,False,False,557.8064086251115,557.8064086251115,1.0,B
3598,738.546630833298,1157.7786239795387,3,1,B,True,False,74.53808359525736,74.53808359525736,1.0,B
3599,1402.23005739972,381.71740947291255,4,1,B,False,False,476.9111966341164,476.9111966341164,1.0,B
3600,1063.6020912788808,355.0299913622439,7,1,B,False,False,217.17403700514149,217.17403700514149,1.0,B
3601,75.60752285644412,61.35630514472723,2,1,A,False,False,-543.1006800449442,543.1006800449442,0.0,A
3602,42.01224725693464,370.7167929969728,2,1,A,False,False,-470.95226633820533,470.95226633820533,0.0,A
3603,63.32648964598775,177.05122148618102,1,1,A,False,False,-806.4946110782065,806.4946110782065,0.0,A
3604,211.3418821245432,313.22700809687376,1,1,A,False,False,-404.53501534448935,404.53501534448935,0.0,A
3605,473.7467444501817,711.5808888338506,8,1,A,False,False,-197.00085165243007,197.00085165243007,0.0,A
3606,1152.0922360941768,1279.6942200511694,5,1,B,False,False,452.8738672406179,452.8738672406179,1.0,B
3607,1261.8121462874115,1375.8986578322947,6,1,B,False,False,370.36586520339046,370.36586520339046,1.0,B
3608,1219.1934557631612,459.4628163613379,7,1,B,False,False,488.4257503954104,488.4257503954104,1.0,B
3609,590.1118288747966,923.4618223272264,2,1,A,False,False,-244.68664560699304,244.68664560699304,0.0,A
3610,791.4403444156051,639.5352445542812,6,1,B,True,False,76.01951195966836,76.01951195966836,1.0,B
3611,19.951912108808756,1263.1593709811568,8,1,A,False,False,-580.2188707919162,580.2188707919162,0.0,A
3612,399.64402886107564,694.7647430934012,6,1,A,False,False,-234.68082816156536,234.68082816156536,0.0,A
3613,929.6604478731751,710.7301005162299,6,1,B,False,False,114.67196871354606,114.67196871354606,1.0,B
3614,528.0424738302827,251.6703181900084,2,1,A,False,False,-259.6896212437518,259.6896212437518,0.0,A
3615,761.3140479661524,14.334567356854677,6,1,A,True,False,-2.79064906160128,2.79064906160128,0.2,A
3616,729.4422467239201,766.9734139926732,1,1,A,True,False,-66.11249240214255,66.11249240214255,0.0,A
3617,706.2394497916102,172.33614530414343,6,1,A,False,False,-163.67198595292595,163.67198595292595,0.0,A
3618,1112.824223935604,1153.4518115222454,4,1,B,False,False,385.62611814332683,385.62611814332683,1.0,B
3619,1018.4878692962229,438.49480524659157,5,1,B,False,False,282.6226829074162,282.6226829074162,1.0,B
3620,640.4263498261571,1033.2861123606563,7,1,A,True,False,-87.28039611948738,87.28039611948738,0.0,A
3621,344.1785420291126,1443.9090332016349,5,1,A,False,False,-320.41670184547957,320.41670184547957,0.0,A
3622,1458.984345663339,791.7634500190616,3,1,B,False,False,501.0677545297916,501.0677545297916,1.0,B
3623,1165.1080758310854,1327.6317701674998,6,1,B,False,False,370.17029100996524,370.17029100996524,1.0,B
3624,880.8536846190691,970.3596504405141,7,1,B,True,False,40.48942113753316,40.48942113753316,1.0,A
3625,1096.0885877721012,1005.1780273206532,6,1,B,False,False,212.4387213458324,212.4387213458324,1.0,B
3626,737.7286395058036,157.06503577530384,7,1,A,False,False,-128.8140075697883,128.8140075697883,0.0,A
3627,783.3603504113853,476.075422950089,6,1,B,False,False,129.0822362722623,129.0822362722623,1.0,B
3628,318.5693467967212,222.91455790400505,7,1,A,False,False,-493.06232467689813,493.06232467689813,0.0,A
3629,250.11931685730815,255.7895863428712,2,1,A,False,False,-479.82057892476735,479.82057892476735,0.0,A
3630,1385.6898369267583,776.5312353149056,5,1,B,False,False,429.9975662917644,429.9975662917644,1.0,B
3631,1285.365352872759,364.0569671988487,7,1,B,False,False,376.1319605251133,376.1319605251133,1.0,B
3632,1004.9898563884199,1366.6874156333506,8,1,B,False,False,202.31308911068118,202.31308911068118,1.0,B
3633,36.592645570635796,689.6598818711936,1,1,A,False,False,-478.9308158548873,478.9308158548873,0.0,A
3634,26.32629917934537,886.5724643692374,1,1,A,False,False,-837.8179363418994,837.8179363418994,0.0,A
3635,524.7246329672635,386.7967603728175,2,1,A,False,False,-130.5355045668512,130.5355045668512,0.0,A
3636,767.9525138810277,456.2431303784251,6,1,B,True,False,98.28414384478988,98.28414384478988,1.0,B
3637,9.316204581409693,91.19989536702633,8,1,A,False,False,-667.124832579286,667.124832579286,0.0,A
3638,1424.1061080247164,528.6697377450764,5,1,B,False,False,793.5418920310486,793.5418920310486,1.0,B
3639,772.0204652287066,1387.4645652249455,2,1,B,True,True,24.231852848713647,24.231852848713647,0.65,A
3640,53.17427823320031,1118.7517787329853,2,1,A,False,False,-471.3486892698615,471.3486892698615,0.0,A
3641,587.2451243922114,464.49471171945333,6,1,A,True,False,-52.443812555570446,52.443812555570446,0.0,A
3642,1366.553243715316,63.927702605724335,4,1,B,False,False,408.9244902023903,408.9244902023903,1.0,B
3643,330.6779754348099,1371.2184936739504,1,1,A,False,False,-269.2021113466867,269.2021113466867,0.0,A
3644,760.8246188610792,984.0661576017737,4,1,A,True,False,-41.83986368529127,41.83986368529127,0.05,A
3645,80.67254349589348,1342.1420291997492,7,1,A,False,False,-445.3838040998543,445.3838040998543,0.0,A
3646,655.0364862196147,857.6509770937264,5,1,A,False,False,-210.59306623925386,210.59306623925386,0.0,A
3647,639.3829747103155,493.5053279623389,3,1,B,True,True,4.42442649712795,4.42442649712795,0.45,B
3648,6.934520322829485,707.8143591061234,2,1,A,False,False,-511.9685389324229,511.9685389324229,0.0,A
3649,114.97851647436619,898.7634871155024,8,1,A,False,False,-733.4770927551533,733.4770927551533,0.0,A
3650,731.5393737517297,1276.982244104147,5,1,B,True,False,79.8342758756062,79.8342758756062,1.0,B
3651,1100.1572515815496,62.123233918100595,4,1,B,False,False,211.59633730455135,211.59633730455135,1.0,B
3652,508.01587337628007,297.2951699048281,1,1,A,False,False,-214.13278652464726,214.13278652464726,0.0,A
3653,482.29898465797305,1315.8885771408677,2,1,A,False,False,-145.9266172306328,145.9266172306328,0.0,A
3654,215.69843497127295,278.3452458679676,7,1,A,False,False,-459.2316832608484,459.2316832608484,0.0,A
3655,724.250705447048,286.697403062135,6,1,A,True,False,-66.87459578015961,66.87459578015961,0.0,A
3656,78.84746650233865,1312.283062376082,2,1,A,False,False,-466.62395663348195,466.62395663348195,0.0,A
3657,452.7786928229034,489.3195522017777,7,1,A,False,False,-173.61301648476464,173.61301648476464,0.0,A
3658,651.9866762682796,378.0193626880646,5,1,A,True,False,-47.159401761339225,47.159401761339225,0.0,A
3659,527.5813755579293,440.1760655455291,7,1,A,False,False,-108.7998508326441,108.7998508326441,0.0,A
3660,1340.680323075503,846.507073380053,3,1,B,False,False,457.8895575426265,457.8895575426265,1.0,B
3661,22.28575386106968,159.18563771992922,2,1,A,False,False,-836.8469920679456,836.8469920679456,0.0,A
3662,507.2441375814378,1446.2127559818327,7,1,A,False,False,-207.32048852075084,207.32048852075084,0.0,A
3663,783.2529139705002,732.6473356224597,6,1,A,True,True,-0.9822642682825208,0.9822642682825208,0.6,B
3664,1288.5023360140622,430.60829769819975,7,1,B,False,False,480.82702002953255,480.82702002953255,1.0,B
3665,400.0247223302722,507.5486730784178,6,1,A,False,False,-228.24464376775532,228.24464376775532,0.0,A
3666,1301.9186616875231,337.07086835056543,7,1,B,False,False,367.38849274330227,367.38849274330227,1.0,B
3667,96.12690098583698,233.50474471226335,6,1,A,False,False,-666.7094480259927,666.7094480259927,0.0,A
3668,226.13441431894898,137.391556520015,2,1,A,False,False,-600.0538931759606,600.0538931759606,0.0,A
3669,598.0048673227429,513.9805180951953,5,1,A,True,False,-32.39889677816735,32.39889677816735,0.1,A
3670,1312.0633196085691,211.6781515069306,6,1,B,False,False,423.5599924996907,423.5599924996907,1.0,B
3671,1123.3207848854363,1220.9798572584987,5,1,B,False,False,492.87068370859583,492.87068370859583,1.0,B
3672,681.6321713849902,217.76443999260664,7,1,A,False,False,-166.59253635733575,166.59253635733575,0.0,A
3673,75.2636413089931,1326.3616114854813,5,1,A,False,False,-457.9178969323119,457.9178969323119,0.0,A
3674,1496.8043686822057,336.53524518013,3,1,B,False,False,500.22734111358477,500.22734111358477,1.0,B
3675,1215.8104805275798,1105.1599164493382,3,1,B,False,False,379.4708655474478,379.4708655474478,1.0,B
3676,81.48769894614816,1071.004454512149,7,1,A,False,False,-443.7493826036121,443.7493826036121,0.0,A
3677,1116.6305635124445,1342.3494254238904,1,1,B,False,False,310.9954935312901,310.9954935312901,1.0,B
3678,699.5604992844164,1199.747521430254,6,1,B,True,False,64.62469870178779,64.62469870178779,1.0,B
3679,825.8041720837355,231.9933408871293,1,1,A,True,True,-25.504495079517277,25.504495079517277,0.25,B
3680,695.166296325624,1483.4881369024515,4,1,A,False,False,-107.2440250735749,107.2440250735749,0.0,A
3681,566.1695133894682,1292.3284596763551,6,1,A,True,False,-72.57166060133812,72.57166060133812,0.0,A
3682,594.120102468878,138.22531001642346,2,1,A,False,False,-254.34635765691715,254.34635765691715,0.0,A
3683,258.678310085088,1118.8457971438766,7,1,A,False,False,-316.975697357727,316.975697357727,0.0,A
3684,1381.9609824568033,615.5784018337727,3,1,B,False,False,562.6827755475096,562.6827755475096,1.0,B
3685,1000.8935169316828,1478.2945434562862,5,1,B,False,False,133.9083647757914,133.9083647757914,1.0,B
3686,715.9717655740678,1261.5040778182447,5,1,B,True,False,75.1976441597376,75.1976441597376,1.0,B
3687,794.5587546564639,597.4711873568594,7,1,B,False,False,117.30347253161071,117.30347253161071,1.0,B
3688,499.1026190109551,1206.4534993842244,1,1,A,False,False,-130.4940923085422,130.4940923085422,0.0,A
3689,943.8358065672219,778.2475012354553,4,1,B,True,False,89.84547893269189,89.84547893269189,1.0,A
3690,12.267022859305143,1292.049998883158,6,1,A,False,False,-545.4043437762862,545.4043437762862,0.0,A
3691,973.0237587355077,1360.8689401298761,8,1,B,False,False,185.83805497571933,185.83805497571933,1.0,B
3692,120.93322165310383,1171.0327570326626,7,1,A,False,False,-467.37250447449793,467.37250447449793,0.0,A
3693,1225.4174407571554,158.18641148507595,7,1,B,False,False,352.1932324321388,352.1932324321388,1.0,B
3694,1088.9018336310983,1254.1121374815702,5,1,B,False,False,438.1794590759969,438.1794590759969,1.0,B
3695,863.9878327958286,621.5550466440618,5,1,B,False,False,148.1436923824753,148.1436923824753,1.0,B
3696,1489.6349776536226,1279.4636660255492,7,1,B,False,False,754.5379722797549,754.5379722797549,1.0,B
3697,857.631039340049,1176.4158667065203,7,1,B,False,False,196.97178884986525,196.97178884986525,1.0,B
3698,112.0950160548091,305.80982845276594,7,1,A,False,False,-485.4255516706444,485.4255516706444,0.0,A
3699,518.1839615106583,1075.2125191502273,6,1,A,False,False,-141.32823342007674,141.32823342007674,0.0,A
3700,760.6508047319949,1373.0939864180982,6,1,B,True,True,27.194711745847226,27.194711745847226,0.7,B
3701,688.6979914270341,331.3468568958342,1,1,A,True,False,-55.73244479708451,55.73244479708451,0.0,A
3702,582.4571829289198,809.0047650039196,2,1,A,False,False,-228.8936279772549,228.8936279772549,0.0,A
3703,865.4164611361921,1001.5590065158904,8,1,B,True,False,46.401833413624104,46.401833413624104,1.0,A
3704,1062.2505666688085,1041.6979668661952,5,1,B,False,False,206.6799537052793,206.6799537052793,1.0,B
3705,711.914679966867,725.641428027302,2,1,A,True,False,-45.174479416852485,45.174479416852485,0.05,A
3706,1445.5864378251135,225.74440715834498,5,1,B,False,False,531.208190310205,531.208190310205,1.0,B
3707,266.9309643097222,523.4736800193787,6,1,A,False,False,-363.04077375260454,363.04077375260454,0.0,A
3708,824.4754448533058,833.9411909691989,6,1,A,True,False,-34.92938682964052,34.92938682964052,0.15,A
3709,583.7026834487915,953.9387505501509,7,1,A,False,False,-210.790657528307,210.790657528307,0.0,A
3710,7.875367999076843,766.4694911800325,1,1,A,False,False,-604.4206657725733,604.4206657725733,0.0,A
3711,597.805320750922,153.0249542556703,3,1,A,False,False,-264.04940722505535,264.04940722505535,0.0,A
3712,1099.6894394047558,40.2488331310451,2,1,B,False,False,216.45259420495674,216.45259420495674,1.0,B
3713,462.6958714798093,1494.8393586091697,8,1,A,False,False,-307.8773496238458,307.8773496238458,0.0,A
3714,1411.5462829358876,558.8686997070909,3,1,B,False,False,738.6003635961306,738.6003635961306,1.0,B
3715,722.6697625592351,1111.4735836163163,5,1,B,True,False,26.216332524186626,26.216332524186626,0.85,B
3716,1470.6883896142244,342.00303303077817,5,1,B,False,False,485.1606836751354,485.1606836751354,1.0,B
3717,429.2883728630841,992.8998942486942,6,1,A,False,False,-276.73352038977976,276.73352038977976,0.0,A
3718,57.553847786039114,961.5566418506205,5,1,A,False,False,-620.8701901620453,620.8701901620453,0.0,A
3719,1283.3052766509354,890.0162768550217,6,1,B,False,False,410.11993356765464,410.11993356765464,1.0,B
3720,70.6845335662365,1060.8319281600416,6,1,A,False,False,-455.42435026955224,455.42435026955224,0.0,A
3721,434.5406396314502,1367.3276100307703,1,1,A,False,False,-195.4683821253356,195.4683821253356,0.0,A
3722,1230.12576950714,1101.0493375360966,4,1,B,False,False,383.4970996796582,383.4970996796582,1.0,B
3723,440.3903572820127,1138.1874633952975,5,1,A,False,False,-178.79201494050056,178.79201494050056,0.0,A
3724,1411.7171913385391,109.97177241370082,4,1,B,False,False,482.91165018668784,482.91165018668784,1.0,B
3725,1241.575384978205,606.3392912037671,7,1,B,False,False,471.8548462950099,471.8548462950099,1.0,B
3726,227.59200492873788,427.3914056830108,2,1,A,False,False,-343.29395442146506,343.29395442146506,0.0,A
3727,350.00145994126797,43.78298297524452,7,1,A,False,False,-316.1252322086934,316.1252322086934,0.0,A
3728,403.4268809482455,372.83136835321784,1,1,A,False,False,-221.66702544185114,221.66702544185114,0.0,A
3729,1267.3550555482507,1181.5897109918296,7,1,B,False,False,581.5629661751058,581.5629661751058,1.0,B
3730,795.1854206621647,317.5070662982762,3,1,B,True,True,7.433977107546592,7.433977107546592,0.55,B
3731,1043.3094631880522,766.6769432835281,5,1,B,False,False,168.6070108159261,168.6070108159261,1.0,B
3732,341.2080234847963,615.6921414658427,2,1,A,False,False,-256.97867782580215,256.97867782580215,0.0,A
3733,791.377617046237,383.34098970517516,6,1,B,True,False,53.4870930240498,53.4870930240498,1.0,B
3734,418.6461973004043,594.5963216945529,2,1,A,False,False,-198.00392427483686,198.00392427483686,0.0,A
3735,1195.7968999631703,1480.6406451389194,7,1,B,False,False,285.06839142165035,285.06839142165035,1.0,B
3736,714.1583506017923,1313.7933081015944,5,1,B,True,False,38.04014567590811,38.04014567590811,0.9,B
3737,1238.2053611800075,794.222985394299,8,1,B,False,False,324.1781291447665,324.1781291447665,1.0,B
3738,43.72843913733959,448.57841078191996,6,1,A,False,False,-506.71469694679655,506.71469694679655,0.0,A
3739,861.0623516142368,26.202671695500612,5,1,B,True,False,57.38194679969581,57.38194679969581,1.0,B
3740,1216.320478823036,279.05830135568976,7,1,B,False,False,298.5681166469494,298.5681166469494,1.0,B
3741,919.8630172759295,1466.9772377237678,3,1,B,True,False,76.25089623279507,76.25089623279507,1.0,B
3742,229.44616433233023,850.9712037630379,6,1,A,False,False,-621.475111905849,621.475111905849,0.0,A
3743,417.579204775393,1130.7341647334397,2,1,A,False,False,-196.84000260169668,196.84000260169668,0.0,A
3744,1446.1431163363159,440.51942182704806,7,1,B,False,False,629.4044794035947,629.4044794035947,1.0,B
3745,874.5342451147735,480.8862400241196,2,1,B,False,False,217.24750064976416,217.24750064976416,1.0,B
3746,294.4574193097651,250.36707194522023,2,1,A,False,False,-455.27222345414145,455.27222345414145,0.0,A
3747,545.5937320366502,916.5838798508048,6,1,A,False,False,-294.25991176504675,294.25991176504675,0.0,A
3748,58.5583196952939,1452.3237836547196,3,1,A,False,False,-537.8436333940127,537.8436333940127,0.0,A
3749,723.1502132490277,501.43796391785145,4,1,B,True,False,88.24873518056617,88.24873518056617,1.0,B
3750,639.190605841577,150.0655054114759,5,1,A,False,False,-221.57278886051893,221.57278886051893,0.0,A
3751,1315.7430938445032,1400.479811243713,7,1,B,False,False,384.57348042366914,384.57348042366914,1.0,B
3752,635.1681835949421,108.6436528712511,1,1,A,False,False,-183.30079398289277,183.30079398289277,0.0,A
3753,733.301991596818,1.3340050354599953,5,1,A,True,False,-12.339160444062928,12.339160444062928,0.05,A
3754,703.1323187984526,127.33068270608783,8,1,A,False,False,-142.46746392959977,142.46746392959977,0.0,A
3755,772.9330798611045,591.8509187176824,7,1,B,False,False,104.2078385860201,104.2078385860201,1.0,B
3756,1175.0644580461085,1063.2111537270248,3,1,B,False,False,299.996386273308,299.996386273308,1.0,B
3757,950.7162636145949,262.75732833892107,5,1,B,True,False,92.25126012067305,92.25126012067305,1.0,B
3758,1033.331704325974,10.478787124156952,3,1,B,False,False,185.5465977952575,185.5465977952575,1.0,B
3759,876.4734836295247,240.463484544307,7,1,B,True,False,22.83882451283698,22.83882451283698,0.85,B
3760,644.6289173327386,305.30666559934616,5,1,A,False,False,-108.09598247575354,108.09598247575354,0.0,A
3761,955.0681170076132,759.0308636426926,5,1,B,False,False,105.78421549543158,105.78421549543158,1.0,B
3762,367.07887379452586,192.31315283104777,2,1,A,False,False,-494.6481526204672,494.6481526204672,0.0,A
3763,218.3693451806903,187.54145130515099,5,1,A,False,False,-646.1583220450028,646.1583220450028,0.0,A
3764,918.5124579817057,108.21779072284698,3,1,B,True,False,59.33702341703042,59.33702341703042,1.0,B
3765,59.91699267178774,944.9095604941249,7,1,A,False,False,-665.3390901946913,665.3390901946913,0.0,A
3766,234.9243820644915,692.4615120515227,5,1,A,False,False,-345.35363061194965,345.35363061194965,0.0,A
3767,257.69734801724553,368.1172225624323,5,1,A,False,False,-324.02551360828176,324.02551360828176,0.0,A
3768,1201.641608029604,1263.6439595371485,7,1,B,False,False,530.0757666856601,530.0757666856601,1.0,B
3769,751.8539456650615,774.8004351742566,2,1,A,True,False,-55.64948945847,55.64948945847,0.0,A
3770,1379.0633976459503,1444.1155269742012,3,1,B,False,False,413.37203534088155,413.37203534088155,1.0,B
3771,1185.4255450889468,1340.1868832297623,4,1,B,False,False,364.5963865678233,364.5963865678233,1.0,B
3772,1353.0299859121442,301.13067850470543,7,1,B,False,False,395.24969010679513,395.24969010679513,1.0,B
3773,835.4900158010423,1448.7634473480284,1,1,B,True,True,24.785907574327133,24.785907574327133,0.75,A
3774,1130.24559058249,886.0218012705445,7,1,B,False,False,259.3686933845376,259.3686933845376,1.0,B
3775,869.1488360054791,145.8738693036139,5,1,B,True,True,3.1082373288458522,3.1082373288458522,0.6,B
3776,1187.9256782121956,1016.8380285613239,5,1,B,False,False,280.5699122151206,280.5699122151206,1.0,B
3777,873.2543410733342,376.198866404593,5,1,B,False,False,104.4174279533709,104.4174279533709,1.0,B
3778,821.5050967410207,1190.29471417889,3,1,B,False,False,176.36695631697486,176.36695631697486,1.0,B
3779,1400.0026658177376,1168.504151981324,4,1,B,False,False,668.9098930266069,668.9098930266069,1.0,B
3780,867.619605269283,922.3026554100215,6,1,B,True,True,7.5634430457891755,7.5634430457891755,0.65,B
3781,314.0167538076639,1354.9581812694669,2,1,A,False,False,-276.247364873723,276.247364873723,0.0,A
3782,645.8875662647188,1290.4844647273421,5,1,A,True,True,-3.6504790375604466,3.6504790375604466,0.5,A
3783,438.92580829560757,1427.844495512545,8,1,A,False,False,-235.74970247792368,235.74970247792368,0.0,A
3784,36.9686926715076,502.3996504023671,1,1,A,False,False,-581.946869389826,581.946869389826,0.0,A
3785,744.0387904644012,942.6775714382529,5,1,A,True,False,-89.01456880152963,89.01456880152963,0.0,A
3786,743.212076369673,1424.6925422921777,5,1,A,True,False,-22.865330015517998,22.865330015517998,0.2,A
3787,145.43966157361865,1366.1566679365933,1,1,A,False,False,-396.5570644544634,396.5570644544634,0.0,A
3788,777.3392451927066,820.9627526812255,8,1,A,True,False,-70.43645639871922,70.43645639871922,0.0,A
3789,293.39759051799774,1212.0625753886998,8,1,A,False,False,-334.81330582262007,334.81330582262007,0.0,A
3790,236.39661306515336,244.20865438878536,2,1,A,False,False,-517.8383964889372,517.8383964889372,0.0,A
3791,131.83502526953816,445.8634383045137,8,1,A,False,False,-431.407809148063,431.407809148063,0.0,A
3792,310.421459376812,1127.1989224478602,1,1,A,False,False,-279.43981425823574,279.43981425823574,0.0,A
3793,42.958139441907406,802.0542967133224,8,1,A,False,False,-670.797079933122,670.797079933122,0.0,A
3794,97.2243589349091,390.46836644411087,7,1,A,False,False,-429.96134678772125,429.96134678772125,0.0,A
3795,473.1462146155536,839.1333092004061,1,1,A,False,False,-369.8023454841942,369.8023454841942,0.0,A
3796,107.34017193317413,370.05132297053933,5,1,A,False,False,-426.32523451238154,426.32523451238154,0.0,A
3797,1228.1499467790127,642.4070382490754,7,1,B,False,False,392.3168314561027,392.3168314561027,1.0,B
3798,724.4334113784134,16.245197039097548,4,1,A,True,False,-29.42565401765035,29.42565401765035,0.05,A
3799,978.6361777223647,953.3882774412632,4,1,B,False,False,112.51054729107773,112.51054729107773,1.0,B
3800,593.7022212892771,1043.5165604576468,6,1,A,False,False,-111.19248055489884,111.19248055489884,0.0,A
3801,1314.4745347090065,21.625138353556395,3,1,B,False,False,372.0473632888687,372.0473632888687,1.0,B
3802,932.5829003937542,135.5135994963348,3,1,B,True,False,65.60736388411578,65.60736388411578,1.0,B
3803,810.0545788183808,158.38499134406447,2,1,A,True,False,-57.87687262409134,57.87687262409134,0.0,A
3804,1074.2702507413924,193.34410037845373,6,1,B,False,False,202.75742785173543,202.75742785173543,1.0,B
3805,1015.8041752874851,890.8679788000882,4,1,B,False,False,145.33040581862443,145.33040581862443,1.0,B
3806,726.9603442400694,835.7362202368677,5,1,A,False,False,-127.15947359999343,127.15947359999343,0.0,A
3807,799.1975317709148,92.22887875512242,2,1,A,True,False,-31.665357158340594,31.665357158340594,0.05,A
3808,1260.9981251880527,1351.0815161280334,3,1,B,False,False,402.4128002435301,402.4128002435301,1.0,B
3809,1242.0071787200868,440.60995336622,6,1,B,False,False,465.5631582097492,465.5631582097492,1.0,B
3810,1185.6465465389192,990.8821620047092,3,1,B,False,False,274.67807651899665,274.67807651899665,1.0,B
3811,1163.3816985413432,1294.7979276068509,6,1,B,False,False,431.708574278857,431.708574278857,1.0,B
3812,1261.995478067547,1271.3512158952653,4,1,B,False,False,570.0851934739866,570.0851934739866,1.0,B
3813,1336.2721768207848,811.8091318756342,6,1,B,False,False,419.8303841503332,419.8303841503332,1.0,B
3814,838.7825000099838,1351.4040112495422,4,1,B,False,False,99.80611485658287,99.80611485658287,1.0,B
3815,633.7283528409898,1281.0520227067173,6,1,A,True,True,-9.88788381324511,9.88788381324511,0.45,A
3816,748.0223122984171,653.8709867745638,1,1,B,True,False,32.968167968537294,32.968167968537294,0.95,B
3817,583.394733723253,312.863212544471,7,1,A,False,False,-144.27979523943603,144.27979523943603,0.0,A
3818,618.6568513512611,727.0181835629046,2,1,A,False,False,-110.69862133198725,110.69862133198725,0.0,A
3819,724.3191716261208,1376.2420141138136,1,1,A,True,True,-0.19573575356470652,0.19573575356470652,0.45,B
3820,1060.1666704751551,1135.403169784695,5,1,B,False,False,310.8293430569205,310.8293430569205,1.0,B
3821,177.9651059769094,975.2688710577786,1,1,A,False,False,-494.21331930433155,494.21331930433155,0.0,A
3822,864.1333524137735,1486.7974603548646,5,1,B,True,False,23.665964858141134,23.665964858141134,0.85,A
3823,165.78271659091115,719.9921496212482,7,1,A,False,False,-415.6367216088643,415.6367216088643,0.0,A
3824,78.82459787651896,34.98279210180044,7,1,A,False,False,-494.71649562300433,494.71649562300433,0.0,A
3825,924.6857352554798,764.6852619946003,5,1,B,True,False,80.89157184742383,80.89157184742383,1.0,B
3826,109.4839358702302,1206.823377404362,8,1,A,False,False,-514.2977343509664,514.2977343509664,0.0,A
3827,182.86420265212655,534.0242316015065,4,1,A,False,False,-445.83925687180664,445.83925687180664,0.0,A
3828,1415.625236928463,1147.6267520338297,3,1,B,False,False,623.9422708152435,623.9422708152435,1.0,B
3829,439.34038700535893,423.65214228630066,7,1,A,False,False,-180.5487064070543,180.5487064070543,0.0,A
3830,110.5616488493979,1394.4272864609957,1,1,A,False,False,-431.27169323034565,431.27169323034565,0.0,A
3831,617.1381007879972,1106.8962416611612,2,1,A,True,False,-54.078182808068014,54.078182808068014,0.0,A
3832,934.2990922741592,591.3105262443423,3,1,B,False,False,242.81901970622425,242.81901970622425,1.0,B
3833,584.7912118770182,414.1701254993677,3,1,A,True,False,-74.09440590618921,74.09440590618921,0.0,A
3834,322.6723917759955,1155.593364033848,2,1,A,False,False,-279.294640457246,279.294640457246,0.0,A
3835,605.2042641676962,1460.0414307788014,2,1,A,False,False,-151.54681995421728,151.54681995421728,0.0,A
3836,592.8135495632887,33.35912246257067,5,1,A,False,False,-134.2043354574939,134.2043354574939,0.0,A
3837,1276.6143651679158,269.84071964398026,7,1,B,False,False,347.7388945003681,347.7388945003681,1.0,B
3838,256.0744537040591,1447.173676919192,8,1,A,False,False,-387.59737118946407,387.59737118946407,0.0,A
3839,302.2592500783503,719.0970587544143,1,1,A,False,False,-321.0817316472944,321.0817316472944,0.0,A
3840,29.07854039222002,935.2258066646755,1,1,A,False,False,-720.5156685820705,720.5156685820705,0.0,A
3841,425.3317569382489,1461.709984112531,5,1,A,False,False,-285.94707975161856,285.94707975161856,0.0,A
3842,382.52113200724125,1188.523190561682,1,1,A,False,False,-239.87011416275138,239.87011416275138,0.0,A
3843,489.25559828057885,1054.7208557836711,2,1,A,False,False,-174.03183580473598,174.03183580473598,0.0,A
3844,925.2354567870498,1035.1489232853055,6,1,B,False,False,108.89390821194664,108.89390821194664,1.0,B
3845,952.9406977817416,1419.4562346674502,6,1,B,False,False,124.90839737906191,124.90839737906191,1.0,B
3846,19.547556526958942,984.9787526763976,1,1,A,False,False,-592.4400481433585,592.4400481433585,0.0,A
3847,442.66487332060933,898.4423442743719,6,1,A,False,False,-414.3322363359128,414.3322363359128,0.0,A
3848,1252.3783296346664,487.6341079361737,6,1,B,False,False,580.3024827672674,580.3024827672674,1.0,B
3849,489.6852420642972,1483.5785594768822,7,1,A,False,False,-268.72769911883336,268.72769911883336,0.0,A
3850,432.41837806999683,724.5663637295365,2,1,A,False,False,-237.00039908170956,237.00039908170956,0.0,A
3851,1462.2743404470384,821.5581835247576,7,1,B,False,False,542.4885531546926,542.4885531546926,1.0,B
3852,824.7999935410917,1021.7039817944169,6,1,B,True,False,30.906662042407042,30.906662042407042,0.9,A
3853,1312.318058218807,408.97582238540053,3,1,B,False,False,456.21458572059294,456.21458572059294,1.0,B
3854,134.13222273811698,1495.0704351067543,6,1,A,False,False,-576.3928133388774,576.3928133388774,0.0,A
3855,261.7850946262479,1067.1684290282428,6,1,A,False,False,-321.68367910271513,321.68367910271513,0.0,A
3856,178.6468313075602,574.9250873923302,2,1,A,False,False,-419.74183751345436,419.74183751345436,0.0,A
3857,1042.9767477326095,125.69438572973013,5,1,B,False,False,167.5691570288274,167.5691570288274,1.0,B
3858,512.4100623652339,19.462745636701584,4,1,A,False,False,-177.28771817043955,177.28771817043955,0.0,A
3859,682.1580408141017,1201.5247754752636,6,1,B,True,False,48.293500140601424,48.293500140601424,1.0,B
3860,1103.7113573402166,1249.3710801936686,1,1,B,False,False,458.49243164333205,458.49243164333205,1.0,B
3861,29.292366933077574,1231.779676862061,5,1,A,False,False,-599.6445598031272,599.6445598031272,0.0,A
3862,574.3180154822767,345.1061141677201,2,1,A,False,False,-123.18057087801385,123.18057087801385,0.0,A
3863,627.7404678985476,196.8938377685845,6,1,A,False,False,-234.81288453141335,234.81288453141335,0.0,A
3864,610.4240552522242,189.44009067490697,6,1,A,False,False,-256.09943279269146,256.09943279269146,0.0,A
3865,736.8736350908875,27.38152490928769,5,1,A,True,False,-29.265244245348704,29.265244245348704,0.05,A
3866,1004.1588549502194,1392.5487650558352,5,1,B,False,False,178.59685613572205,178.59685613572205,1.0,B
3867,418.16829051822424,320.74903417378664,2,1,A,False,False,-251.55731758516336,251.55731758516336,0.0,A
3868,392.22159795463085,257.41325598210096,2,1,A,False,False,-361.23728433641617,361.23728433641617,0.0,A
3869,128.88393318280578,931.8696102127433,7,1,A,False,False,-642.3055080835101,642.3055080835101,0.0,A
3870,51.70985218137503,837.8981142304838,1,1,A,False,False,-765.6210174556247,765.6210174556247,0.0,A
3871,726.62014933303,312.0804042555392,6,1,A,True,False,-44.516176663316415,44.516176663316415,0.05,A
3872,1322.0208096317947,749.871782027185,6,1,B,False,False,373.12452763571963,373.12452763571963,1.0,B
3873,97.61330159381032,999.1836464032531,8,1,A,False,False,-506.97777941104334,506.97777941104334,0.0,A
3874,937.4174885451794,634.1073769144714,4,1,B,False,False,189.58904044464364,189.58904044464364,1.0,B
3875,595.5315646715462,1262.278291862458,5,1,A,True,False,-38.76978219001345,38.76978219001345,0.05,A
3876,435.12562522664666,369.54841297119856,1,1,A,False,False,-201.63999646981856,201.63999646981856,0.0,A
3877,251.1762846261263,68.34427965804935,8,1,A,False,False,-426.1837764213014,426.1837764213014,0.0,A
3878,219.77456007152796,1318.2492228224874,6,1,A,False,False,-351.2990022516136,351.2990022516136,0.0,A
3879,1442.2470973804593,1266.0717205144465,6,1,B,False,False,749.6893411995779,749.6893411995779,1.0,B
3880,789.9751723743975,543.7068063765764,6,1,B,False,False,155.7835666906366,155.7835666906366,1.0,B
3881,1242.5890183076262,647.8748205117881,4,1,B,False,False,394.1205371993079,394.1205371993079,1.0,B
3882,793.1075594387949,744.2296925000846,5,1,A,True,True,-2.33511693576169,2.33511693576169,0.5,B
3883,1217.930476181209,360.4977261275053,7,1,B,False,False,326.8327604089683,326.8327604089683,1.0,B
3884,828.5690252669156,866.9578582048416,1,1,A,True,False,-40.9949439299202,40.9949439299202,0.05,A
3885,320.23255666717887,86.89537458121777,8,1,A,False,False,-408.2182400687788,408.2182400687788,0.0,A
3886,1333.4175911732018,499.135946854949,8,1,B,False,False,679.6396129209917,679.6396129209917,1.0,B
3887,327.5850531645119,1393.9684820361435,8,1,A,False,False,-283.209566932744,283.209566932744,0.0,A
3888,828.8017683662474,595.8893182687461,6,1,B,False,False,147.66174810635658,147.66174810635658,1.0,B
3889,1334.5257360488176,1038.9163959771395,4,1,B,False,False,390.6295377901207,390.6295377901207,1.0,B
3890,1339.2194914631546,1218.6538092792034,5,1,B,False,False,707.6954574263459,707.6954574263459,1.0,B
3891,1198.6957588233054,584.7348337993026,3,1,B,False,False,483.4937059657271,483.4937059657271,1.0,B
3892,1042.513344436884,1184.4624211080372,7,1,B,False,False,377.8466556029912,377.8466556029912,1.0,B
3893,1255.6488965637982,938.3815457113087,3,1,B,False,False,349.90923568165545,349.90923568165545,1.0,B
3894,1364.611130207777,136.5865389816463,7,1,B,False,False,471.40365531618625,471.40365531618625,1.0,B
3895,887.6803955063224,42.70754009485245,4,1,B,True,False,65.65270703416799,65.65270703416799,1.0,B
3896,1041.3364763371646,1431.39228830114,3,1,B,False,False,179.28012202715388,179.28012202715388,1.0,B
3897,519.4671037606895,1317.2875363379717,1,1,A,False,False,-117.02607166371406,117.02607166371406,0.0,A
3898,325.2836214378476,349.6811049990356,6,1,A,False,False,-289.20505362362576,289.20505362362576,0.0,A
3899,1346.8664749525487,2.974499948322773,3,1,B,False,False,403.9967883519571,403.9967883519571,1.0,B
3900,1496.1141496896744,1482.5029601342976,3,1,B,False,False,520.6579429175817,520.6579429175817,1.0,B
3901,1017.01874518767,125.00596884638071,3,1,B,False,False,143.95771816679115,143.95771816679115,1.0,B
3902,373.900365550071,1297.936003189534,2,1,A,False,False,-234.89660309046255,234.89660309046255,0.0,A
3903,1415.278794709593,704.5509209856391,8,1,B,False,False,449.5129279158192,449.5129279158192,1.0,B
3904,530.5390614084899,84.41471820697188,5,1,A,False,False,-237.79276818534268,237.79276818534268,0.0,A
3905,907.4081867001951,959.2693028971553,4,1,B,True,False,56.39471701146985,56.39471701146985,1.0,B
3906,1070.7193412818015,895.5939011648297,3,1,B,False,False,198.9032879494741,198.9032879494741,1.0,B
3907,1198.095677420497,1411.889635026455,2,1,B,False,False,297.08737326124924,297.08737326124924,1.0,B
3908,35.78807786107063,631.7514767870307,2,1,A,False,False,-484.0692291909691,484.0692291909691,0.0,A
3909,1381.557845044881,1235.9126256778836,3,1,B,False,False,746.850610339583,746.850610339583,1.0,B
3910,1244.7251630946994,1272.6861289702356,3,1,B,False,False,551.307827130779,551.307827130779,1.0,B
3911,605.7622013613582,661.5417273715138,1,1,A,True,False,-72.78285924271594,72.78285924271594,0.0,A
3912,642.815544269979,893.7199981883168,2,1,A,False,False,-221.92247699265934,221.92247699265934,0.0,A
3913,231.2088031321764,1329.7364506870508,7,1,A,False,False,-338.02694974525764,338.02694974525764,0.0,A
3914,1458.5289973765612,356.0130950063467,3,1,B,False,False,486.8578302036973,486.8578302036973,1.0,B
3915,1489.82507083565,1077.8708145953715,6,1,B,False,False,532.4149271415827,532.4149271415827,1.0,B
3916,1079.8603291623294,868.2348565198481,6,1,B,False,False,209.6341216066579,209.6341216066579,1.0,B
3917,509.36508318409324,383.59268428757787,7,1,A,False,False,-142.90280281337928,142.90280281337928,0.0,A
3918,962.4966834671795,628.7890314124525,3,1,B,False,False,214.91077297905133,214.91077297905133,1.0,B
3919,935.3349627926946,187.2023893520236,6,1,B,True,False,65.60089968166278,65.60089968166278,1.0,B
3920,1103.0441662296653,1461.5491228178144,7,1,B,False,False,213.80354973433575,213.80354973433575,1.0,B
3921,1211.6032275371253,1317.4902820028365,8,1,B,False,False,424.715658153533,424.715658153533,1.0,B
3922,1477.4870295077562,1293.4737391769886,7,1,B,False,False,701.2660091705519,701.2660091705519,1.0,B
3923,1256.7814690992236,1310.5006227269769,3,1,B,False,False,475.0052118989348,475.0052118989348,1.0,B
3924,482.5762314721942,535.9228625893593,8,1,A,False,False,-147.18422627789542,147.18422627789542,0.0,A
3925,746.3036491535604,1224.1696589626372,6,1,B,False,False,116.29656887217236,116.29656887217236,1.0,B
3926,646.3838797062635,61.26067601144314,2,1,A,False,False,-122.5055758397444,122.5055758397444,0.0,A
3927,1183.2878971472383,1428.3888121135533,3,1,B,False,False,279.0243809379946,279.0243809379946,1.0,B
3928,1.2138057500123978,970.1045821420848,8,1,A,False,False,-642.5703535965865,642.5703535965865,0.0,A
3929,306.06493167579174,3.546489402651787,1,1,A,False,False,-304.72835465907735,304.72835465907735,0.0,A
3930,510.83035580813885,659.7342439927161,6,1,A,False,False,-138.5911936601494,138.5911936601494,0.0,A
3931,1031.0938912443817,740.5191077850759,4,1,B,False,False,168.01794671859903,168.01794671859903,1.0,B
3932,1158.459758386016,707.2665682062507,6,1,B,False,False,272.8998911801798,272.8998911801798,1.0,B
3933,115.58888107538223,791.0503973253071,1,1,A,False,False,-581.1506012411702,581.1506012411702,0.0,A
3934,454.78305453434587,1120.274132117629,6,1,A,False,False,-169.34318328646867,169.34318328646867,0.0,A
3935,822.3418830893934,1168.2255906052887,5,1,B,False,False,156.76963845910598,156.76963845910598,1.0,B
3936,643.3722004294395,1436.6285959258676,7,1,A,False,False,-101.80156139372946,101.80156139372946,0.0,A
3937,855.8478830382228,5.466551519930363,3,1,B,True,False,68.05672666101228,68.05672666101228,1.0,B
3938,947.7263130247593,424.35958748683333,3,1,B,False,False,207.66328108333877,207.66328108333877,1.0,B
3939,1297.8130644187331,608.1804670393467,3,1,B,False,False,513.2239493451486,513.2239493451486,1.0,B
3940,356.6230461001396,1406.3597414642572,1,1,A,False,False,-272.54441446981184,272.54441446981184,0.0,A
3941,941.0301768220961,732.9201400279999,8,1,B,False,False,108.70226984990934,108.70226984990934,1.0,B
3942,1109.5346161164343,1489.0714078210294,3,1,B,False,False,218.70876048549493,218.70876048549493,1.0,B
3943,775.7587912492454,7.402651011943817,3,1,B,True,True,12.119178238807958,12.119178238807958,0.25,B
3944,1001.2215608730912,772.0994465053082,6,1,B,False,False,135.6624490608473,135.6624490608473,1.0,B
3945,926.4729958958924,900.7696537300944,4,1,B,True,False,57.9289469826892,57.9289469826892,1.0,B
3946,649.0613878704607,275.00183042138815,2,1,A,False,False,-134.435619830818,134.435619830818,0.0,A
3947,975.3347332589328,993.9175467006862,6,1,B,False,False,121.79314163335975,121.79314163335975,1.0,B
3948,767.2583456151187,1080.2816706709564,5,1,B,True,False,34.33323983617862,34.33323983617862,0.85,B
3949,1088.9371172524989,384.6120801754296,7,1,B,False,False,262.23307654456903,262.23307654456903,1.0,B
3950,97.26259019225836,1248.2494139112532,6,1,A,False,False,-522.4898564754186,522.4898564754186,0.0,A
3951,248.28994553536177,462.1058567427099,2,1,A,False,False,-346.8556815045208,346.8556815045208,0.0,A
3952,474.5883266441524,603.959628380835,5,1,A,False,False,-150.9164133780629,150.9164133780629,0.0,A
3953,874.6941299177706,797.5348220206797,6,1,B,True,False,26.79300396623705,26.79300396623705,0.9,A
3954,865.6344003975391,359.0194210410118,4,1,B,True,False,85.4287986410005,85.4287986410005,1.0,B
3955,1129.993261769414,744.5940244942904,6,1,B,False,False,236.57837635969065,236.57837635969065,1.0,B
3956,1191.812968812883,621.8776199966669,4,1,B,False,False,400.9196357248074,400.9196357248074,1.0,B
3957,472.1524603664875,1039.1638912260532,5,1,A,False,False,-197.4728472230707,197.4728472230707,0.0,A
3958,318.1091845035553,421.31352704018354,6,1,A,False,False,-272.5873895716684,272.5873895716684,0.0,A
3959,378.9087259210646,371.085237711668,1,1,A,False,False,-239.4110878945006,239.4110878945006,0.0,A
3960,56.16195173934102,196.80082378908992,3,1,A,False,False,-794.3147955806915,794.3147955806915,0.0,A
3961,59.40746795386076,509.8686427809298,1,1,A,False,False,-565.7128532926713,565.7128532926713,0.0,A
3962,148.29992596060038,1002.2613108158112,6,1,A,False,False,-465.41500345151235,465.41500345151235,0.0,A
3963,1450.8345541544259,552.847018931061,6,1,B,False,False,789.5612331902429,789.5612331902429,1.0,B
3964,390.49184834584594,126.00006256252527,2,1,A,False,False,-425.4766079583616,425.4766079583616,0.0,A
3965,827.332487795502,340.97566874697804,2,1,B,True,False,46.09068630387109,46.09068630387109,1.0,B
3966,400.422855746001,1391.5554760023952,8,1,A,False,False,-232.02197246917999,232.02197246917999,0.0,A
3967,672.7409097366035,233.4092161618173,2,1,A,False,False,-159.44085980950288,159.44085980950288,0.0,A
3968,506.1436230316758,865.2612492442131,2,1,A,False,False,-361.80203700362085,361.80203700362085,0.0,A
3969,1267.8328868933022,377.22991732880473,3,1,B,False,False,378.0761079767764,378.0761079767764,1.0,B
3970,343.98326743394136,1100.297638680786,5,1,A,False,False,-253.9575170307009,253.9575170307009,0.0,A
3971,1396.895847748965,1217.2603933140635,4,1,B,False,False,764.4725881575837,764.4725881575837,1.0,B
3972,290.70179583504796,810.8549402095377,7,1,A,False,False,-483.014486557325,483.014486557325,0.0,A
3973,553.7330685183406,581.3125558197498,6,1,A,True,False,-80.92725178684941,80.92725178684941,0.0,A
3974,1124.1319421678782,1289.9128943681717,1,1,B,False,False,408.0488976508139,408.0488976508139,1.0,B
3975,1287.3047227039933,697.6797664538026,5,1,B,False,False,367.3172013431699,367.3172013431699,1.0,B
3976,667.9133595898747,1326.9563717767596,3,1,A,True,True,-6.788994422474692,6.788994422474692,0.4,B
3977,587.3596295714378,874.7172737494111,1,1,A,False,False,-282.63892812098544,282.63892812098544,0.0,A
3978,1060.8500819653273,306.27085268497467,6,1,B,False,False,187.79691101706726,187.79691101706726,1.0,B
3979,263.3197791874409,1159.678584896028,1,1,A,False,False,-332.2007863280817,332.2007863280817,0.0,A
3980,300.4680024459958,1287.209005560726,8,1,A,False,False,-302.03683709890726,302.03683709890726,0.0,A
3981,667.0717550441623,1477.0556981675327,5,1,A,False,False,-122.73031635969942,122.73031635969942,0.0,A
3982,1187.4188245274127,537.9050709307194,3,1,B,False,False,552.3510205339117,552.3510205339117,1.0,B
3983,992.6142068579793,813.571157399565,8,1,B,False,False,122.27523570408111,122.27523570408111,1.0,B
3984,505.4765632376075,830.7896428741515,5,1,A,False,False,-327.91759731432484,327.91759731432484,0.0,A
3985,512.3025644570589,276.02039789780974,1,1,A,False,False,-237.66757175970153,237.66757175970153,0.0,A
3986,786.1665613017976,1020.1673526316881,5,1,B,True,True,3.0626672077044863,3.0626672077044863,0.5,A
3987,721.2009066715837,1325.3800459206104,8,1,B,True,False,34.91614403620831,34.91614403620831,0.85,B
3988,536.2142245285213,614.2867002636194,5,1,A,False,False,-103.05692145646795,103.05692145646795,0.0,A
3989,1169.0590744838119,1091.4043905213475,4,1,B,False,False,326.54799085135784,326.54799085135784,1.0,B
3990,1302.5869228877127,832.7706037089229,4,1,B,False,False,409.75674079464085,409.75674079464085,1.0,B
3991,911.9738303124905,1341.8934848159552,4,1,B,False,False,162.07409725254075,162.07409725254075,1.0,B
3992,967.5460997968912,9.768211282789707,3,1,B,False,False,141.15658442291576,141.15658442291576,1.0,B
3993,980.3911512717605,919.0438259392977,5,1,B,False,False,110.51587670811172,110.51587670811172,1.0,B
3994,276.0283858515322,1129.11049509421,8,1,A,False,False,-306.49883524922717,306.49883524922717,0.0,A
3995,294.28160889074206,416.44606785848737,6,1,A,False,False,-289.9047474774856,289.9047474774856,0.0,A
3996,42.27069206535816,111.62655428051949,1,1,A,False,False,-699.6065856821385,699.6065856821385,0.0,A
3997,443.80037393420935,1352.6842463761568,2,1,A,False,False,-183.24581446250193,183.24581446250193,0.0,A
3998,827.268676366657,131.6671846434474,1,1,A,True,False,-31.260761358103554,31.260761358103554,0.15,A
3999,323.59645050019026,450.84509113803506,2,1,A,False,False,-276.44796122074064,276.44796122074064,0.0,A
4000,888.8005907647312,809.1186094097793,6,1,B,True,False,33.58777282892429,33.58777282892429,0.9,A
4001,1100.8247276768088,227.50571463257074,4,1,B,False,False,219.10804073979628,219.10804073979628,1.0,B
4002,187.6739147119224,681.9076789543033,7,1,A,False,False,-372.01827132430907,372.01827132430907,0.0,A
4003,1168.4349705465138,1426.5706948935986,5,1,B,False,False,269.4780491408336,269.4780491408336,1.0,B
4004,1421.6438541188836,606.8792003206909,6,1,B,False,False,616.6471913363339,616.6471913363339,1.0,B
4005,1236.816342920065,11.752249673008919,8,1,B,False,False,323.59069436148144,323.59069436148144,1.0,B
4006,315.8218818716705,1167.1737539581954,6,1,A,False,False,-291.04371850030054,291.04371850030054,0.0,A
4007,658.4382983855903,424.61105855181813,6,1,A,True,True,-13.042567626686306,13.042567626686306,0.3,A
4008,471.3209895417094,1065.3042937628925,7,1,A,False,False,-179.33383850155548,179.33383850155548,0.0,A
4009,206.04970771819353,1041.5802947245538,5,1,A,False,False,-376.8375748716504,376.8375748716504,0.0,A
4010,373.18337755277753,621.9438440166414,2,1,A,False,False,-231.17268117587997,231.17268117587997,0.0,A
4011,1057.9240671359003,528.2998597249389,4,1,B,False,False,427.6539089053816,427.6539089053816,1.0,B
4012,644.2188620567322,170.16076482832432,7,1,A,False,False,-225.42151742399912,225.42151742399912,0.0,A
4013,1044.5946478284895,849.5862074196339,3,1,B,False,False,172.65516810568576,172.65516810568576,1.0,B
4014,253.73242143541574,1301.610132213682,8,1,A,False,False,-333.12714912314584,333.12714912314584,0.0,A
4015,836.1802124418318,299.87035878002644,4,1,B,True,True,24.397743050641743,24.397743050641743,0.75,B
4016,177.11760057136416,1356.8926407024264,7,1,A,False,False,-373.53889027908417,373.53889027908417,0.0,A
4017,1419.510972686112,1084.2135418206453,4,1,B,False,False,492.44305310383646,492.44305310383646,1.0,B
4018,879.9422839656472,1173.061148263514,8,1,B,False,False,213.43599165572041,213.43599165572041,1.0,B
4019,1320.5873002298176,827.1624064072967,3,1,B,False,False,421.08282479812476,421.08282479812476,1.0,B
4020,267.0417088083923,686.2620203755796,2,1,A,False,False,-319.8573274036519,319.8573274036519,0.0,A
4021,539.9082102812827,781.4645720645785,7,1,A,False,False,-226.43351705265877,226.43351705265877,0.0,A
4022,454.275653231889,430.4520464502275,2,1,A,False,False,-168.30382136733485,168.30382136733485,0.0,A
4023,266.11158018931746,549.3381950072944,2,1,A,False,False,-357.13867518952134,357.13867518952134,0.0,A
4024,361.6731413640082,908.162594307214,8,1,A,False,False,-479.68308925871946,479.68308925871946,0.0,A
4025,973.1838670559227,294.79220509529114,6,1,B,False,False,120.58616645513389,120.58616645513389,1.0,B
4026,446.77247665822506,124.18194813653827,1,1,A,False,False,-371.28773583514476,371.28773583514476,0.0,A
4027,74.64634766802192,959.3855193816125,5,1,A,False,False,-612.950964236415,612.950964236415,0.0,A
4028,466.67640935629606,283.55582104995847,2,1,A,False,False,-261.8379836965181,261.8379836965181,0.0,A
4029,1050.4450779408216,1100.9591678157449,3,1,B,False,False,254.1544164868113,254.1544164868113,1.0,B
4030,385.029754601419,328.2735818065703,6,1,A,False,False,-266.8464966147913,266.8464966147913,0.0,A
4031,681.3733968883753,55.01342983916402,1,1,A,True,False,-91.06077797881501,91.06077797881501,0.0,A
4032,1196.421402040869,1328.9847518317401,4,1,B,False,False,391.5305318599663,391.5305318599663,1.0,B
4033,163.28216716647148,1364.65970473364,2,1,A,False,False,-383.89156443277903,383.89156443277903,0.0,A
4034,1372.0882013440132,231.04336252436042,7,1,B,False,False,458.7867085103528,458.7867085103528,1.0,B
4035,1095.3331366181374,669.5846761576831,5,1,B,False,False,262.1423445407605,262.1423445407605,1.0,B
4036,1390.6855769455433,224.61121156811714,3,1,B,False,False,482.9420554272986,482.9420554272986,1.0,B
4037,1390.3802940621972,59.25152963027358,8,1,B,False,False,424.72159576282115,424.72159576282115,1.0,B
4038,1301.5670143067837,764.0081495046616,7,1,B,False,False,360.75291760193267,360.75291760193267,1.0,B
4039,1142.244522459805,443.2103927247226,4,1,B,False,False,390.3192974372763,390.3192974372763,1.0,B
4040,1492.1546350233257,215.56009305641055,8,1,B,False,False,588.2385469892797,588.2385469892797,1.0,B
4041,642.1353947371244,544.458485674113,4,1,B,True,True,10.133714709018095,10.133714709018095,0.55,B
4042,1137.995450757444,816.6224998421967,4,1,B,False,False,250.08972576789475,250.08972576789475,1.0,B
4043,1440.5617732554674,1105.3851060569286,4,1,B,False,False,543.0325929173222,543.0325929173222,1.0,B
4044,1427.4497400037944,964.886327739805,3,1,B,False,False,469.2182219720189,469.2182219720189,1.0,B
4045,102.4285121820867,190.69161638617516,6,1,A,False,False,-757.7693264437903,757.7693264437903,0.0,A
4046,44.76431244984269,325.7116908207536,5,1,A,False,False,-503.86098813129126,503.86098813129126,0.0,A
4047,1487.1917297132313,1306.7358126863837,8,1,B,False,False,670.195682269224,670.195682269224,1.0,B
4048,1283.7427463382483,257.98924220725894,3,1,B,False,False,359.8131323712944,359.8131323712944,1.0,B
4049,174.02253113687038,709.8195841535926,1,1,A,False,False,-399.9065208294593,399.9065208294593,0.0,A
4050,541.63224902004,1096.8301082029939,3,1,A,False,False,-113.65390157068744,113.65390157068744,0.0,A
4051,215.42136697098613,869.4714652374387,1,1,A,False,False,-653.4988192259837,653.4988192259837,0.0,A
4052,1306.825895793736,191.6718827560544,8,1,B,False,False,432.6243190797622,432.6243190797622,1.0,B
4053,668.4913015924394,1354.59545860067,6,1,A,True,False,-24.1366106594801,24.1366106594801,0.2,B
4054,571.8837375752628,1158.6496769450605,6,1,A,True,False,-67.42369556671437,67.42369556671437,0.0,A
4055,603.0760193243623,803.4854871220887,6,1,A,False,False,-204.24841617530836,204.24841617530836,0.0,A
4056,689.7278032265604,1222.6394671015441,4,1,B,True,False,59.685329010468486,59.685329010468486,1.0,B
4057,1277.217554859817,1267.3358833417296,3,1,B,False,False,593.0740603732667,593.0740603732667,1.0,B
4058,1389.3600781448185,307.3244201950729,4,1,B,False,False,420.5801461533503,420.5801461533503,1.0,B
4059,1111.149789299816,75.88923862203956,7,1,B,False,False,219.02503091410318,219.02503091410318,1.0,B
4060,580.4697819985449,656.6738435067236,3,1,A,True,False,-87.84804385653729,87.84804385653729,0.0,A
4061,99.92464911192656,1280.456552747637,1,1,A,False,False,-484.3379453995423,484.3379453995423,0.0,A
4062,1310.5713101103902,947.3200156353414,6,1,B,False,False,389.6588708471675,389.6588708471675,1.0,B
4063,1468.2519673369825,1383.2919294945896,3,1,B,False,False,503.9166193917736,503.9166193917736,1.0,B
4064,767.6866357214749,258.94833728671074,5,1,A,True,False,-56.21165731497776,56.21165731497776,0.0,A
4065,1017.4373555928469,1036.1324124969542,1,1,B,False,False,172.5393770370232,172.5393770370232,1.0,B
4066,1361.2861814908683,1451.4985978603363,5,1,B,False,False,401.5501828339042,401.5501828339042,1.0,B
4067,1194.992737378925,461.28210704773664,4,1,B,False,False,471.6022465242887,471.6022465242887,1.0,B
4068,726.5617693774402,662.4683244153857,6,1,B,True,True,11.379864973359183,11.379864973359183,0.7,B
4069,727.3146095685661,1413.2074546068907,6,1,A,True,False,-25.186079686796507,25.186079686796507,0.1,B
4070,517.4742713570595,560.4383968748152,1,1,A,False,False,-112.34240193986312,112.34240193986312,0.0,A
4071,1258.8391355238855,111.8329195305705,7,1,B,False,False,352.8285260302288,352.8285260302288,1.0,B
4072,1192.7501508034766,1250.0375756062567,7,1,B,False,False,544.2723964117873,544.2723964117873,1.0,B
4073,859.7383922897279,1197.154733352363,6,1,B,False,False,218.3919376975466,218.3919376975466,1.0,B
4074,475.46313889324665,941.7813182808459,8,1,A,False,False,-319.2864620954501,319.2864620954501,0.0,A
4075,73.64792469888926,1409.0826879255474,7,1,A,False,False,-467.6624190407855,467.6624190407855,0.0,A
4076,1077.832221519202,726.0809442959726,3,1,B,False,False,207.1276716918784,207.1276716918784,1.0,B
4077,55.86133478209376,81.28874190151691,2,1,A,False,False,-603.6417643796049,603.6417643796049,0.0,A
4078,645.7666307687759,442.86739407107234,5,1,A,True,True,-12.467484807253838,12.467484807253838,0.3,A
4079,1126.2677195481956,317.1432679519057,5,1,B,False,False,237.7314902956401,237.7314902956401,1.0,B
4080,348.37812976911664,809.5076526515186,8,1,A,False,False,-430.51639505568437,430.51639505568437,0.0,A
4081,895.0176760554314,780.1815094426274,5,1,B,True,False,51.22265265070722,51.22265265070722,1.0,B
4082,1002.2490676492453,1323.7875625491142,4,1,B,False,False,251.86387396074466,251.86387396074466,1.0,B
4083,1135.4457400739193,1405.7535510510206,8,1,B,False,False,258.2217551114243,258.2217551114243,1.0,B
4084,1043.4436462819576,683.3405569195747,6,1,B,False,False,213.09204954888924,213.09204954888924,1.0,B
4085,90.91940755024552,46.56228795647621,2,1,A,False,False,-504.3978494926675,504.3978494926675,0.0,A
4086,1133.769455831498,88.55874231085181,8,1,B,False,False,237.99174659658104,237.99174659658104,1.0,B
4087,1402.1532875485718,641.1588359624147,4,1,B,False,False,521.7459266775186,521.7459266775186,1.0,B
4088,539.2151973210275,382.01063638553023,5,1,A,False,False,-122.9581246353406,122.9581246353406,0.0,A
4089,181.56711151823401,230.92845641076565,5,1,A,False,False,-598.0688648006292,598.0688648006292,0.0,A
4090,1103.8948679342866,1353.929904755205,8,1,B,False,False,286.28901822102256,286.28901822102256,1.0,B
4091,791.6384353302419,190.43802889063954,2,1,A,True,False,-76.37065483879385,76.37065483879385,0.0,A
4092,551.5898717567325,1325.2859436906874,3,1,A,True,False,-94.6396041640167,94.6396041640167,0.0,A
4093,462.3902142047882,1238.3269015699625,6,1,A,False,False,-167.09258951073494,167.09258951073494,0.0,A
4094,830.8435357175767,1177.0097580738366,7,1,B,False,False,173.17234394659698,173.17234394659698,1.0,B
4095,264.78420523926616,1429.7891082242131,1,1,A,False,False,-358.48996503065905,358.48996503065905,0.0,A
4096,1216.4470441639423,1078.3815840259194,3,1,B,False,False,343.85394075012977,343.85394075012977,1.0,B
4097,684.272582642734,445.77362621203065,7,1,B,True,True,20.604829925807397,20.604829925807397,0.75,A
4098,900.4585426300764,128.15434578806162,6,1,B,True,False,37.45141169896002,37.45141169896002,0.95,B
4099,964.1200583428144,1348.0042163282633,4,1,B,False,False,193.22873403464132,193.22873403464132,1.0,B
4100,1058.3164812996984,1323.0080623179674,4,1,B,False,False,296.0993715083889,296.0993715083889,1.0,B
4101,838.1213089451194,1062.8425274044275,5,1,B,True,False,69.59498985654113,69.59498985654113,1.0,A
4102,1274.3117529898882,921.3188337162137,6,1,B,False,False,380.1228937863814,380.1228937863814,1.0,B
4103,127.66387593001127,343.02037255838513,5,1,A,False,False,-428.99175738228047,428.99175738228047,0.0,A
4104,118.21529315784574,123.21991100907326,7,1,A,False,False,-665.5494518817615,665.5494518817615,0.0,A
4105,709.9482952617109,1074.678421486169,1,1,A,True,True,-9.43554079738418,9.43554079738418,0.35,A
4106,1273.4846700914204,1212.7757174894214,7,1,B,False,False,638.3380442403577,638.3380442403577,1.0,B
4107,65.90652326121926,470.71943432092667,1,1,A,False,False,-516.1439708148582,516.1439708148582,0.0,A
4108,262.6366401091218,8.96863779053092,8,1,A,False,False,-338.7491631187844,338.7491631187844,0.0,A
4109,1366.7400903068483,605.0134934484959,3,1,B,False,False,576.8898264531966,576.8898264531966,1.0,B
4110,1413.698147982359,1437.7735652960837,3,1,B,False,False,437.61381996391805,437.61381996391805,1.0,B
4111,810.9252629801631,1047.4421298131347,3,1,B,True,False,39.583863897313215,39.583863897313215,0.95,B
4112,1292.1366873197258,586.289151571691,3,1,B,False,False,561.5230664026789,561.5230664026789,1.0,B
4113,98.05696550756693,1191.8977573513985,2,1,A,False,False,-512.3302984659847,512.3302984659847,0.0,A
4114,1128.604226745665,1468.4736924245954,6,1,B,False,False,232.2759506918792,232.2759506918792,1.0,B
4115,1251.027412712574,1096.3470353744924,8,1,B,False,False,391.44654768344446,391.44654768344446,1.0,B
4116,710.0887480191886,381.9193923845887,5,1,A,True,True,-4.171921776886656,4.171921776886656,0.5,A
4117,934.8114361055195,880.2769733592868,5,1,B,True,False,64.86172641052599,64.86172641052599,1.0,B
4118,999.9240953475237,36.82397212833166,4,1,B,False,False,147.78776448245793,147.78776448245793,1.0,B
4119,1180.9148881584406,928.3268717117608,7,1,B,False,False,290.6041248655452,290.6041248655452,1.0,B
4120,601.0577771812677,1339.0655969269574,1,1,A,True,False,-63.682442721226465,63.682442721226465,0.0,A
4121,1287.8585401922464,156.60973358899355,4,1,B,False,False,413.06952640871316,413.06952640871316,1.0,B
4122,622.5261376239359,227.2546011954546,1,1,A,False,False,-210.850420011421,210.850420011421,0.0,A
4123,205.11410431936383,328.3605328761041,1,1,A,False,False,-390.4169758548879,390.4169758548879,0.0,A
4124,493.96199081093073,732.8537399880588,5,1,A,False,False,-202.58267712952687,202.58267712952687,0.0,A
4125,509.2509803362191,910.9845743514597,1,1,A,False,False,-335.4787724382507,335.4787724382507,0.0,A
4126,701.2098161503673,911.5032381378114,1,1,A,False,False,-153.44860394007927,153.44860394007927,0.0,A
4127,424.6742120012641,1032.8272464685142,7,1,A,False,False,-235.37688159624844,235.37688159624844,0.0,A
4128,548.0410563759506,1083.7482791393995,1,1,A,False,False,-115.85634628479824,115.85634628479824,0.0,A
4129,1379.731910303235,1359.8393225111067,6,1,B,False,False,473.3468311272742,473.3468311272742,1.0,B
4130,538.9674589969218,32.201020047068596,2,1,A,False,False,-170.6186469105131,170.6186469105131,0.0,A
4131,1487.3519665561616,29.543534852564335,8,1,B,False,False,489.3970682646093,489.3970682646093,1.0,B
4132,794.413679279387,1420.0946241617203,6,1,B,True,True,15.708026968280366,15.708026968280366,0.6,A
4133,1050.4788416437805,259.61282243952155,3,1,B,False,False,171.4497053255293,171.4497053255293,1.0,B
4134,919.407909270376,912.2550040483475,6,1,B,True,False,52.84986073321196,52.84986073321196,1.0,B
4135,906.7225330509245,330.1474847830832,5,1,B,True,False,92.94709937929262,92.94709937929262,1.0,B
4136,510.50372002646327,1354.6873033046722,2,1,A,False,False,-136.51325605775202,136.51325605775202,0.0,A
4137,1092.6540051586926,508.96737026050687,6,1,B,False,False,456.00513920170454,456.00513920170454,1.0,B
4138,1443.716467358172,794.3169786594808,6,1,B,False,False,491.510415447586,491.510415447586,1.0,B
4139,1273.0295257642865,1025.9123928844929,4,1,B,False,False,342.60674237471574,342.60674237471574,1.0,B
4140,1143.5901070944965,503.9675384759903,4,1,B,False,False,501.31848184508226,501.31848184508226,1.0,B
4141,1471.0437655448914,681.1323640868068,3,1,B,False,False,508.24079969473553,508.24079969473553,1.0,B
4142,445.9207020699978,66.36429112404585,5,1,A,False,False,-277.2205837052841,277.2205837052841,0.0,A
4143,1039.8498913273215,709.476294927299,8,1,B,False,False,190.64304683074005,190.64304683074005,1.0,B
4144,479.4240980409086,186.3966565579176,2,1,A,False,False,-387.61088536146997,387.61088536146997,0.0,A
4145,1295.0598299503326,60.87588518857956,8,1,B,False,False,355.18753680089793,355.18753680089793,1.0,B
4146,1110.3077880106866,341.64012875407934,3,1,B,False,False,239.38880659072152,239.38880659072152,1.0,B
4147,719.8563432320952,401.1589069850743,6,1,B,True,True,16.577891306708228,16.577891306708228,0.75,A
4148,725.4247236996889,84.99602833762765,7,1,A,True,False,-84.8229012390848,84.8229012390848,0.0,A
4149,1457.5418760068715,650.5166329443455,6,1,B,False,False,544.1707333789343,544.1707333789343,1.0,B
4150,1083.6682221852243,1332.6808023266494,3,1,B,False,False,300.71686192907015,300.71686192907015,1.0,B
4151,111.41622997820377,1408.400138374418,2,1,A,False,False,-441.3061212279106,441.3061212279106,0.0,A
4152,1297.43282077834,1290.0023655965924,3,1,B,False,False,556.9104970461548,556.9104970461548,1.0,B
4153,158.04568910971284,1298.5765440389514,5,1,A,False,False,-414.8118173987926,414.8118173987926,0.0,A
4154,1252.957637887448,781.9442446343601,8,1,B,False,False,330.08652586076226,330.08652586076226,1.0,B
4155,886.825748719275,147.49112958088517,5,1,B,True,False,19.790981340879558,19.790981340879558,0.8,B
4156,110.23456323891878,716.6861300356686,1,1,A,False,False,-450.16941181193897,450.16941181193897,0.0,A
4157,563.8954024761915,1064.5940322428942,2,1,A,False,False,-116.49303388206762,116.49303388206762,0.0,A
4158,297.1951221115887,14.041295740753412,5,1,A,False,False,-319.7041466620545,319.7041466620545,0.0,A
4159,1209.6066735684872,1.0407669469714165,5,1,B,False,False,311.9541430985516,311.9541430985516,1.0,B
4160,1189.8643649183214,844.5123550482094,3,1,B,False,False,311.4042941657391,311.4042941657391,1.0,B
4161,1327.6813505217433,962.2682640329003,7,1,B,False,False,392.2214031429208,392.2214031429208,1.0,B
4162,898.9572403952479,88.87840993702412,2,1,B,True,False,50.396687030898555,50.396687030898555,1.0,B
4163,1243.5931297950447,359.3880473636091,6,1,B,False,False,343.3591813840203,343.3591813840203,1.0,B
4164,1101.7763293348253,1378.928900230676,4,1,B,False,False,257.1460777556194,257.1460777556194,1.0,B
4165,267.6140698604286,921.2511708028615,1,1,A,False,False,-543.1520936553584,543.1520936553584,0.0,A
4166,263.81269935518503,477.6471317745745,6,1,A,False,False,-344.42009586023255,344.42009586023255,0.0,A
4167,412.79433388262987,459.2528734356165,6,1,A,False,False,-203.71095560478125,203.71095560478125,0.0,A
4168,434.3233904801309,450.3418835811317,4,1,A,False,False,-184.20808775205043,184.20808775205043,0.0,A
4169,736.5515674464405,1492.2895934432745,6,1,A,True,False,-82.34933895570919,82.34933895570919,0.0,A
4170,300.07085809484124,1474.4248492643237,5,1,A,False,False,-400.32808927757105,400.32808927757105,0.0,A
4171,510.48027304932475,88.39668240398169,2,1,A,False,False,-259.35808386937595,259.35808386937595,0.0,A
4172,858.7971646338701,407.8074423596263,8,1,B,False,False,122.91766150210131,122.91766150210131,1.0,B
4173,526.7517725005746,868.8767496496439,8,1,A,False,False,-342.468022666452,342.468022666452,0.0,A
4174,820.3089055605233,251.4184000901878,1,1,A,True,True,-18.628389706970854,18.628389706970854,0.3,B
4175,1201.5116717666388,198.81326844915748,8,1,B,False,False,325.8455051330803,325.8455051330803,1.0,B
4176,1435.760687571019,173.99188689887524,7,1,B,False,False,565.7387301140435,565.7387301140435,1.0,B
4177,657.7782374806702,587.3650191351771,2,1,B,True,True,8.213814918444921,8.213814918444921,0.6,B
4178,736.4087677560747,52.187395747751,5,1,A,True,False,-48.86177937084551,48.86177937084551,0.0,A
4179,961.6949544288218,250.15860423445702,2,1,B,True,False,97.89016105794816,97.89016105794816,1.0,B
4180,1440.9176702611148,1143.5199002735317,5,1,B,False,False,633.3658526295392,633.3658526295392,1.0,B
4181,565.0464599020779,479.40914891660213,7,1,A,True,False,-68.80869355788056,68.80869355788056,0.0,A
4182,437.9027313552797,1205.5880455300212,2,1,A,False,False,-190.61946780102,190.61946780102,0.0,A
4183,417.3665614798665,699.3731134571135,5,1,A,False,False,-225.86135563387012,225.86135563387012,0.0,A
4184,921.1080148816109,539.6443731151521,3,1,B,False,False,287.2245870458674,287.2245870458674,1.0,B
4185,932.0338941179216,217.05853985622525,5,1,B,True,False,65.50935918566883,65.50935918566883,1.0,B
4186,864.5690395496786,391.386057715863,6,1,B,False,False,111.60992974641886,111.60992974641886,1.0,B
4187,24.92960589006543,746.6093301773071,1,1,A,False,False,-551.5088375881105,551.5088375881105,0.0,A
4188,1221.8851167708635,1484.4976784661412,5,1,B,False,False,306.7226571119996,306.7226571119996,1.0,B
4189,1003.3568101935089,928.0486064963043,4,1,B,False,False,131.5461937863648,131.5461937863648,1.0,B
4190,120.53157342597842,1080.0723815336823,7,1,A,False,False,-414.5010995872376,414.5010995872376,0.0,A
4191,546.8603144399822,833.6897254921496,6,1,A,False,False,-293.42609672975715,293.42609672975715,0.0,A
4192,1082.6241178438067,415.6836289912462,6,1,B,False,False,297.52878475398535,297.52878475398535,1.0,B
4193,238.69234649464488,265.03892010077834,2,1,A,False,False,-468.80573703658257,468.80573703658257,0.0,A
4194,1414.2886977642775,18.458216451108456,5,1,B,False,False,441.74522881959956,441.74522881959956,1.0,B
4195,922.4595660343766,280.22017423063517,6,1,B,True,False,76.94044000281401,76.94044000281401,1.0,B
4196,175.37250649183989,64.04257519170642,6,1,A,False,False,-474.6679895759726,474.6679895759726,0.0,A
4197,921.9097550958395,175.615556538105,5,1,B,True,False,51.9106675041945,51.9106675041945,1.0,B
4198,899.5573609136045,914.5712340250611,6,1,B,True,False,34.693569080737355,34.693569080737355,0.95,B
4199,157.38524543121457,1148.3855838887393,2,1,A,False,False,-412.65939301859817,412.65939301859817,0.0,A
4200,1468.3760292828083,725.097100250423,3,1,B,False,False,476.96910469694336,476.96910469694336,1.0,B
4201,788.7356551364064,872.3683948628604,8,1,A,True,False,-81.20459438216584,81.20459438216584,0.0,A
4202,885.7709267176688,334.8630275577307,2,1,B,True,False,81.72104679035733,81.72104679035733,1.0,B
4203,744.0618379041553,720.2647039666772,6,1,A,True,True,-18.977059123072117,18.977059123072117,0.3,B
4204,200.5058443173766,194.70602413639426,6,1,A,False,False,-655.9445363445723,655.9445363445723,0.0,A
4205,505.7485238648951,1383.6809950880706,8,1,A,False,False,-155.15850428381498,155.15850428381498,0.0,A
4206,684.4325512647629,879.5195748098195,5,1,A,False,False,-185.29200629822225,185.29200629822225,0.0,A
4207,779.9279624596238,925.7503291592002,6,1,A,True,False,-70.33757691738911,70.33757691738911,0.0,A
4208,1401.7623737454414,887.3256635852158,6,1,B,False,False,528.7699932271191,528.7699932271191,1.0,B
4209,1284.9795520305634,783.765354193747,5,1,B,False,False,356.03980918751546,356.03980918751546,1.0,B
4210,548.9561841823161,813.6845855042338,2,1,A,False,False,-264.2756586628633,264.2756586628633,0.0,A
4211,675.9927696548402,1301.1973556131124,1,1,B,True,True,15.709849224308265,15.709849224308265,0.7,B
4212,1053.2004833221436,862.6655330881476,4,1,B,False,False,182.6463238355175,182.6463238355175,1.0,B
4213,274.56324454396963,1414.2327946610749,8,1,A,False,False,-335.34730146816884,335.34730146816884,0.0,A
4214,230.7426086626947,768.2450423017144,2,1,A,False,False,-441.331681871581,441.331681871581,0.0,A
4215,986.776677891612,318.8127251341939,6,1,B,False,False,141.47142793032228,141.47142793032228,1.0,B
4216,1016.6443884372711,1023.7261578440666,5,1,B,False,False,164.7776630895693,164.7776630895693,1.0,B
4217,1348.8977858796716,34.26962764933705,4,1,B,False,False,392.5462316800906,392.5462316800906,1.0,B
4218,875.3044945187867,881.8077184259892,8,1,B,True,True,5.516539749392054,5.516539749392054,0.55,A
4219,480.97159853205085,429.5782442204654,1,1,A,False,False,-147.6906982262669,147.6906982262669,0.0,A
4220,1113.4479590691626,1133.8722403161228,5,1,B,False,False,350.2457994773488,350.2457994773488,1.0,B
4221,1045.5715153366327,313.43544786795974,5,1,B,False,False,179.87543385798415,179.87543385798415,1.0,B
4222,574.7917578555644,132.84858595579863,1,1,A,False,False,-266.4088712569076,266.4088712569076,0.0,A
4223,284.18024349957705,827.2763192653656,1,1,A,False,False,-524.839753929566,524.839753929566,0.0,A
4224,1273.873568046838,227.77961567044258,6,1,B,False,False,374.33410243575867,374.33410243575867,1.0,B
4225,746.137029491365,921.5966630727053,1,1,A,False,False,-104.00191272524664,104.00191272524664,0.0,A
4226,344.64628156274557,1465.7837860286236,7,1,A,False,False,-351.8763663779271,351.8763663779271,0.0,A
4227,1108.5432283580303,1420.321833807975,6,1,B,False,False,231.1889588298872,231.1889588298872,1.0,B
4228,1187.2584926895797,760.3340204805136,3,1,B,False,False,275.8586768976312,275.8586768976312,1.0,B
4229,11.399671901017427,459.62293026968837,2,1,A,False,False,-548.5245034804162,548.5245034804162,0.0,A
4230,941.4254771545529,15.286776702851057,3,1,B,False,False,119.6779993791407,119.6779993791407,1.0,B
4231,948.176967445761,399.37078999355435,7,1,B,False,False,178.90845156860885,178.90845156860885,1.0,B
4232,1277.7382428757846,1295.3347214497626,5,1,B,False,False,527.1091167603798,527.1091167603798,1.0,B
4233,239.98933006078005,369.8250073939562,1,1,A,False,False,-335.3853245692944,335.3853245692944,0.0,A
4234,174.60221238434315,1210.027632303536,5,1,A,False,False,-451.7989622935854,451.7989622935854,0.0,A
4235,77.35542906448245,530.1778223365545,5,1,A,False,False,-552.0833138065395,552.0833138065395,0.0,A
4236,693.1928819976747,644.9782708659768,6,1,B,True,True,0.05639953411778035,0.05639953411778035,0.6,A
4237,97.44520112872124,1354.3190374039114,1,1,A,False,False,-430.209442846629,430.209442846629,0.0,A
4238,973.8083914853632,258.859331253916,2,1,B,False,False,109.69755515214231,109.69755515214231,1.0,B
4239,1389.0533549711108,960.0275969132781,4,1,B,False,False,443.02739050065816,443.02739050065816,1.0,B
4240,368.53912426158786,746.0163203068078,6,1,A,False,False,-305.84513782921704,305.84513782921704,0.0,A
4241,227.37050475552678,1117.4520179629326,6,1,A,False,False,-340.1186327853265,340.1186327853265,0.0,A
4242,1055.6438346393406,7.241708692163229,4,1,B,False,False,202.8821411799993,202.8821411799993,1.0,B
4243,584.1037533245981,1296.389480587095,2,1,A,True,False,-58.60266675564339,58.60266675564339,0.0,A
4244,624.3626587092876,165.1946003548801,6,1,A,False,False,-244.0813392410774,244.0813392410774,0.0,A
4245,623.8288376480341,310.15161937102675,1,1,A,False,False,-118.39255150789309,118.39255150789309,0.0,A
4246,5.7929023168981075,1422.3961662501097,5,1,A,False,False,-528.3376680728519,528.3376680728519,0.0,A
4247,1401.6113332472742,4.504865035414696,4,1,B,False,False,440.2393906735188,440.2393906735188,1.0,B
4248,917.2554449178278,2.1578441374003887,4,1,B,False,False,112.22813759724211,112.22813759724211,1.0,B
4249,202.96361669898033,855.7058461010456,5,1,A,False,False,-654.0702038959602,654.0702038959602,0.0,A
4250,316.16761442273855,731.3295160420239,1,1,A,False,False,-324.6163813080327,324.6163813080327,0.0,A
4251,418.3509908616543,26.882026344537735,5,1,A,False,False,-249.00700994503234,249.00700994503234,0.0,A
4252,594.2738670855761,528.5055041313171,2,1,A,True,False,-35.76500382768993,35.76500382768993,0.05,A
4253,360.84068566560745,1179.0569596923888,2,1,A,False,False,-256.3513690428465,256.3513690428465,0.0,A
4254,672.9533532634377,623.6608056351542,5,1,A,True,True,-0.8490207189458766,0.8490207189458766,0.55,A
4255,1142.597216181457,33.81442464888096,3,1,B,False,False,248.7555033070398,248.7555033070398,1.0,B
4256,446.98658818379045,1401.5556117519736,6,1,A,False,False,-207.31667787354152,207.31667787354152,0.0,A
4257,771.0592900402844,404.65769497677684,6,1,B,True,False,56.257001673750516,56.257001673750516,1.0,B
4258,676.8814218230546,296.65612103417516,8,1,A,True,False,-92.81615137204591,92.81615137204591,0.0,A
4259,1013.6524443514645,293.21016278117895,3,1,B,False,False,149.42641099626331,149.42641099626331,1.0,B
4260,1075.2606969326735,538.4997865185142,3,1,B,False,False,440.66147258230137,440.66147258230137,1.0,B
4261,167.87085961550474,303.659294731915,2,1,A,False,False,-449.20865776255977,449.20865776255977,0.0,A
4262,1030.1416972652078,1288.3542850613594,8,1,B,False,False,329.79300867707303,329.79300867707303,1.0,B
4263,1195.3539149835706,922.0759011805058,4,1,B,False,False,307.2675505215876,307.2675505215876,1.0,B
4264,822.6853623054922,276.9844955764711,4,1,A,True,True,-0.3425394566470021,0.3425394566470021,0.5,B
4265,505.6718378327787,1127.4752486497164,6,1,A,False,False,-129.03490577193543,129.03490577193543,0.0,A
4266,540.7164953649044,803.3521994948387,1,1,A,False,False,-256.46225171780026,256.46225171780026,0.0,A
4267,413.77347568050027,42.91357006877661,5,1,A,False,False,-269.87401724350343,269.87401724350343,0.0,A
4268,504.4919494539499,1488.3654154837132,3,1,A,False,False,-264.08992236780256,264.08992236780256,0.0,A
4269,176.07566434890032,387.15966464951634,6,1,A,False,False,-374.70435832286506,374.70435832286506,0.0,A
4270,1183.89174900949,887.4153960496187,6,1,B,False,False,312.4028115227224,312.4028115227224,1.0,B
4271,832.9897695221007,527.7996039949358,4,1,B,False,False,202.87759537890145,202.87759537890145,1.0,B
4272,1392.5475301221013,1245.2154345810413,6,1,B,False,False,746.6041099322595,746.6041099322595,1.0,B
4273,1384.7886552102864,77.96205673366785,5,1,B,False,False,430.25901920888435,430.25901920888435,1.0,B
4274,1454.7272720374167,1409.107469022274,3,1,B,False,False,473.66785314173205,473.66785314173205,1.0,B
4275,577.2098335437477,970.3834955580533,7,1,A,False,False,-195.03609990659075,195.03609990659075,0.0,A
4276,896.6612205840647,1273.7171603366733,7,1,B,False,False,232.3404945722242,232.3404945722242,1.0,B
4277,1451.6307399608195,376.2894831597805,8,1,B,False,False,503.9186472953572,503.9186472953572,1.0,B
4278,1076.9162946380675,432.15668806806207,6,1,B,False,False,318.70778471246086,318.70778471246086,1.0,B
4279,1481.478645466268,269.93410661816597,3,1,B,False,False,506.8325576406118,506.8325576406118,1.0,B
4280,307.9011929221451,342.1185496263206,2,1,A,False,False,-306.9807560076532,306.9807560076532,0.0,A
4281,624.2481982335448,1161.6118079982698,5,1,A,True,False,-21.326264348709476,21.326264348709476,0.2,B
4282,848.4136224724352,475.4127524793148,3,1,B,False,False,187.5374451848988,187.5374451848988,1.0,B
4283,1378.4506665542722,1278.7980451248586,4,1,B,False,False,657.1226918676828,657.1226918676828,1.0,B
4284,539.4813884049654,192.59240152314305,2,1,A,False,False,-324.404954827438,324.404954827438,0.0,A
4285,117.12955590337515,14.94204020127654,1,1,A,False,False,-443.64854309179583,443.64854309179583,0.0,A
4286,1099.5749733410776,1293.8362858258188,7,1,B,False,False,379.5590452846552,379.5590452846552,1.0,B
4287,526.4543825760484,729.0545264258981,1,1,A,False,False,-176.32601110634258,176.32601110634258,0.0,A
4288,859.150021802634,340.37659177556634,5,1,B,True,False,67.35501705386288,67.35501705386288,1.0,B
4289,611.6694454103708,295.5922270193696,6,1,A,False,False,-141.02341946281518,141.02341946281518,0.0,A
4290,1494.7086959145963,311.5360764786601,5,1,B,False,False,494.50819455573077,494.50819455573077,1.0,B
4291,302.74041602388024,859.0616011060774,1,1,A,False,False,-559.4748268988443,559.4748268988443,0.0,A
4292,1026.8446407280862,1116.8323480524123,6,1,B,False,False,257.5291188240843,257.5291188240843,1.0,B
4293,714.8283077403903,1197.9065244086087,6,1,B,True,False,78.69337675217457,78.69337675217457,1.0,B
4294,824.7767728753388,681.5189039334655,6,1,B,True,False,64.83541635730727,64.83541635730727,1.0,B
4295,996.2076935917139,792.9285387508571,4,1,B,False,False,127.45263017525414,127.45263017525414,1.0,B
4296,714.6358913742006,760.7274278998375,1,1,A,True,False,-71.77798199636833,71.77798199636833,0.0,A
4297,1277.4089528247714,603.1686156056821,6,1,B,False,False,508.2883884640611,508.2883884640611,1.0,B
4298,117.97392647713423,765.6674073077738,2,1,A,False,False,-520.562404965547,520.562404965547,0.0,A
4299,658.7711255997419,327.98024732619524,6,1,A,True,False,-78.92469439067625,78.92469439067625,0.0,A
4300,1215.3501086868346,1297.5108562968671,6,1,B,False,False,469.65752048227296,469.65752048227296,1.0,B
4301,326.2761435471475,611.806736793369,7,1,A,False,False,-269.781826200159,269.781826200159,0.0,A
4302,114.15616516023874,925.5418865941465,8,1,A,False,False,-672.537282893379,672.537282893379,0.0,A
4303,1130.176772363484,452.45472248643637,5,1,B,False,False,398.26195702845513,398.26195702845513,1.0,B
4304,379.42789401859045,1365.928472019732,8,1,A,False,False,-233.2997143085916,233.2997143085916,0.0,A
4305,1141.4432795718312,958.0311910249293,6,1,B,False,False,244.87973505503203,244.87973505503203,1.0,B
4306,177.6539348065853,292.0802403241396,1,1,A,False,False,-461.65879832428857,461.65879832428857,0.0,A
4307,1378.84217267856,573.4252952970564,7,1,B,False,False,671.8063092186036,671.8063092186036,1.0,B
4308,852.4740315042436,907.0867043919861,6,1,A,True,True,-12.032739550716268,12.032739550716268,0.45,A
4309,608.7541105225682,1404.0165999904275,8,1,A,True,False,-99.07912589860462,99.07912589860462,0.0,A
4310,334.240285679698,755.8481879532337,2,1,A,False,False,-344.1622581536586,344.1622581536586,0.0,A
4311,1213.751488365233,125.09962543845177,4,1,B,False,False,322.2520629626548,322.2520629626548,1.0,B
4312,718.8881286419928,856.8480382673442,7,1,A,False,False,-147.2912766098474,147.2912766098474,0.0,A
4313,1422.491448931396,225.29644332826138,3,1,B,False,False,510.9135277236071,510.9135277236071,1.0,B
4314,630.7209776714444,1118.4816439636052,6,1,A,True,False,-37.59239730581987,37.59239730581987,0.15,A
4315,1037.3133597895503,1211.1491868272424,5,1,B,False,False,402.80992089295523,402.80992089295523,1.0,B
4316,876.0068868286908,427.14389925822616,3,1,B,False,False,155.98320074010513,155.98320074010513,1.0,B
4317,566.6359676979482,1109.676365274936,2,1,A,True,False,-89.5891187622073,89.5891187622073,0.0,A
4318,1307.1275800466537,76.16199413314462,7,1,B,False,False,369.45478662128556,369.45478662128556,1.0,B
4319,240.3475670143962,664.960480760783,1,1,A,False,False,-330.09744543652494,330.09744543652494,0.0,A
4320,369.3212689831853,813.4084660559893,7,1,A,False,False,-420.24041069801376,420.24041069801376,0.0,A
4321,345.44065687805414,1337.6546264626086,6,1,A,False,False,-251.74616139087286,251.74616139087286,0.0,A
4322,342.46307518333197,721.8558141030371,6,1,A,False,False,-296.2347054118397,296.2347054118397,0.0,A
4323,224.18337129056454,635.2505874820054,2,1,A,False,False,-341.82137436291436,341.82137436291436,0.0,A
4324,1118.0269857868552,883.7193455547094,3,1,B,False,False,247.51816701078866,247.51816701078866,1.0,B
4325,933.383344206959,508.3239432424307,7,1,B,False,False,298.2189143845915,298.2189143845915,1.0,B
4326,32.87695348262787,578.918858896941,1,1,A,False,False,-546.1509615088008,546.1509615088008,0.0,A
4327,417.3894692212343,1015.5713860876858,2,1,A,False,False,-257.61524500225875,257.61524500225875,0.0,A
4328,1114.9664679542184,56.649746373295784,8,1,B,False,False,223.26230575407237,223.26230575407237,1.0,B
4329,675.8232666179538,865.5349002219737,2,1,A,False,False,-192.93968267227922,192.93968267227922,0.0,A
4330,679.2946429923177,1341.333385091275,3,1,A,True,True,-7.60723340304998,7.60723340304998,0.45,B
4331,1005.4768309928477,1157.01334644109,8,1,B,False,False,301.07895915003587,301.07895915003587,1.0,B
4332,594.2512275651097,751.3772640377283,1,1,A,False,False,-150.5300628925154,150.5300628925154,0.0,A
4333,1305.6623633019626,357.8052897937596,3,1,B,False,False,384.28591293241044,384.28591293241044,1.0,B
4334,563.6512893252075,199.85614763572812,2,1,A,False,False,-295.1092524977968,295.1092524977968,0.0,A
4335,1282.9009699635208,20.759434439241886,7,1,B,False,False,350.6994110731587,350.6994110731587,1.0,B
4336,171.46076308563352,166.22160701081157,8,1,A,False,False,-695.6710751673411,695.6710751673411,0.0,A
4337,833.3592787384987,1323.8802538253367,6,1,B,False,False,122.11711323753333,122.11711323753333,1.0,B
4338,604.8010373488069,1272.3013046197593,8,1,A,True,False,-32.772211500062895,32.772211500062895,0.2,A
4339,872.0464180223644,548.2840058393776,2,1,B,False,False,233.6711625295998,233.6711625295998,1.0,B
4340,440.55042089894414,142.4279110506177,6,1,A,False,False,-405.27688209986076,405.27688209986076,0.0,A
4341,242.29425005614758,15.906988643109798,1,1,A,False,False,-359.0108180148357,359.0108180148357,0.0,A
4342,1390.5252059921622,1478.6574449390173,8,1,B,False,False,435.1719649932059,435.1719649932059,1.0,B
4343,960.2825618349016,790.1025549508631,8,1,B,True,False,99.07840782669352,99.07840782669352,1.0,B
4344,1456.230083014816,1374.2257123813033,4,1,B,False,False,506.4303239022477,506.4303239022477,1.0,B
4345,297.97377018257976,899.648099206388,7,1,A,False,False,-553.8407385057125,553.8407385057125,0.0,A
4346,1038.1553219631314,1223.5563187859952,6,1,B,False,False,408.1054975221718,408.1054975221718,1.0,B
4347,1474.2736746557057,472.5185874849558,3,1,B,False,False,746.7543829286518,746.7543829286518,1.0,B
4348,432.6842478476465,153.92238087952137,5,1,A,False,False,-426.5117364572351,426.5117364572351,0.0,A
4349,904.2209694162011,664.5728289149702,8,1,B,False,False,134.02301029578504,134.02301029578504,1.0,B
4350,756.2484643422067,1409.9902887828648,4,1,A,True,True,-3.066871769800196,3.066871769800196,0.45,A
4351,195.6308400258422,179.35051722452044,1,1,A,False,False,-673.6823106280544,673.6823106280544,0.0,A
4352,748.1364207342267,1064.000241458416,8,1,B,True,True,9.003268627979553,9.003268627979553,0.6,A
4353,1162.3222050257027,737.8296428360045,4,1,B,False,False,261.2461294752793,261.2461294752793,1.0,B
4354,534.6096684224904,1157.318296842277,5,1,A,False,False,-99.55018672993262,99.55018672993262,0.0,A
4355,323.3359926380217,264.3479551188648,6,1,A,False,False,-403.35192168047985,403.35192168047985,0.0,A
4356,1209.5456505194306,260.11670054867864,5,1,B,False,False,299.0094266842697,299.0094266842697,1.0,B
4357,142.5622603856027,693.2618510909379,2,1,A,False,False,-408.75777536080255,408.75777536080255,0.0,A
4358,1341.3030481897295,832.6351731084287,3,1,B,False,False,445.5850091045366,445.5850091045366,1.0,B
4359,1388.3735141716897,506.002492737025,7,1,B,False,False,744.301872175241,744.301872175241,1.0,B
4360,998.2671327888966,272.9888269677758,5,1,B,False,False,132.18027528534827,132.18027528534827,1.0,B
4361,364.3263168632984,234.37719326466322,6,1,A,False,False,-428.98853128059386,428.98853128059386,0.0,A
4362,1128.2642050646245,383.70389118790627,7,1,B,False,False,288.65485284484214,288.65485284484214,1.0,B
4363,877.8739403933287,1010.9100504778326,1,1,B,True,False,60.90432418300287,60.90432418300287,1.0,A
4364,546.1744708009064,126.87395419925451,7,1,A,False,False,-285.1491017449611,285.1491017449611,0.0,A
4365,547.8972578421235,1437.3846114613116,6,1,A,False,False,-169.40086987163755,169.40086987163755,0.0,A
4366,482.429591473192,133.74050008133054,8,1,A,False,False,-353.5202723531072,353.5202723531072,0.0,A
4367,970.1154087670147,347.610576543957,4,1,B,False,False,148.030571646339,148.030571646339,1.0,B
4368,903.778990264982,733.5185674019158,4,1,B,True,False,82.40031680015562,82.40031680015562,1.0,B
4369,294.3963878788054,920.5656149424613,6,1,A,False,False,-520.006283193145,520.006283193145,0.0,A
4370,306.232089176774,1073.6480802297592,8,1,A,False,False,-288.1878766820753,288.1878766820753,0.0,A
4371,1476.1292450129986,999.9353257007897,8,1,B,False,False,483.7489090326393,483.7489090326393,1.0,B
4372,951.6575918532908,967.1880276873708,5,1,B,True,False,94.37645951121172,94.37645951121172,1.0,B
4373,980.6966898031533,67.07745837047696,5,1,B,False,False,121.69931669531975,121.69931669531975,1.0,B
4374,529.1106007061899,1210.3903577663004,2,1,A,False,False,-100.9236180399817,100.9236180399817,0.0,A
4375,1036.9244017638266,137.5485397875309,6,1,B,False,False,163.62010365068838,163.62010365068838,1.0,B
4376,1074.0459118969738,1258.1276544369757,7,1,B,False,False,418.4373022065711,418.4373022065711,1.0,B
4377,1056.42158864066,907.1765262633562,7,1,B,False,False,182.97500686741841,182.97500686741841,1.0,B
4378,126.31777301430702,1119.3150482140481,2,1,A,False,False,-416.67818219849875,416.67818219849875,0.0,A
4379,1390.8293140120804,632.4588102288544,8,1,B,False,False,531.0461728728369,531.0461728728369,1.0,B
4380,1270.6039384938776,323.66406032815576,3,1,B,False,False,340.13722186591923,340.13722186591923,1.0,B
4381,180.48371002078056,520.9191120229661,5,1,A,False,False,-449.2474113769008,449.2474113769008,0.0,A
4382,277.27234549820423,1233.8972864672542,5,1,A,False,False,-351.8136495609666,351.8136495609666,0.0,A
4383,1284.2922890558839,176.79937602952123,5,1,B,False,False,414.2452658555214,414.2452658555214,1.0,B
4384,732.334106694907,1169.3604500032961,6,1,B,True,False,77.92084510830098,77.92084510830098,1.0,B
4385,1470.0857028365135,1195.8945030346513,6,1,B,False,False,805.4250430671477,805.4250430671477,1.0,B
4386,1053.8866901770234,51.75431678071618,3,1,B,False,False,180.169221216206,180.169221216206,1.0,B
4387,164.32532714679837,219.07054726034403,1,1,A,False,False,-643.2048971021748,643.2048971021748,0.0,A
4388,114.37524855136871,651.2297778390348,5,1,A,False,False,-418.57002268225284,418.57002268225284,0.0,A
4389,340.9913135692477,215.00926231965423,6,1,A,False,False,-487.58599764679326,487.58599764679326,0.0,A
4390,1189.7429027594626,1103.9566425606608,5,1,B,False,False,358.7391193570982,358.7391193570982,1.0,B
4391,620.9003487601876,1359.298481605947,4,1,A,True,False,-60.788849404622546,60.788849404622546,0.0,A
4392,736.2945755012333,1235.7548768632114,3,1,B,False,False,105.17060057758205,105.17060057758205,1.0,B
4393,1403.845903929323,760.9774474985898,7,1,B,False,False,435.27745653770313,435.27745653770313,1.0,B
4394,20.888387225568295,614.5134433172643,5,1,A,False,False,-510.3864577460969,510.3864577460969,0.0,A
4395,222.40350348874927,158.02844753488898,5,1,A,False,False,-637.7439835027227,637.7439835027227,0.0,A
4396,948.4119834378362,1239.344822242856,4,1,B,False,False,314.42564115051624,314.42564115051624,1.0,B
4397,324.00039257481694,638.5838259011507,2,1,A,False,False,-267.5773027591735,267.5773027591735,0.0,A
4398,637.6117723993957,1420.8477563224733,2,1,A,True,False,-92.5205855367866,92.5205855367866,0.0,A
4399,1137.5228301621974,1375.1901215873659,3,1,B,False,False,285.4608807689821,285.4608807689821,1.0,B
4400,616.2523124366999,66.27530185505748,6,1,A,False,False,-149.98924633926805,149.98924633926805,0.0,A
4401,1100.3752830438316,921.049028635025,4,1,B,False,False,220.71031422143912,220.71031422143912,1.0,B
4402,230.36827147006989,1479.927592445165,2,1,A,False,False,-464.7271889859782,464.7271889859782,0.0,A
4403,1394.8058327659965,1148.3144760131836,8,1,B,False,False,608.6430732120325,608.6430732120325,1.0,B
4404,1438.0273497663438,540.904704015702,4,1,B,False,False,797.4963813576767,797.4963813576767,1.0,B
4405,214.7583863697946,1251.0315799154341,5,1,A,False,False,-406.0648999012593,406.0648999012593,0.0,A
4406,902.7635799720883,274.84347531571984,5,1,B,True,False,59.547222359838656,59.547222359838656,1.0,B
4407,378.1269765459001,1471.9862756319344,2,1,A,False,False,-336.7335627409341,336.7335627409341,0.0,A
4408,1400.6954063661397,298.44057094305754,1,1,B,False,False,429.9358284742162,429.9358284742162,1.0,B
4409,1450.234001968056,985.0498018786311,7,1,B,False,False,471.5635598686623,471.5635598686623,1.0,B
4410,766.0431023687124,658.9632388204336,5,1,B,True,False,41.79543120086212,41.79543120086212,0.95,B
4411,944.4934115745127,906.3764875754714,6,1,B,True,False,75.89344495128117,75.89344495128117,1.0,B
4412,105.73885403573513,884.1085005551577,8,1,A,False,False,-760.9220635854505,760.9220635854505,0.0,A
4413,1331.4511366188526,899.8087272047997,1,1,B,False,False,451.80704921812304,451.80704921812304,1.0,B
4414,402.2520398721099,797.0541785471141,6,1,A,False,False,-361.18135972878315,361.18135972878315,0.0,A
4415,76.28738600760698,1499.8879129998386,1,1,A,False,False,-636.8671061274571,636.8671061274571,0.0,A
4416,1006.9341757334769,907.9533442854881,5,1,B,False,False,135.6179853292364,135.6179853292364,1.0,B
4417,814.8138765245676,466.24478604644537,7,1,B,False,False,148.14248609499498,148.14248609499498,1.0,B
4418,591.7863780632615,842.2155249863863,1,1,A,False,False,-260.63231440252554,260.63231440252554,0.0,A
4419,1079.5265967026353,645.6001773476601,8,1,B,False,False,279.54656518076354,279.54656518076354,1.0,B
4420,505.0612441264093,701.904896646738,5,1,A,False,False,-168.06182829801824,168.06182829801824,0.0,A
4421,1071.3445907458663,460.41273325681686,4,1,B,False,False,363.22224834178536,363.22224834178536,1.0,B
4422,962.3173414729536,40.83934938535094,1,1,B,False,False,119.38617393779487,119.38617393779487,1.0,B
4423,1185.2950947359204,111.29542160779238,5,1,B,False,False,288.8901307509695,288.8901307509695,1.0,B
4424,701.9884642213583,2.916784957051277,5,1,A,True,False,-34.81007764426082,34.81007764426082,0.0,A
4425,249.57031616941094,149.69705790281296,1,1,A,False,False,-599.9543874743514,599.9543874743514,0.0,A
4426,1475.2566847018898,207.61400135233998,5,1,B,False,False,582.8540978216622,582.8540978216622,1.0,B
4427,60.03176607191563,722.4731119349599,1,1,A,False,False,-491.12511061845413,491.12511061845413,0.0,A
4428,529.733672272414,1224.2622412741184,8,1,A,False,False,-100.26640831610453,100.26640831610453,0.0,A
4429,525.7687121629715,1356.5283087082207,2,1,A,False,False,-126.52274158016202,126.52274158016202,0.0,A
4430,437.6900643110275,529.8150996677577,5,1,A,False,False,-192.2139561002963,192.2139561002963,0.0,A
4431,988.0598983727396,569.6590156294405,7,1,B,False,False,321.31964467127915,321.31964467127915,1.0,B
4432,267.0644433237612,1025.7983836345375,6,1,A,False,False,-350.58014050813057,350.58014050813057,0.0,A
4433,559.5693388022482,1095.6933656707406,7,1,A,False,False,-101.43818504260247,101.43818504260247,0.0,A
4434,1394.8285169899464,152.07610465586185,8,1,B,False,False,515.0353736841248,515.0353736841248,1.0,B
4435,308.3393778651953,758.8287969119847,1,1,A,False,False,-367.6152774377367,367.6152774377367,0.0,A
4436,859.9288430996239,949.0362843498588,5,1,B,True,True,12.882252104161696,12.882252104161696,0.7,B
4437,878.8610589690506,1495.6204849295318,6,1,B,True,False,31.114421404242837,31.114421404242837,0.85,B
4438,550.7507370784879,392.36917393282056,1,1,A,False,False,-109.3841404390654,109.3841404390654,0.0,A
4439,1139.973976649344,1476.625086273998,6,1,B,False,False,241.1935041381305,241.1935041381305,1.0,B
4440,622.7525342255831,1293.7222165055573,1,1,A,True,False,-24.921149549766863,24.921149549766863,0.2,A
4441,260.578993242234,1202.4868573062122,8,1,A,False,False,-363.46647269154835,363.46647269154835,0.0,A
4442,477.36171539872885,1238.9230728149414,6,1,A,False,False,-152.208441040649,152.208441040649,0.0,A
4443,235.88688718155026,1312.0101517997682,5,1,A,False,False,-341.7472577007075,341.7472577007075,0.0,A
4444,1064.1890871338546,1188.3607087656856,4,1,B,False,False,404.008668805892,404.008668805892,1.0,B
4445,1366.6674359701574,1224.057661369443,8,1,B,False,False,736.6325726143183,736.6325726143183,1.0,B
4446,198.4348800033331,1053.438298869878,6,1,A,False,False,-372.8526873838797,372.8526873838797,0.0,A
4447,835.3298683650792,265.4942278750241,6,1,B,True,True,2.1963462877816458,2.1963462877816458,0.45,B
4448,577.5443008169532,178.6749023012817,7,1,A,False,False,-292.2061122697667,292.2061122697667,0.0,A
4449,247.03446915373206,1059.786488302052,1,1,A,False,False,-335.74206271414664,335.74206271414664,0.0,A
4450,1445.3658987767994,1223.186619579792,3,1,B,False,False,815.2247340432237,815.2247340432237,1.0,B
4451,1169.0364740788937,564.2109839245677,3,1,B,False,False,498.42826147886973,498.42826147886973,1.0,B
4452,3.9981426671147346,132.56924785673618,6,1,A,False,False,-795.9740295170543,795.9740295170543,0.0,A
4453,1275.617551524192,95.9942084737122,6,1,B,False,False,355.75969479935594,355.75969479935594,1.0,B
4454,599.6065428480506,1491.1341383121908,2,1,A,False,False,-191.6191620622747,191.6191620622747,0.0,A
4455,153.21148792281747,1377.7418858371675,8,1,A,False,False,-394.0323065557858,394.0323065557858,0.0,A
4456,387.3860682360828,579.2873036116362,1,1,A,False,False,-229.09436006855617,229.09436006855617,0.0,A
4457,475.6383919157088,1389.3792908638716,6,1,A,False,False,-179.33678596660744,179.33678596660744,0.0,A
4458,730.1818099804223,541.9324329122901,5,1,B,True,False,97.5104230728379,97.5104230728379,1.0,B
4459,622.9129107668996,39.67599431052804,5,1,A,False,False,-118.88023045829247,118.88023045829247,0.0,A
4460,657.421144656837,399.6220766566694,1,1,A,True,False,-29.313482315334543,29.313482315334543,0.15,A
4461,1388.7702324427664,1137.9103437066078,6,1,B,False,False,576.6955073630461,576.6955073630461,1.0,B
4462,952.7571871876717,1127.454613801092,7,1,B,False,False,215.47013513554597,215.47013513554597,1.0,B
4463,542.4433378502727,595.6831150688231,2,1,A,True,False,-93.48136726047866,93.48136726047866,0.0,A
4464,1032.8905954957008,266.6022344492376,5,1,B,False,False,157.95749058355392,157.95749058355392,1.0,B
4465,1223.7922414205968,1143.7963088974357,6,1,B,False,False,457.7030450169147,457.7030450169147,1.0,B
4466,309.4802345149219,431.60377722233534,2,1,A,False,False,-281.2089303540875,281.2089303540875,0.0,A
4467,496.84521462768316,1326.6798960976303,5,1,A,False,False,-136.81997546738364,136.81997546738364,0.0,A
4468,1046.2440764531493,1170.0231260620058,4,1,B,False,False,358.01992172133595,358.01992172133595,1.0,B
4469,465.7876677811146,1293.9958591014147,7,1,A,False,False,-158.13378337197034,158.13378337197034,0.0,A
4470,196.89709413796663,317.9680905304849,6,1,A,False,False,-408.3918190100203,408.3918190100203,0.0,A
4471,1173.438012599945,329.1180208325386,3,1,B,False,False,275.4675838708343,275.4675838708343,1.0,B
4472,1485.9364964067936,1201.9604654051363,7,1,B,False,False,833.2440483981385,833.2440483981385,1.0,B
4473,1403.4365164116025,341.24600468203425,4,1,B,False,False,438.90649850167677,438.90649850167677,1.0,B
4474,573.97376652807,1183.4655669517815,7,1,A,True,False,-59.82969688348946,59.82969688348946,0.0,A
4475,1247.8059232234955,621.1864203214645,5,1,B,False,False,445.5365898083716,445.5365898083716,1.0,B
4476,1143.1854637339711,1426.8126427195966,3,1,B,False,False,251.93020056709406,251.93020056709406,1.0,B
4477,855.5708848871291,568.4258434921503,6,1,B,False,False,200.430773708118,200.430773708118,1.0,B
4478,858.1602880731225,381.21349224820733,3,1,B,True,False,98.20513901530087,98.20513901530087,1.0,B
4479,235.08484242483974,1008.5667902603745,8,1,A,False,False,-394.2474884758923,394.2474884758923,0.0,A
4480,545.7772370427847,1021.131495013833,8,1,A,False,False,-162.76606691006904,162.76606691006904,0.0,A
4481,1204.9429924227297,1390.523276757449,6,1,B,False,False,317.0883755122471,317.0883755122471,1.0,B
4482,1319.5928195491433,1050.4030035808682,5,1,B,False,False,387.8391971793786,387.8391971793786,1.0,B
4483,1252.309556119144,804.0133737958968,5,1,B,False,False,341.7157696958134,341.7157696958134,1.0,B
4484,1325.4068344831467,1495.2282230369747,4,1,B,False,False,395.91746250451587,395.91746250451587,1.0,B
4485,1170.3184386715293,482.6891105622053,3,1,B,False,False,493.85211963932767,493.85211963932767,1.0,B
4486,1420.7930210977793,815.2256375178695,8,1,B,False,False,497.2664860997273,497.2664860997273,1.0,B
4487,265.5617748387158,655.7737221010029,2,1,A,False,False,-310.77368731848793,310.77368731848793,0.0,A
4488,1238.4509299881756,94.64640682563186,4,1,B,False,False,324.6029038269578,324.6029038269578,1.0,B
4489,567.6047299057245,627.872000914067,2,1,A,True,False,-83.4501295995741,83.4501295995741,0.0,A
4490,1410.5165633372962,261.73113053664565,8,1,B,False,False,458.6595698111906,458.6595698111906,1.0,B
4491,1446.5810945257545,145.96690004691482,8,1,B,False,False,559.4857377502784,559.4857377502784,1.0,B
4492,428.26796416193247,885.4062273167074,2,1,A,False,False,-438.999124305752,438.999124305752,0.0,A
4493,307.68184270709753,1018.2588687166572,2,1,A,False,False,-330.9928452572822,330.9928452572822,0.0,A
4494,20.391305442899466,1475.7745270617306,7,1,A,False,False,-617.2310315425193,617.2310315425193,0.0,A
4495,344.3575263954699,912.7152292057872,2,1,A,False,False,-488.51730118775305,488.51730118775305,0.0,A
4496,1465.0338082574308,780.2712097764015,8,1,B,False,False,494.2453825693606,494.2453825693606,1.0,B
4497,518.4667655266821,72.55832897499204,8,1,A,False,False,-231.08257290159486,231.08257290159486,0.0,A
4498,313.8565616682172,358.5642082616687,7,1,A,False,False,-290.93651260571875,290.93651260571875,0.0,A
4499,353.37132727727294,85.36465186625719,1,1,A,False,False,-379.07150705024475,379.07150705024475,0.0,A
4500,441.4927437901497,1325.9972794912755,6,1,A,False,False,-178.8660230171152,178.8660230171152,0.0,A
4501,855.0845235586166,588.0046798847616,8,1,B,False,False,178.761326523357,178.761326523357,1.0,B
4502,706.4738245680928,1378.0118473805487,5,1,A,True,True,-13.747540740237875,13.747540740237875,0.3,B
4503,209.92752816528082,897.1391092054546,8,1,A,False,False,-643.3275284431883,643.3275284431883,0.0,A
4504,448.0163552798331,41.560202836990356,2,1,A,False,False,-244.0885963826141,244.0885963826141,0.0,A
4505,221.1254769936204,51.956428214907646,8,1,A,False,False,-420.0074851201674,420.0074851201674,0.0,A
4506,1149.6668583713472,133.8524892926216,6,1,B,False,False,268.1972177812574,268.1972177812574,1.0,B
4507,1184.9608928896487,298.53182611986995,3,1,B,False,False,274.6132059733129,274.6132059733129,1.0,B
4508,1161.2391276285052,550.0913020223379,5,1,B,False,False,513.5600931325035,513.5600931325035,1.0,B
4509,1315.6745438463986,310.845491476357,3,1,B,False,False,368.69597929568965,368.69597929568965,1.0,B
4510,617.5592229701579,148.90481159090996,2,1,A,False,False,-241.72499784026874,241.72499784026874,0.0,A
4511,181.33041635155678,1035.6989395804703,8,1,A,False,False,-399.1264839356669,399.1264839356669,0.0,A
4512,962.0286533609033,1108.0301315523684,3,1,B,False,False,198.5679216183552,198.5679216183552,1.0,B
4513,1478.1152992509305,61.75514403730631,8,1,B,False,False,490.37599389879625,490.37599389879625,1.0,B
4514,1223.342863842845,954.186201095581,3,1,B,False,False,312.8719855119386,312.8719855119386,1.0,B
4515,847.636220511049,1188.2709148339927,6,1,B,False,False,199.3984487430186,199.3984487430186,1.0,B
4516,763.2352290675044,765.5561026185751,8,1,A,True,False,-39.75045644992953,39.75045644992953,0.05,A
4517,25.402148254215717,178.89235820621252,6,1,A,False,False,-843.9275024327064,843.9275024327064,0.0,A
4518,467.4550574272871,1005.1573561504483,8,1,A,False,False,-234.0752070068194,234.0752070068194,0.0,A
4519,1275.3705787472427,352.56616305559874,8,1,B,False,False,359.3859927688163,359.3859927688163,1.0,B
4520,1269.089718349278,1494.6366408839822,6,1,B,False,False,349.5644847387378,349.5644847387378,1.0,B
4521,1253.6506396718323,381.57639373093843,7,1,B,False,False,373.43526764168655,373.43526764168655,1.0,B
4522,903.3810468390584,1164.8530731908977,3,1,B,False,False,224.23753340857138,224.23753340857138,1.0,B
4523,1365.0312633253634,1011.7794689722359,4,1,B,False,False,403.44500137411933,403.44500137411933,1.0,B
4524,2.5411807000637054,72.23580870777369,2,1,A,False,False,-622.1096173366508,622.1096173366508,0.0,A
4525,765.5648379586637,103.1508045271039,6,1,A,True,False,-67.43204157807018,67.43204157807018,0.0,A
4526,999.5473916642368,713.538730982691,6,1,B,False,False,160.52554922776994,160.52554922776994,1.0,B
4527,1459.66275036335,671.6999444179237,6,1,B,False,False,512.1211211039299,512.1211211039299,1.0,B
4528,706.3995525240898,1168.3864602819085,7,1,B,True,False,54.23875040536827,54.23875040536827,1.0,B
4529,500.079408288002,327.5227784179151,1,1,A,False,False,-188.4464316223583,188.4464316223583,0.0,A
4530,35.00482253730297,206.10730536282063,8,1,A,False,False,-796.0138261561576,796.0138261561576,0.0,A
4531,86.99700515717268,557.4507317505777,1,1,A,False,False,-523.5815701088698,523.5815701088698,0.0,A
4532,1272.5646360777318,956.9664811715484,4,1,B,False,False,351.40310847260764,351.40310847260764,1.0,B
4533,1127.933096140623,1258.834092412144,6,1,B,False,False,468.72554128197874,468.72554128197874,1.0,B
4534,1244.8541717603803,278.03955785930157,4,1,B,False,False,320.405425864214,320.405425864214,1.0,B
4535,255.7973857037723,451.7473694868386,6,1,A,False,False,-333.45675890288,333.45675890288,0.0,A
4536,12.81611854210496,1398.4055905602872,7,1,A,False,False,-500.428052746364,500.428052746364,0.0,A
4537,834.7075148485601,245.21318916231394,6,1,A,True,True,-10.333293216979765,10.333293216979765,0.4,B
4538,1429.102195892483,1177.8485267423093,3,1,B,False,False,721.1045714353221,721.1045714353221,1.0,B
4539,1021.8233289197087,353.141306899488,3,1,B,False,False,187.28634968321208,187.28634968321208,1.0,B
4540,885.7941473834217,1331.0063369572163,3,1,B,False,False,154.45576472317407,154.45576472317407,1.0,B
4541,123.46582487225533,1255.2335355430841,5,1,A,False,False,-490.87461585212753,490.87461585212753,0.0,A
4542,126.64152542129159,28.68477115407586,1,1,A,False,False,-452.869453221197,452.869453221197,0.0,A
4543,1284.077029209584,489.4779659807682,4,1,B,False,False,613.9754865964902,613.9754865964902,1.0,B
4544,589.1966172493994,1029.4513986445963,7,1,A,False,False,-125.52105777663535,125.52105777663535,0.0,A
4545,1155.4664857685566,1358.223038725555,8,1,B,False,False,317.42596506973905,317.42596506973905,1.0,B
4546,565.5450113117695,1142.1352671459317,6,1,A,True,False,-77.68201046743123,77.68201046743123,0.0,A
4547,1130.8468133211136,570.965111721307,1,1,B,False,False,450.55118444596377,450.55118444596377,1.0,B
4548,463.7285862118006,685.9825984574854,5,1,A,False,False,-185.3144920519933,185.3144920519933,0.0,A
4549,893.5758769512177,638.7529950588942,3,1,B,False,False,151.92306168764432,151.92306168764432,1.0,B
4550,1385.4458802379668,112.33817925676703,4,1,B,False,False,462.99182065085944,462.99182065085944,1.0,B
4551,246.37439427897334,1000.4153824411333,2,1,A,False,False,-398.1462061579045,398.1462061579045,0.0,A
4552,999.2919196374714,501.3241181150079,8,1,B,False,False,357.4831359243091,357.4831359243091,1.0,B
4553,1257.3815449140966,448.73923994600773,6,1,B,False,False,496.19984645025045,496.19984645025045,1.0,B
4554,658.4613877348602,939.3917969428003,2,1,A,False,False,-165.51513179877654,165.51513179877654,0.0,A
4555,1495.7396336831152,415.3137537650764,6,1,B,False,False,604.4740000294343,604.4740000294343,1.0,B
4556,1205.142555758357,943.1081833317876,8,1,B,False,False,303.5515084658512,303.5515084658512,1.0,B
4557,340.73116863146424,406.4445015974343,1,1,A,False,False,-255.54632991997008,255.54632991997008,0.0,A
4558,651.5656351111829,1092.7872718311846,6,1,A,True,False,-37.83598041781064,37.83598041781064,0.1,A
4559,87.8375368192792,382.35743064433336,1,1,A,False,False,-436.8736891422116,436.8736891422116,0.0,A
4560,1310.0222144275904,864.4130551256239,3,1,B,False,False,438.28057530030367,438.28057530030367,1.0,B
4561,482.91044449433684,1493.9141585491598,8,1,A,False,False,-289.93524522947484,289.93524522947484,0.0,A
4562,430.35156559199095,1259.6357949078083,1,1,A,False,False,-195.08389339973434,195.08389339973434,0.0,A
4563,863.7043191120028,1230.2621179260314,6,1,B,False,False,233.26902519799881,233.26902519799881,1.0,B
4564,934.4470929354429,1425.3340805880725,3,1,B,False,False,108.58066052706886,108.58066052706886,1.0,B
4565,69.47816116735339,496.58368108794093,6,1,A,False,False,-544.6495734841205,544.6495734841205,0.0,A
4566,1134.4489376060665,1227.6712954044342,6,1,B,False,False,504.2463351256995,504.2463351256995,1.0,B
4567,1468.1100728921592,154.26142886281013,7,1,B,False,False,588.6016561570951,588.6016561570951,1.0,B
4568,200.22287545725703,907.2884344495833,7,1,A,False,False,-635.3530816604778,635.3530816604778,0.0,A
4569,1278.2480539754033,706.4839610829949,6,1,B,False,False,354.9856853293942,354.9856853293942,1.0,B
4570,786.1440111882985,680.171437561512,5,1,B,True,False,39.37957400734731,39.37957400734731,1.0,B
4571,1025.8575472980738,324.1476737894118,3,1,B,False,False,171.36425497802404,171.36425497802404,1.0,B
4572,371.727857273072,661.0373896546662,6,1,A,False,False,-236.9885872611618,236.9885872611618,0.0,A
4573,407.77611499652267,440.7725944183767,5,1,A,False,False,-205.0157437560881,205.0157437560881,0.0,A
4574,1496.7815894633532,1332.3123548179865,3,1,B,False,False,610.7241217681426,610.7241217681426,1.0,B
4575,1018.4146701358259,601.3174331746995,8,1,B,False,False,298.5981856786439,298.5981856786439,1.0,B
4576,64.92514070123434,1275.1257196068764,2,1,A,False,False,-522.528098764333,522.528098764333,0.0,A
4577,882.2878561913967,594.023521989584,1,1,B,False,False,194.98676022201008,194.98676022201008,1.0,B
4578,69.26433462649584,148.81821814924479,8,1,A,False,False,-773.4806655822239,773.4806655822239,0.0,A
4579,67.4173696897924,1482.5264560058713,5,1,A,False,False,-597.7367772412297,597.7367772412297,0.0,A
4580,735.8598564751446,344.32639041915536,6,1,A,True,True,-13.78647477812342,13.78647477812342,0.4,B
4581,59.078996535390615,1420.9965141490102,1,1,A,False,False,-490.02972499313137,490.02972499313137,0.0,A
4582,450.68045938387513,645.48473758623,2,1,A,False,False,-176.05066891836324,176.05066891836324,0.0,A
4583,7.728778291493654,1215.3273029252887,6,1,A,False,False,-620.0246834587143,620.0246834587143,0.0,A
4584,964.2635397613049,95.39877763018012,4,1,B,False,False,100.99317557697736,100.99317557697736,1.0,B
4585,1150.445690844208,827.438801061362,6,1,B,False,False,265.96348120735854,265.96348120735854,1.0,B
4586,354.28645508363843,355.82829639315605,2,1,A,False,False,-265.16304336272475,265.16304336272475,0.0,A
4587,1192.1078623272479,69.16937325149775,3,1,B,False,False,280.0308120443184,280.0308120443184,1.0,B
4588,1393.2013004086912,1270.0197016820312,1,1,B,False,False,693.8745464415284,693.8745464415284,1.0,B
4589,67.16720201075077,389.2900343053043,2,1,A,False,False,-451.0790815719293,451.0790815719293,0.0,A
4590,164.12577778100967,613.9229047112167,2,1,A,False,False,-397.5876810782257,397.5876810782257,0.0,A
4591,1094.9342376552522,80.76662197709084,6,1,B,False,False,206.58122283071555,206.58122283071555,1.0,B
4592,1103.233718778938,1059.5837677828968,5,1,B,False,False,247.84161016769912,247.84161016769912,1.0,B
4593,117.85932909697294,624.244614969939,1,1,A,False,False,-426.7725008544082,426.7725008544082,0.0,A
4594,1385.3376558981836,371.4742809534073,5,1,B,False,False,452.3947337400672,452.3947337400672,1.0,B
4595,641.9005058705807,1000.0530146062374,2,1,A,False,False,-114.88999199437947,114.88999199437947,0.0,A
4596,1291.3201921619475,566.0080262459815,4,1,B,False,False,609.130919077975,609.130919077975,1.0,B
4597,4.3326071463525295,1015.2016868814826,8,1,A,False,False,-546.4681441034788,546.4681441034788,0.0,A
4598,383.7465369142592,652.3953163996339,6,1,A,False,False,-226.03459441463426,226.03459441463426,0.0,A
4599,1143.4377478435636,162.03192668035626,6,1,B,False,False,272.12881776335126,272.12881776335126,1.0,B
4600,925.8591863326728,1066.1071655340493,4,1,B,False,False,132.1538212537275,132.1538212537275,1.0,B
4601,1205.5347827263176,158.74896571040154,3,1,B,False,False,332.75570850003515,332.75570850003515,1.0,B
4602,671.4291223324835,951.246761251241,6,1,A,False,False,-141.79427444527545,141.79427444527545,0.0,A
4603,152.80907694250345,871.1314704269171,5,1,A,False,False,-716.6177295956895,716.6177295956895,0.0,A
4604,645.4035588540137,1408.99556921795,5,1,A,True,False,-77.88733404870949,77.88733404870949,0.0,A
4605,343.28871220350266,747.9004701599479,8,1,A,False,False,-326.35239548320646,326.35239548320646,0.0,A
4606,9.094704408198595,1463.9209932647645,2,1,A,False,False,-597.7442157111213,597.7442157111213,0.0,A
4607,958.4323726594448,977.5432962924242,6,1,B,False,False,103.08314548086862,103.08314548086862,1.0,B
4608,2.3808544501662254,1255.9870770201087,5,1,A,False,False,-606.2735169914836,606.2735169914836,0.0,A
4609,1265.5743942596018,1041.602360084653,3,1,B,False,False,345.1667769888362,345.1667769888362,1.0,B
4610,452.4856503121555,1336.7649489082396,1,1,A,False,False,-172.48184741075005,172.48184741075005,0.0,A
4611,661.3398087210953,76.17733860388398,5,1,A,False,False,-126.24413812716047,126.24413812716047,0.0,A
4612,1274.7017084620893,200.90803457424045,4,1,B,False,False,395.9162016545727,395.9162016545727,1.0,B
4613,3.2263845205307007,1235.1594069041312,6,1,A,False,False,-624.2763063136782,624.2763063136782,0.0,A
4614,570.540928747505,30.871609691530466,6,1,A,False,False,-147.43064671788522,147.43064671788522,0.0,A
4615,417.5566043704748,157.93794253841043,3,1,A,False,False,-445.07056480092916,445.07056480092916,0.0,A
4616,670.1711481437087,170.937180519104,5,1,A,False,False,-199.59521405620066,199.59521405620066,0.0,A
4617,1285.8946798369288,1077.5978788733482,6,1,B,False,False,390.99798045877844,390.99798045877844,1.0,B
4618,1399.6974877081811,473.3206769451499,4,1,B,False,False,681.9568254092965,681.9568254092965,1.0,B
4619,1042.29656746611,548.1942091137171,8,1,B,False,False,399.91453760559847,399.91453760559847,1.0,B
4620,864.9555528536439,1459.9275891669095,2,1,B,True,False,39.25550157150113,39.25550157150113,0.9,A
4621,693.7393862754107,1358.5191825404763,8,1,A,True,True,-8.899091074397635,8.899091074397635,0.35,B
4622,48.19005494937301,165.4645730741322,1,1,A,False,False,-817.9107438743229,817.9107438743229,0.0,A
4623,1166.5397551842034,403.22751738131046,3,1,B,False,False,340.8843317100695,340.8843317100695,1.0,B
4624,1170.7832836546004,774.4366368278861,6,1,B,False,False,264.55148830439344,264.55148830439344,1.0,B
4625,420.11892842128873,747.3965920507908,1,1,A,False,False,-270.8275547259841,270.8275547259841,0.0,A
4626,1297.8744450956583,873.6631013453007,4,1,B,False,False,427.8473488968989,427.8473488968989,1.0,B
4627,151.3585578650236,142.04361056908965,1,1,A,False,False,-680.6622461930433,680.6622461930433,0.0,A
4628,1298.6446944996715,477.3121071048081,6,1,B,False,False,600.5274952646466,600.5274952646466,1.0,B
4629,1378.5651717334986,1.1305022053420544,5,1,B,False,False,426.8497271398261,426.8497271398261,1.0,B
4630,867.8364716470242,63.05828969925642,2,1,B,True,False,39.57420984220807,39.57420984220807,0.95,A
4631,64.44124784320593,572.6018082350492,3,1,A,False,False,-526.3000968655512,526.3000968655512,0.0,A
4632,854.8864354379475,246.0870360955596,3,1,B,True,True,7.151814241683236,7.151814241683236,0.55,B
4633,190.6322529539466,976.9989713095129,8,1,A,False,False,-480.9602146981014,480.9602146981014,0.0,A
4634,817.3410552553833,654.0316692553461,3,1,B,True,False,82.18729008842192,82.18729008842192,1.0,B
4635,966.9314101338387,186.23685976490378,5,1,B,True,False,96.97261733541468,96.97261733541468,1.0,B
4636,1127.5046146474779,936.874923761934,5,1,B,False,False,239.59641634945845,239.59641634945845,1.0,B
4637,900.2174693159759,764.3778487108648,5,1,B,True,False,62.86496187817657,62.86496187817657,1.0,B
4638,1289.0134924091399,1120.4834268428385,8,1,B,False,False,460.4938723854473,460.4938723854473,1.0,B
4639,923.2278764247894,1294.9707442894578,4,1,B,False,False,228.42490674496142,228.42490674496142,1.0,B
4640,563.0876161158085,1006.7772720940411,6,1,A,False,False,-164.5085150116901,164.5085150116901,0.0,A
4641,801.6216801479459,1142.64981681481,5,1,B,False,False,113.55820367944762,113.55820367944762,1.0,B
4642,962.1036238968372,851.5155287459493,6,1,B,True,False,92.44123213862954,92.44123213862954,1.0,B
4643,965.5923563987017,1087.2011063620448,4,1,B,False,False,178.67558479389328,178.67558479389328,1.0,B
4644,324.9162300489843,555.7226305827498,2,1,A,False,False,-297.1037203619116,297.1037203619116,0.0,A
4645,902.1532014012337,1102.1953071467578,3,1,B,False,False,148.77240699551206,148.77240699551206,1.0,B
4646,32.368892803788185,870.3549541532993,1,1,A,False,False,-836.6840073229341,836.6840073229341,0.0,A
4647,34.49813649058342,1250.5142851732671,8,1,A,False,False,-581.5025062770613,581.5025062770613,0.0,A
4648,366.67641811072826,558.7560385465622,7,1,A,False,False,-255.8985948916447,255.8985948916447,0.0,A
4649,602.0391485653818,640.1759837754071,2,1,A,True,False,-63.538674080515,63.538674080515,0.0,A
4650,1185.3639129549265,1177.3792756721377,5,1,B,False,False,497.2493753945577,497.2493753945577,1.0,B
4651,1184.1280795633793,569.572405423969,6,1,B,False,False,502.2433436162618,502.2433436162618,1.0,B
4652,330.2814429625869,876.2359796091914,2,1,A,False,False,-539.6726440641202,539.6726440641202,0.0,A
4653,744.7315310128033,500.2812291495502,5,1,B,False,False,108.77598460681446,108.77598460681446,1.0,B
4654,722.9764158837497,141.764881554991,6,1,A,False,False,-135.1143867763316,135.1143867763316,0.0,A
4655,1394.0055007115006,814.6351212635636,3,1,B,False,False,473.10401835675685,473.10401835675685,1.0,B
4656,1343.0606229230762,865.6517621129751,5,1,B,False,False,471.5652179051188,471.5652179051188,1.0,B
4657,1450.8574618957937,775.3757801838219,3,1,B,False,False,479.15324925977126,479.15324925977126,1.0,B
4658,1413.0107061937451,647.7822242304683,1,1,B,False,False,517.1457233521728,517.1457233521728,1.0,B
4659,787.6156610436738,255.40045369416475,6,1,A,True,False,-42.74987764635223,42.74987764635223,0.0,A
4660,1231.9128708913922,942.3341928049922,6,1,B,False,False,326.8114226423966,326.8114226423966,1.0,B
4661,1206.5315963700414,219.55073811113834,8,1,B,False,False,319.08037474442443,319.08037474442443,1.0,B
4662,576.8447695299983,1130.2781570702791,2,1,A,True,False,-73.04863171129139,73.04863171129139,0.0,A
4663,490.86226942017674,1144.706825260073,6,1,A,False,False,-137.72851874079544,137.72851874079544,0.0,A
4664,1371.7758287675679,767.1826332807541,8,1,B,False,False,414.2149231201094,414.2149231201094,1.0,B
4665,691.7349784635007,290.4108725488186,6,1,A,True,False,-87.60195018072882,87.60195018072882,0.0,A
4666,965.0353649631143,1243.0329909548163,8,1,B,False,False,328.55353708916454,328.55353708916454,1.0,B
4667,220.46471759676933,214.41275579854846,8,1,A,False,False,-601.5857325616233,601.5857325616233,0.0,A
4668,854.0916913188994,325.87368367239833,6,1,B,True,False,53.952329998555655,53.952329998555655,1.0,B
4669,446.6123292222619,1214.343478437513,8,1,A,False,False,-182.97060677458416,182.97060677458416,0.0,A
4670,140.9609424881637,1310.0639507174492,6,1,A,False,False,-418.9238535287933,418.9238535287933,0.0,A
4671,1386.1311064101756,1205.3109258413315,5,1,B,False,False,741.0911491212246,741.0911491212246,1.0,B
4672,989.7098606452346,674.5280614122748,8,1,B,False,False,184.15822562868627,184.15822562868627,1.0,B
4673,1125.4169954918325,235.88892398402095,7,1,B,False,False,238.12370743201635,238.12370743201635,1.0,B
4674,789.3957300111651,811.5303022786975,1,1,A,True,False,-53.30795946279174,53.30795946279174,0.0,A
4675,934.5157826319337,242.04590683802962,4,1,B,True,False,73.08205427211578,73.08205427211578,1.0,B
4676,839.0366099774837,792.8365906700492,4,1,B,True,True,0.1766633285164774,0.1766633285164774,0.5,A
4677,865.4848826117814,661.3806788809597,7,1,B,False,False,109.7700515312252,109.7700515312252,1.0,B
4678,975.2660044468939,677.8111956082284,3,1,B,False,False,171.2310704587555,171.2310704587555,1.0,B
4679,1442.040947265923,282.50110102817416,4,1,B,False,False,466.97037906270054,466.97037906270054,1.0,B
4680,1297.0284428447485,958.9053285308182,5,1,B,False,False,369.9393903184339,369.9393903184339,1.0,B
4681,734.2670769430697,1466.1534852348268,1,1,A,True,False,-61.82231260304415,61.82231260304415,0.0,A
4682,1355.7850755751133,97.72290056571364,8,1,B,False,False,422.931350918574,422.931350918574,1.0,B
4683,504.2766281403601,1052.6340496726334,5,1,A,False,False,-165.28114358742607,165.28114358742607,0.0,A
4684,253.31075442954898,211.8365177884698,1,1,A,False,False,-575.9881834102022,575.9881834102022,0.0,A
4685,1472.9535640217364,705.9498578310013,4,1,B,False,False,487.9020360331928,487.9020360331928,1.0,B
4686,1413.9759200625122,870.4254808835685,7,1,B,False,False,543.5460207421097,543.5460207421097,1.0,B
4687,1092.8741726092994,961.2175826914608,6,1,B,False,False,205.36193564737476,205.36193564737476,1.0,B
4688,195.44724002480507,261.8453619070351,4,1,A,False,False,-510.16630322397555,510.16630322397555,0.0,A
4689,941.2130559794605,464.31025955826044,4,1,B,False,False,256.58083793262733,256.58083793262733,1.0,B
4690,456.0054028406739,697.8425639681518,8,1,A,False,False,-198.46855263494305,198.46855263494305,0.0,A
4691,1339.7030420601368,411.3192670047283,7,1,B,False,False,480.6385865254692,480.6385865254692,1.0,B
4692,740.1486639864743,634.9322916939855,6,1,B,True,False,41.889929118554385,41.889929118554385,1.0,B
4693,47.849331982433796,983.6338791064918,2,1,A,False,False,-574.3465907436554,574.3465907436554,0.0,A
4694,926.0984715074301,201.27630047500134,8,1,B,True,False,57.62348468287233,57.62348468287233,1.0,B
4695,134.90435387939215,62.51256773248315,6,1,A,False,False,-501.6667995028007,501.6667995028007,0.0,A
4696,697.2952564246953,826.9137754105031,5,1,A,False,False,-147.42375407245808,147.42375407245808,0.0,A
4697,1298.7131550908089,817.2222361899912,8,1,B,False,False,392.10664018951917,392.10664018951917,1.0,B
4698,403.9138010703027,903.1112641096115,8,1,A,False,False,-446.42687810240403,446.42687810240403,0.0,A
4699,315.03716530278325,19.73825041204691,7,1,A,False,False,-312.9534063448093,312.9534063448093,0.0,A
4700,562.613264657557,794.564894400537,7,1,A,False,False,-226.0285013702735,226.0285013702735,0.0,A
4701,1165.074580349028,686.9679428637028,4,1,B,False,False,293.01315198834254,293.01315198834254,1.0,B
4702,1308.9445098303258,263.3527535945177,5,1,B,False,False,376.6180953976327,376.6180953976327,1.0,B
4703,1174.6970638632774,1219.0775787457824,3,1,B,False,False,543.6379291366039,543.6379291366039,1.0,B
4704,1375.920256599784,91.95874957367778,5,1,B,False,False,434.21143078972636,434.21143078972636,1.0,B
4705,1326.0930413380265,590.349555015564,4,1,B,False,False,580.6659271000119,580.6659271000119,1.0,B
4706,811.5504719316959,1068.3610760606825,4,1,B,True,False,55.67710596862456,55.67710596862456,1.0,B
4707,1286.531511694193,1051.7322379164398,8,1,B,False,False,366.34127891896526,366.34127891896526,1.0,B
4708,687.3557302169502,1455.8289810083807,2,1,A,True,False,-87.44444059408315,87.44444059408315,0.0,A
4709,177.2965849377215,809.965736232698,7,1,A,False,False,-578.5612405891145,578.5612405891145,0.0,A
4710,1057.559729553759,371.0615742020309,4,1,B,False,False,226.7631855679328,226.7631855679328,1.0,B
4711,1044.2588017322123,230.53914494812489,2,1,B,False,False,167.90568110207343,167.90568110207343,1.0,B
4712,261.7166731506586,633.902785833925,1,1,A,False,False,-314.1539392163049,314.1539392163049,0.0,A
4713,801.9225276075304,708.2975967787206,5,1,B,True,False,29.295594666637637,29.295594666637637,0.85,B
4714,424.0738609805703,410.24382412433624,5,1,A,False,False,-194.06546014363084,194.06546014363084,0.0,A
4715,659.4276772812009,301.38492258265615,2,1,A,False,False,-101.10409548225317,101.10409548225317,0.0,A
4716,696.2965806014836,1295.7238764502108,6,1,B,True,False,36.169148807815745,36.169148807815745,0.95,A
4717,219.18445033952594,678.3655118197203,5,1,A,False,False,-348.9102352980276,348.9102352980276,0.0,A
4718,761.9857206009328,846.724437084049,1,1,A,False,False,-100.55749009995229,100.55749009995229,0.0,A
4719,318.63852543756366,1208.0930499359965,2,1,A,False,False,-308.67520913079005,308.67520913079005,0.0,A
4720,586.2950957380235,1375.6454293616116,1,1,A,True,False,-94.88185792178955,94.88185792178955,0.0,A
4721,486.94466846063733,1440.6934920698404,1,1,A,False,False,-215.6628857365231,215.6628857365231,0.0,A
4722,1203.310348559171,1157.5740776024759,3,1,B,False,False,470.65144336283004,470.65144336283004,1.0,B
4723,685.5223230086267,1368.6430463567376,6,1,A,True,False,-21.644947959014083,21.644947959014083,0.2,B
4724,480.4943706840277,238.6950091458857,6,1,A,False,False,-320.0354010116344,320.0354010116344,0.0,A
4725,1251.26296794042,262.0047563686967,7,1,B,False,False,331.5106375705004,331.5106375705004,1.0,B
4726,900.0577661208808,622.9477529413998,6,1,B,False,False,174.39160637387744,174.39160637387744,1.0,B
4727,346.6052021831274,646.1459356360137,5,1,A,False,False,-251.5588172526087,251.5588172526087,0.0,A
4728,567.9640690796077,120.98727375268936,2,1,A,False,False,-257.57528322013707,257.57528322013707,0.0,A
4729,144.99482419341803,1344.2688561044633,1,1,A,False,False,-397.8652601860435,397.8652601860435,0.0,A
4730,421.7531494796276,642.5197678618133,6,1,A,False,False,-196.33590366614783,196.33590366614783,0.0,A
4731,991.828054189682,461.18676848709583,4,1,B,False,False,295.93929148919165,295.93929148919165,1.0,B
4732,460.77995421364903,1133.4471157751977,2,1,A,False,False,-162.92129225860288,162.92129225860288,0.0,A
4733,599.0873747505248,235.61100522056222,8,1,A,False,False,-221.49070822502233,221.49070822502233,0.0,A
4734,523.8964199088514,413.5767132975161,1,1,A,False,False,-119.49559484308926,119.49559484308926,0.0,A
4735,106.80636344477534,1367.7388890646398,1,1,A,False,False,-423.68639876706516,423.68639876706516,0.0,A
4736,815.7689147628844,1371.5117652900517,8,1,B,True,False,66.55249018501013,66.55249018501013,1.0,B
4737,1253.6279051564634,908.6091918870807,4,1,B,False,False,370.534246201509,370.534246201509,1.0,B
4738,50.67024892196059,685.6186212971807,2,1,A,False,False,-467.38786679820475,467.38786679820475,0.0,A
4739,1487.5229252502322,425.88357953354716,3,1,B,False,False,623.5722469854027,623.5722469854027,1.0,B
4740,1050.3307515755296,573.745041154325,4,1,B,False,False,372.106167705051,372.106167705051,1.0,B
4741,21.743380464613438,694.3952227011323,8,1,A,False,False,-491.7232609744409,491.7232609744409,0.0,A
4742,678.4871919080615,1467.9944878444076,6,1,A,False,False,-105.17721747483566,105.17721747483566,0.0,A
4743,96.16207284852862,1033.8808670639992,5,1,A,False,False,-459.20407428098804,459.20407428098804,0.0,A
4744,349.85658852383494,848.5997901298106,2,1,A,False,False,-501.0209011909532,501.0209011909532,0.0,A
4745,1162.207783665508,983.7036137469113,4,1,B,False,False,257.4168848448624,257.4168848448624,1.0,B
4746,452.450567856431,677.1051809191704,5,1,A,False,False,-187.90047910860713,187.90047910860713,0.0,A
4747,642.9907917045057,1248.8448391668499,4,1,B,True,True,9.994495625888895,9.994495625888895,0.6,A
4748,747.6233909837902,94.25725182518363,2,1,A,True,False,-75.04758587745127,75.04758587745127,0.0,A
4749,630.9922118671238,1306.9843291305006,6,1,A,True,False,-24.359659933927645,24.359659933927645,0.2,A
4750,550.4165687598288,1250.1945588737726,6,1,A,True,False,-80.32931575225054,80.32931575225054,0.0,A
4751,690.7907808199525,309.27737010642886,7,1,A,True,False,-71.98225391749367,71.98225391749367,0.0,A
4752,593.4412605129182,1242.0929074287415,6,1,A,True,False,-37.46415657830263,37.46415657830263,0.1,A
4753,883.5225272923708,1199.1072376258671,5,1,B,False,False,242.93180262773186,242.93180262773186,1.0,B
4754,1147.1213037148118,1155.7559659704566,7,1,B,False,False,419.0752606253824,419.0752606253824,1.0,B
4755,1060.781174339354,1396.2653819471598,8,1,B,False,False,214.25195189498282,214.25195189498282,1.0,B
4756,631.2046051025391,859.3799164518714,1,1,A,False,False,-234.97087216857432,234.97087216857432,0.0,A
4757,868.4922661632299,120.87469501420856,5,1,B,True,True,11.057792585592093,11.057792585592093,0.65,A
4758,88.40082306414843,1461.3474374637008,1,1,A,False,False,-533.6577088134336,533.6577088134336,0.0,A
4759,830.2987036295235,968.4488852508366,8,1,B,True,True,0.07458239400445393,0.07458239400445393,0.5,A
4760,1415.148046799004,1403.8073304109275,8,1,B,False,False,449.90824148809594,449.90824148809594,1.0,B
4761,800.2266772091389,1035.8573533594608,6,1,B,True,False,23.94006056778093,23.94006056778093,0.8,B
4762,848.201198503375,167.15207369998097,4,1,A,True,True,-21.43966884263468,21.43966884263468,0.35,A
4763,1456.7403229884803,168.82153088226914,8,1,B,False,False,585.8815328963138,585.8815328963138,1.0,B
4764,758.19559302181,62.25834600627422,1,1,A,True,False,-40.92810172605936,40.92810172605936,0.0,A
4765,854.1145990602672,1392.0433237217367,3,1,B,True,False,76.7692041790249,76.7692041790249,1.0,B
4766,179.24833483994007,1412.9289155825973,6,1,A,False,False,-399.2246571448928,399.2246571448928,0.0,A
4767,540.4971619136631,674.4132027961314,6,1,A,False,False,-125.71760969260319,125.71760969260319,0.0,A
4768,74.82282863929868,1207.4957429431379,8,1,A,False,False,-548.9138256359706,548.9138256359706,0.0,A
4769,1238.6106331832707,1453.1714064069092,4,1,B,False,False,313.22047630346856,313.22047630346856,1.0,B
4770,1436.8495848029852,575.6826004944742,4,1,B,False,False,718.2626180690968,718.2626180690968,1.0,B
4771,1021.9716900028288,1007.4449661187828,5,1,B,False,False,160.72488895272275,160.72488895272275,1.0,B
4772,915.632039308548,826.200719922781,1,1,B,True,False,51.81008498020116,51.81008498020116,1.0,A
4773,397.4211788736284,1151.943000499159,7,1,A,False,False,-215.20333835163498,215.20333835163498,0.0,A
4774,1072.5080980919302,487.5462572090328,4,1,B,False,False,410.63784375261673,410.63784375261673,1.0,B
4775,831.6252850927413,73.53245839476585,3,1,B,True,True,6.129994519772732,6.129994519772732,0.6,A
4776,1475.9138985536993,357.7162753790617,4,1,B,False,False,500.1951587311329,500.1951587311329,1.0,B
4777,1440.7452838495374,835.2528037503362,6,1,B,False,False,541.2700111657156,541.2700111657156,1.0,B
4778,290.38395546376705,290.04099732264876,8,1,A,False,False,-382.58628817194807,382.58628817194807,0.0,A
4779,824.3348021060228,703.589279204607,3,1,B,True,False,47.95969477547461,47.95969477547461,1.0,B
4780,305.62095483765006,571.0777016356587,1,1,A,False,False,-306.9687468068865,306.9687468068865,0.0,A
4781,1326.2411314062774,242.54911439493299,8,1,B,False,False,407.0675342552049,407.0675342552049,1.0,B
4782,879.7295526601374,560.13905396685,5,1,B,False,False,231.24339399113558,231.24339399113558,1.0,B
4783,997.4667001515627,653.108483646065,4,1,B,False,False,211.43249621668792,211.43249621668792,1.0,B
4784,1207.1779151447117,1465.897451620549,3,1,B,False,False,290.9306414416371,290.9306414416371,1.0,B
4785,1158.1592252478004,497.9816456325352,8,1,B,False,False,507.9304898244215,507.9304898244215,1.0,B
4786,375.60658156871796,33.26580813154578,6,1,A,False,False,-285.46291423277046,285.46291423277046,0.0,A
4787,95.34088801592588,1334.2212159186602,1,1,A,False,False,-438.08653764432347,438.08653764432347,0.0,A
4788,1023.7063528038561,921.802625991404,3,1,B,False,False,150.27885720163752,150.27885720163752,1.0,B
4789,552.3917013779283,959.8172949627042,1,1,A,False,False,-228.34008735864586,228.34008735864586,0.0,A
4790,745.9769211709499,417.6580533385277,4,1,B,True,False,48.27876635581281,48.27876635581281,1.0,B
4791,193.0060163140297,1189.9515367113054,1,1,A,False,False,-420.1610900371299,420.1610900371299,0.0,A
4792,975.4884783178568,363.5530499741435,3,1,B,False,False,163.97669265257304,163.97669265257304,1.0,B
4793,1444.1308616660535,354.1919910348952,3,1,B,False,False,475.52846524482266,475.52846524482266,1.0,B
4794,1350.132535211742,1008.4934681653976,4,1,B,False,False,392.83718164112594,392.83718164112594,1.0,B
4795,738.8025387190282,1370.0361046940088,5,1,B,True,True,14.3515634112366,14.3515634112366,0.6,B
4796,1031.9283585995436,775.00572334975,5,1,B,False,False,158.4179547835866,158.4179547835866,1.0,B
4797,1205.6075264699757,1011.8706319481134,7,1,B,False,False,291.5431375197839,291.5431375197839,1.0,B
4798,274.9650268815458,497.2242219373584,2,1,A,False,False,-346.7095663714937,346.7095663714937,0.0,A
4799,1164.9600248783827,1026.511436328292,8,1,B,False,False,268.42182242464224,268.42182242464224,1.0,B
4800,372.21043556928635,1216.6883535683155,8,1,A,False,False,-257.2954955044229,257.2954955044229,0.0,A
4801,1167.3435922712088,135.28534770011902,8,1,B,False,False,285.39193364456474,285.39193364456474,1.0,B
4802,1301.8096997402608,127.7859010733664,3,1,B,False,False,404.52004059321354,404.52004059321354,1.0,B
4803,789.1358532942832,1379.4363029301167,4,1,B,True,False,41.99381924683056,41.99381924683056,0.9,B
4804,64.46400890126824,1080.7606196030974,6,1,A,False,False,-453.3095966804506,453.3095966804506,0.0,A
4805,215.08124191313982,646.7449679039419,1,1,A,False,False,-346.68733357358104,346.68733357358104,0.0,A
4806,312.5734222121537,623.2912880368531,1,1,A,False,False,-277.6838421883149,277.6838421883149,0.0,A
4807,66.25145394355059,658.346061129123,1,1,A,False,False,-451.8803863005555,451.8803863005555,0.0,A
4808,322.3143070936203,743.2819283567369,6,1,A,False,False,-335.0889520050136,335.0889520050136,0.0,A
4809,4.141601733863354,1317.7917539142072,7,1,A,False,False,-520.1546137627201,520.1546137627201,0.0,A
4810,634.8114623688161,638.7763037346303,3,1,A,True,False,-38.67423125985088,38.67423125985088,0.05,A
4811,1457.731381058693,202.88984896615148,8,1,B,False,False,571.4766829186322,571.4766829186322,1.0,B
4812,389.18585423380136,895.7064826972783,7,1,A,False,False,-469.5366668549993,469.5366668549993,0.0,A
4813,946.91994599998,504.2404728010297,3,1,B,False,False,308.75548484648846,308.75548484648846,1.0,B
4814,17.97541044652462,267.1329821459949,2,1,A,False,False,-637.3431640585349,637.3431640585349,0.0,A
4815,737.0732235722244,427.9565289616585,2,1,B,True,False,49.666004876361725,49.666004876361725,1.0,B
4816,1209.146170411259,491.69636238366365,8,1,B,False,False,546.9651156244757,546.9651156244757,1.0,B
4817,468.78952207043767,877.4933600798249,7,1,A,False,False,-401.06393123739633,401.06393123739633,0.0,A
4818,162.91927406564355,486.4249709062278,6,1,A,False,False,-445.37897551427886,445.37897551427886,0.0,A
4819,105.41899083182216,1124.6831864118576,6,1,A,False,False,-435.60829050924787,435.60829050924787,0.0,A
4820,679.6935782767832,159.8008582368493,2,1,A,False,False,-187.19347648888316,187.19347648888316,0.0,A
4821,964.8131718859076,201.50275016203523,7,1,B,True,False,95.17460822417989,95.17460822417989,1.0,B
4822,1420.3085554763675,980.8978443033993,8,1,B,False,False,451.63522974085026,451.63522974085026,1.0,B
4823,425.5765378475189,544.7356989607215,6,1,A,False,False,-202.68253667071957,202.68253667071957,0.0,A
4824,399.3966984562576,532.3656359687448,5,1,A,False,False,-230.28314919735988,230.28314919735988,0.0,A
4825,569.092323537916,1048.1494632549584,1,1,A,False,False,-124.45222782052306,124.45222782052306,0.0,A
4826,78.15715810284019,161.73903224989772,1,1,A,False,False,-784.6016776462236,784.6016776462236,0.0,A
4827,245.33912166953087,924.6745286509395,1,1,A,False,False,-555.8849831638341,555.8849831638341,0.0,A
4828,579.3374706991017,1255.8944877237082,5,1,A,True,False,-52.99114515102833,52.99114515102833,0.0,A
4829,887.0777199044824,1412.4485361389816,6,1,B,True,False,84.44406641614255,84.44406641614255,1.0,B
4830,1166.9740718789399,1013.4067246690392,8,1,B,False,False,264.873202335269,264.873202335269,1.0,B
4831,1280.368004925549,1462.1329209767282,3,1,B,False,False,344.62099377159456,344.62099377159456,1.0,B
4832,396.5332224033773,675.2868932671845,2,1,A,False,False,-225.4807752842181,225.4807752842181,0.0,A
4833,972.7459782734513,490.072681568563,3,1,B,False,False,319.719012735023,319.719012735023,1.0,B
4834,1434.5409655943513,0.5342527292668819,8,1,B,False,False,465.3628483324199,465.3628483324199,1.0,B
4835,634.6512255258858,1072.505812626332,6,1,A,True,False,-62.782466655602,62.782466655602,0.0,A
4836,1215.2208806946874,438.58541641384363,5,1,B,False,False,439.83288621127735,439.83288621127735,1.0,B
4837,268.39181827381253,40.038895793259144,5,1,A,False,False,-368.8568590703654,368.8568590703654,0.0,A
4838,49.76217867806554,900.5147418938577,5,1,A,False,False,-793.7187967508196,793.7187967508196,0.0,A
4839,251.84619426727295,127.6265038177371,2,1,A,False,False,-555.1328038078655,555.1328038078655,0.0,A
4840,1126.4386782422662,723.7664326094091,3,1,B,False,False,241.7654788387657,241.7654788387657,1.0,B
4841,1069.911912549287,789.437738712877,4,1,B,False,False,187.03164366418144,187.03164366418144,1.0,B
4842,406.28974232822657,1162.5054795295,2,1,A,False,False,-210.05804164478792,210.05804164478792,0.0,A
4843,8.727522566914558,918.0342899635434,5,1,A,False,False,-789.8742220061033,789.8742220061033,0.0,A
4844,1425.1695075072348,1498.3783503994346,4,1,B,False,False,480.8004898690453,480.8004898690453,1.0,B
4845,480.82684306427836,1119.683314114809,6,1,A,False,False,-149.83231666844463,149.83231666844463,0.0,A
4846,664.8065303452313,1374.8883116059005,5,1,A,True,False,-40.26030617638705,40.26030617638705,0.0,B
4847,238.45151625573635,1093.1555377319455,5,1,A,False,False,-330.10975798805487,330.10975798805487,0.0,A
4848,810.5249782092869,1202.9420756734908,8,1,B,False,False,174.31125955331552,174.31125955331552,1.0,B
4849,388.63702677190304,1001.7185392789543,2,1,A,False,False,-294.44227917574835,294.44227917574835,0.0,A
4850,190.85355196148157,474.4840431958437,6,1,A,False,False,-408.1238217964669,408.1238217964669,0.0,A
4851,682.9608120024204,1181.2465111725032,1,1,B,True,False,40.5173555900196,40.5173555900196,1.0,A
4852,1213.3286031894386,1036.225979682058,6,1,B,False,False,306.4272281029085,306.4272281029085,1.0,B
4853,1270.326971076429,508.6934636346996,5,1,B,False,False,631.3017111867457,631.3017111867457,1.0,B
4854,558.3181846886873,184.55548072233796,1,1,A,False,False,-309.9241595955397,309.9241595955397,0.0,A
4855,1227.5603245943785,913.4226744063199,1,1,B,False,False,342.61620558900995,342.61620558900995,1.0,B
4856,1103.8259994238615,358.08490170165896,6,1,B,False,False,247.00676959590086,247.00676959590086,1.0,B
4857,916.9140933081508,1120.113548822701,6,1,B,False,False,179.14837347764222,179.14837347764222,1.0,B
4858,997.489926405251,1063.3006808348,6,1,B,False,False,178.79519576630824,178.79519576630824,1.0,B
4859,487.1958796866238,174.4529167190194,2,1,A,False,False,-382.79731884708593,382.79731884708593,0.0,A
4860,643.8388028182089,977.9821028932929,6,1,A,False,False,-135.305809601457,135.305809601457,0.0,A
4861,102.00821701437235,910.6220277026296,5,1,A,False,False,-721.6710761364939,721.6710761364939,0.0,A
4862,1392.5156467594206,393.65972438827157,3,1,B,False,False,487.8414275011967,487.8414275011967,1.0,B
4863,412.67652064561844,575.1518639735878,5,1,A,False,False,-207.60876274029837,207.60876274029837,0.0,A
4864,1104.5169476419687,1333.0993708223104,5,1,B,False,False,315.68119625431257,315.68119625431257,1.0,B
4865,1136.5782259963453,846.0482857190073,7,1,B,False,False,260.8027177042832,260.8027177042832,1.0,B
4866,60.24726340547204,757.6479851268232,2,1,A,False,False,-546.8854052777834,546.8854052777834,0.0,A
4867,564.6740449592471,271.7186934314668,3,1,A,False,False,-203.07537360979777,203.07537360979777,0.0,A
4868,1004.6246470883489,821.899238973856,8,1,B,False,False,132.6825124516601,132.6825124516601,1.0,B
4869,1395.2431068755686,949.7352680191398,8,1,B,False,False,458.04978203976293,458.04978203976293,1.0,B
4870,643.5929406434298,19.969262648373842,2,1,A,True,False,-87.70596423621788,87.70596423621788,0.0,A
4871,75.44697308912873,1221.45910654217,8,1,A,False,False,-554.2890313646357,554.2890313646357,0.0,A
4872,1069.4152736105025,662.0225664228201,3,1,B,False,False,252.3116870825169,252.3116870825169,1.0,B
4873,573.5247046686709,984.8863533698022,7,1,A,False,False,-180.53643101637775,180.53643101637775,0.0,A
4874,896.3180249556899,3.9354655891656876,3,1,B,True,False,96.70148118729611,96.70148118729611,1.0,B
4875,654.4802323915064,1499.7981120832264,4,1,A,False,False,-156.95972333071643,156.95972333071643,0.0,A
4876,393.391870893538,948.5550597310066,8,1,A,False,False,-376.63186095154487,376.63186095154487,0.0,A
4877,1266.3377006538212,1451.8426707945764,3,1,B,False,False,333.2039104571775,333.2039104571775,1.0,B
4878,625.2786805853248,270.1425296254456,7,1,A,False,False,-158.01904699523845,158.01904699523845,0.0,A
4879,990.1875020004809,111.02248728275299,5,1,B,False,False,120.34912088381687,120.34912088381687,1.0,B
4880,697.2264619544148,497.545322868973,3,1,B,True,False,61.51307044243808,61.51307044243808,1.0,B
4881,851.5956569463015,111.46876635029912,7,1,B,True,True,0.5049034619852105,0.5049034619852105,0.6,A
4882,1441.0624033771455,313.06735798716545,5,1,B,False,False,456.7997917699754,456.7997917699754,1.0,B
4883,282.89996506646276,1279.5791714452207,8,1,A,False,False,-322.19561517895113,322.19561517895113,0.0,A
4884,257.40327034145594,558.0933401361108,8,1,A,False,False,-360.3671005395931,360.3671005395931,0.0,A
4885,627.407640684396,551.2457164004445,1,1,A,True,True,-5.728624195847882,5.728624195847882,0.4,B
4886,1010.7162217609584,700.1319648697972,4,1,B,False,False,177.29079954230178,177.29079954230178,1.0,B
4887,88.83585501462221,101.12171620130539,2,1,A,False,False,-629.8542279397559,629.8542279397559,0.0,A
4888,1191.6526816785336,1032.275766134262,5,1,B,False,False,289.51722331905506,289.51722331905506,1.0,B
4889,159.8730501718819,1198.18229181692,1,1,A,False,False,-458.70540560011926,458.70540560011926,0.0,A
4890,1138.3246486075222,1003.8606896996498,4,1,B,False,False,242.12341281132512,242.12341281132512,1.0,B
4891,934.9556216038764,565.3576240874827,7,1,B,False,False,277.629968714947,277.629968714947,1.0,B
4892,1181.2058491632342,1043.8596485182643,3,1,B,False,False,289.1240552902131,289.1240552902131,1.0,B
4893,1422.0993113704026,38.057851139456034,6,1,B,False,False,443.5084873815743,443.5084873815743,1.0,B
4894,350.39822990074754,1485.2508776821196,3,1,A,False,False,-381.2096469378014,381.2096469378014,0.0,A
4895,352.5935844518244,875.9511639364064,1,1,A,False,False,-517.3801664779681,517.3801664779681,0.0,A
4896,812.5717551447451,1345.152333844453,3,1,B,True,False,86.52070988583641,86.52070988583641,1.0,B
4897,972.2822201438248,825.9374652989209,3,1,B,False,False,103.35702308069422,103.35702308069422,1.0,B
4898,750.0621336512268,564.5808619447052,5,1,B,False,False,105.41209318367514,105.41209318367514,1.0,B
4899,1469.5793534629047,409.0677732601762,3,1,B,False,False,571.5810201002915,571.5810201002915,1.0,B
4900,988.4970355778933,4.874564241617918,7,1,B,False,False,158.7802284532298,158.7802284532298,1.0,B
4901,1412.8506425768137,1057.637927122414,7,1,B,False,False,457.16331766848793,457.16331766848793,1.0,B
4902,577.4022499099374,1360.6873378157616,1,1,A,True,False,-92.22352164289543,92.22352164289543,0.0,A
4903,747.1951846964657,353.7595197558403,6,1,B,True,True,0.846563117274183,0.846563117274183,0.55,B
4904,1247.501109726727,411.93797579035163,8,1,B,False,False,413.78309795419676,413.78309795419676,1.0,B
4905,1078.4112350083888,103.2848465256393,3,1,B,False,False,195.19224737224005,195.19224737224005,1.0,B
4906,507.738190703094,488.1869936361909,8,1,A,False,False,-121.54507512899998,121.54507512899998,0.0,A
4907,807.796566747129,492.06463107839227,4,1,B,False,False,164.67317263548324,164.67317263548324,1.0,B
4908,312.7569272182882,517.3588092438877,6,1,A,False,False,-316.6636085356605,316.6636085356605,0.0,A
4909,1198.718800675124,1088.507124222815,3,1,B,False,False,343.7267134171816,343.7267134171816,1.0,B
4910,839.8841712623835,1164.1418156214058,7,1,B,False,False,167.91992968856906,167.91992968856906,1.0,B
4911,1168.6918730847538,1308.0603978596628,7,1,B,False,False,409.24804933053395,409.24804933053395,1.0,B
4912,1471.8450531363487,914.6588109433651,8,1,B,False,False,570.4976331043955,570.4976331043955,1.0,B
4913,201.68039901182055,1156.3954479061067,8,1,A,False,False,-382.39505402653253,382.39505402653253,0.0,A
4914,981.6746190190315,658.6897079832852,3,1,B,False,False,194.18568846019156,194.18568846019156,1.0,B
4915,688.0502072162926,352.17711981385946,6,1,A,True,False,-40.558466546617495,40.558466546617495,0.0,A
4916,1290.0531571358442,672.3425416275859,4,1,B,False,False,393.94501157124915,393.94501157124915,1.0,B
4917,14.113600831478834,627.7787801809609,1,1,A,False,False,-503.34878300685847,503.34878300685847,0.0,A
4918,501.050247810781,1285.1833859458566,1,1,A,False,False,-127.74528399559777,127.74528399559777,0.0,A
4919,1327.8566203080118,1368.8909146003425,8,1,B,False,False,424.4165718974499,424.4165718974499,1.0,B
4920,463.5452600196004,417.3154360614717,6,1,A,False,False,-163.3456702377693,163.3456702377693,0.0,A
4921,556.8154561333358,1261.7777260020375,1,1,A,True,False,-75.21140652982578,75.21140652982578,0.0,A
4922,427.1601280197501,1274.2891274392605,8,1,A,False,False,-194.6900246043524,194.6900246043524,0.0,A
4923,596.0037494078279,1069.3808742798865,6,1,A,True,False,-91.38309266406951,91.38309266406951,0.0,A
4924,1207.4559973552823,912.6484715379775,4,1,B,False,False,324.19197944758145,324.19197944758145,1.0,B
4925,652.1072541363537,1260.7012339867651,5,1,B,True,True,15.150104073268137,15.150104073268137,0.6,A
4926,595.1519748196006,989.590734243393,6,1,A,False,False,-159.32295989083087,159.32295989083087,0.0,A
4927,335.7351841405034,31.92525263875723,6,1,A,False,False,-311.6979337524648,311.6979337524648,0.0,A
4928,1284.4343846663833,1361.829866655171,4,1,B,False,False,403.46980347028426,403.46980347028426,1.0,B
4929,80.17876697704196,300.4232360981405,5,1,A,False,False,-517.2959149607262,517.2959149607262,0.0,A
4930,537.8355765715241,720.3545174561441,1,1,A,False,False,-160.61773735050176,160.61773735050176,0.0,A
4931,1188.5133432224393,725.1192633993924,5,1,B,False,False,283.94170894557425,283.94170894557425,1.0,B
4932,914.7632326930761,215.4637654311955,4,1,B,True,False,49.11808745041744,49.11808745041744,1.0,B
4933,814.6535055711865,876.626537181437,3,1,A,True,False,-55.32686531169449,55.32686531169449,0.0,A
4934,1255.3207715973258,750.9867064654827,4,1,B,False,False,325.26199567685205,325.26199567685205,1.0,B
4935,1243.7034915201366,814.1658673994243,6,1,B,False,False,341.37670735653523,341.37670735653523,1.0,B
4936,1495.889151468873,66.02528784424067,4,1,B,False,False,506.24396853147306,506.24396853147306,1.0,B
4937,4.949900787323713,1386.5540293045342,2,1,A,False,False,-499.03734769345573,499.03734769345573,0.0,A
4938,932.841322850436,348.1172192841768,3,1,B,False,False,123.03221595890273,123.03221595890273,1.0,B
4939,936.6129096597433,670.0406139716506,8,1,B,False,False,151.56158380590907,151.56158380590907,1.0,B
4940,611.8130679242313,971.7768891714513,2,1,A,False,False,-166.59303243137606,166.59303243137606,0.0,A
4941,246.84062507003546,1461.8027354590595,2,1,A,False,False,-417.72301147288454,417.72301147288454,0.0,A
4942,940.8996077254415,1375.4609772004187,3,1,B,False,False,149.65459235120812,149.65459235120812,1.0,B
4943,784.5436334609985,651.4782747253776,6,1,B,True,False,60.93444412646663,60.93444412646663,1.0,B
4944,25.53012454882264,803.7620815448463,2,1,A,False,False,-690.438895198424,690.438895198424,0.0,A
4945,1069.2867427133024,762.7506908029318,4,1,B,False,False,188.68939573883847,188.68939573883847,1.0,B
4946,301.41695542261004,739.3753901124,8,1,A,False,False,-344.74366606142416,344.74366606142416,0.0,A
4947,1497.1722601912916,539.5513423718512,7,1,B,False,False,857.7509930933195,857.7509930933195,1.0,B
4948,166.09501652419567,1130.909507162869,5,1,A,False,False,-392.70363571669407,392.70363571669407,0.0,A
4949,996.0107523947954,339.33973778039217,5,1,B,False,False,159.9741644605528,159.9741644605528,1.0,B
4950,910.9256914816797,398.87039735913277,8,1,B,False,False,151.704861638015,151.704861638015,1.0,B
4951,1175.3708459436893,85.48094378784299,8,1,B,False,False,270.33585857406695,270.33585857406695,1.0,B
4952,266.2534858100116,1005.061000585556,6,1,A,False,False,-377.12194187141324,377.12194187141324,0.0,A
4953,632.0064794272184,1238.0518284626305,6,1,B,True,True,1.1746592853120992,1.1746592853120992,0.5,A
4954,286.240397952497,216.5396329946816,8,1,A,False,False,-535.7493296331339,535.7493296331339,0.0,A
4955,271.46757720038295,208.01878720521927,8,1,A,False,False,-565.9575620524182,565.9575620524182,0.0,A
4956,1206.403332296759,1047.8062857873738,3,1,B,False,False,308.9546420457219,308.9546420457219,1.0,B
4957,1400.0775637105107,1377.8097722679377,8,1,B,False,False,463.35532530240994,463.35532530240994,1.0,B
4958,292.13660722598433,93.37502298876643,6,1,A,False,False,-443.8756620604844,443.8756620604844,0.0,A
4959,259.1068740002811,859.7440724261105,5,1,A,False,False,-603.2832346354744,603.2832346354744,0.0,A
4960,155.27128474786878,392.00501795858145,2,1,A,False,False,-389.01254146225796,389.01254146225796,0.0,A
4961,604.7647059895098,460.16073133796453,4,1,A,True,False,-38.71422242068416,38.71422242068416,0.05,A
4962,1385.0305750966072,989.112684968859,7,1,B,False,False,421.39493467780005,421.39493467780005,1.0,B
4963,947.7909877896309,1498.7663584761322,6,1,B,True,False,86.63191095108031,86.63191095108031,1.0,B
4964,1175.9802955202758,793.2046805508435,3,1,B,False,False,273.18772896907893,273.18772896907893,1.0,B
4965,1288.796754553914,1421.6150399297476,6,1,B,False,False,354.40336942664953,354.40336942664953,1.0,B
4966,453.68558540940285,1279.0759694762528,1,1,A,False,False,-169.92548937052752,169.92548937052752,0.0,A
4967,1277.6272525079548,1414.2119893804193,5,1,B,False,False,350.1277356361463,350.1277356361463,1.0,B
4968,584.3815477564931,601.3814569450915,5,1,A,True,False,-60.09047103152599,60.09047103152599,0.0,A
4969,808.7731506675482,241.2458793260157,6,1,A,True,False,-34.787801798635954,34.787801798635954,0.1,A
4970,1262.3255113139749,464.74789548665285,3,1,B,False,False,538.0123447324734,538.0123447324734,1.0,B
4971,31.2304082326591,314.1333516687155,1,1,A,False,False,-529.2998176813807,529.2998176813807,0.0,A
4972,1491.2763386964798,1013.6928702704608,4,1,B,False,False,491.9464208586286,491.9464208586286,1.0,B
4973,1348.339926917106,820.6872311420739,6,1,B,False,False,439.540971429886,439.540971429886,1.0,B
4974,1378.3772075548768,642.1764786355197,8,1,B,False,False,502.4091065919494,502.4091065919494,1.0,B
4975,476.8550181761384,218.04094640538096,7,1,A,False,False,-356.09085255751495,356.09085255751495,0.0,A
4976,1447.4934255704284,942.2415378503501,7,1,B,False,False,510.8020934390712,510.8020934390712,1.0,B
4977,643.9825985580683,1378.7231384776533,4,1,A,True,False,-57.19051308767579,57.19051308767579,0.0,A
4978,861.5886527113616,1299.0120495669544,3,1,B,False,False,171.66396759996974,171.66396759996974,1.0,B
4979,352.6685326360166,1085.2481564506888,8,1,A,False,False,-251.5622980414492,251.5622980414492,0.0,A
4980,956.2038816511631,233.24865521863103,5,1,B,True,False,90.03818101922505,90.03818101922505,1.0,B
4981,1251.878136768937,969.6855777874589,3,1,B,False,False,328.57984080545543,328.57984080545543,1.0,B
4982,907.5224264524877,442.7991472184658,5,1,B,False,False,199.45971161218407,199.45971161218407,1.0,B
4983,1341.5953614749014,951.1347413063049,6,1,B,False,False,412.23611790852027,412.23611790852027,1.0,B
4984,406.91282507032156,1265.7326613552868,2,1,A,False,False,-215.58559476439842,215.58559476439842,0.0,A
4985,1295.2823122031987,420.5546979792416,1,1,B,False,False,465.3671277504273,465.3671277504273,1.0,B
4986,748.6531105823815,585.1196246221662,5,1,B,True,False,88.89461733120125,88.89461733120125,1.0,B
4987,182.3406731709838,1235.8421017415822,1,1,A,False,False,-445.79233054476475,445.79233054476475,0.0,A
4988,975.8527991361916,535.8074228279293,4,1,B,False,False,343.4248313253976,343.4248313253976,1.0,B
4989,697.7618085220456,1387.4898408539593,6,1,A,True,False,-26.4826618881727,26.4826618881727,0.2,A
4990,103.26794581487775,211.61056263372302,8,1,A,False,False,-718.1567650082027,718.1567650082027,0.0,A
4991,1205.9825900942087,136.67841162532568,4,1,B,False,False,322.4016910900347,322.4016910900347,1.0,B
4992,1270.9019989706576,1307.1945975534618,2,1,B,False,False,493.73100789061374,493.73100789061374,1.0,B
4993,298.0427728034556,395.6186631694436,5,1,A,False,False,-287.5093458416923,287.5093458416923,0.0,A
4994,908.804283477366,423.8579487428069,4,1,B,False,False,177.36143336265656,177.36143336265656,1.0,B
4995,1007.9623446799815,157.2247752919793,7,1,B,False,False,137.48790243967744,137.48790243967744,1.0,B
4996,586.078385822475,980.7865843176842,6,1,A,False,False,-175.85434504226262,175.85434504226262,0.0,A
4997,1298.8385609351099,168.91339793801308,4,1,B,False,False,428.2774403272924,428.2774403272924,1.0,B
4998,208.4784060716629,167.39953542128205,7,1,A,False,False,-659.4671368286162,659.4671368286162,0.0,A
4999,1425.357114057988,855.8660773560405,4,1,B,False,False,547.9164845864668,547.9164845864668,1.0,B
5000,1134.1368136927485,623.4534094110131,5,1,B,False,False,353.6809772244429,353.6809772244429,1.0,B
5001,33.037371933460236,813.9142678119242,8,1,A,False,False,-714.4685170988035,714.4685170988035,0.0,A
5002,47.918060794472694,737.2155874036252,1,1,A,False,False,-519.6800608819257,519.6800608819257,0.0,A
5003,1330.4468798451126,95.76722234487534,4,1,B,False,False,400.46483623839265,400.46483623839265,1.0,B
5004,409.24798836931586,121.44751707091928,8,1,A,False,False,-400.25853376212405,400.25853376212405,0.0,A
5005,735.9136221930385,1016.0710997879505,5,1,A,True,False,-34.920140314831194,34.920140314831194,0.05,A
5006,491.34700326249003,1400.8675077930093,2,1,A,False,False,-176.62228269851005,176.62228269851005,0.0,A
5007,618.3666111901402,470.81534285098314,1,1,A,True,False,-22.819718347767886,22.819718347767886,0.2,B
5008,527.4318717420101,39.42347411066294,3,1,A,False,False,-185.81619975756016,185.81619975756016,0.0,A
5009,559.601382818073,422.9437569156289,5,1,A,True,False,-89.2009655133839,89.2009655133839,0.0,A
5010,1275.4849554039538,1348.5080944374204,4,1,B,False,False,416.8234222518958,416.8234222518958,1.0,B
5011,328.19886691868305,1349.149006884545,2,1,A,False,False,-265.2180893744222,265.2180893744222,0.0,A
5012,913.5667285881937,264.6913337521255,5,1,B,True,False,63.50353875389034,63.50353875389034,1.0,B
5013,908.538315910846,244.50478702783585,6,1,B,True,False,51.751042725688585,51.751042725688585,1.0,B
5014,301.2834987603128,799.2774951271713,8,1,A,False,False,-448.8560152894329,448.8560152894329,0.0,A
5015,400.30843997374177,324.8994620516896,6,1,A,False,False,-259.66851566182123,259.66851566182123,0.0,A
5016,697.9084457270801,945.7796886563301,6,1,A,False,False,-125.2725485334249,125.2725485334249,0.0,A
5017,737.5458441674709,239.62836619466543,6,1,A,True,False,-97.15479131089684,97.15479131089684,0.0,A
5018,47.991941682994366,478.10304164886475,1,1,A,False,False,-542.2820289201115,542.2820289201115,0.0,A
5019,237.83684894442558,966.4912945590913,2,1,A,False,False,-466.39626312378863,466.39626312378863,0.0,A
5020,1141.7899033986032,142.91043346747756,3,1,B,False,False,264.6233738391488,264.6233738391488,1.0,B
5021,30.307921115309,516.833083704114,2,1,A,False,False,-598.155965330349,598.155965330349,0.0,A
5022,316.09879061579704,977.7524792589247,8,1,A,False,False,-384.22222169139593,384.22222169139593,0.0,A
5023,1414.0905649401248,460.04303684458137,4,1,B,False,False,657.3634680830567,657.3634680830567,1.0,B
5024,159.81230791658163,538.1106315180659,7,1,A,False,False,-467.2957393430245,467.2957393430245,0.0,A
5025,1021.8007285147905,1349.3518391624093,3,1,B,False,False,233.18598988542055,233.18598988542055,1.0,B
5026,379.23746556043625,777.606857009232,3,1,A,False,False,-345.1867379947216,345.1867379947216,0.0,A
5027,52.128085400909185,249.03729557991028,2,1,A,False,False,-659.9915279187558,659.9915279187558,0.0,A
5028,285.31800443306565,1422.326776664704,1,1,A,False,False,-336.01056605327005,336.01056605327005,0.0,A
5029,537.0216644369066,695.5389906652272,2,1,A,False,False,-141.69988815930304,141.69988815930304,0.0,A
5030,385.4685975238681,841.5736150927842,6,1,A,False,False,-456.59237638214165,456.59237638214165,0.0,A
5031,173.36530610919,605.127293150872,5,1,A,False,False,-396.6409193878518,396.6409193878518,0.0,A
5032,565.720219630748,839.5674820058048,7,1,A,False,False,-282.6587014039384,282.6587014039384,0.0,A
5033,1009.9073625169694,615.9479222260416,8,1,B,False,False,269.1089517195938,269.1089517195938,1.0,B
5034,1327.079841401428,322.4307093769312,5,1,B,False,False,378.79072364764215,378.79072364764215,1.0,B
5035,1271.3885768316686,1425.702167674899,8,1,B,False,False,340.8962503245134,340.8962503245134,1.0,B
5036,64.24170127138495,258.4704668261111,1,1,A,False,False,-623.7757213545145,623.7757213545145,0.0,A
5037,498.61035123467445,611.7104203440249,2,1,A,False,False,-132.35387199594996,132.35387199594996,0.0,A
5038,757.2352336719632,957.3805429972708,5,1,A,True,False,-65.89666188627262,65.89666188627262,0.0,A
5039,1225.1115054823458,1122.060104738921,5,1,B,False,False,415.1445529036891,415.1445529036891,1.0,B
5040,395.51195595413446,193.18328658118844,5,1,A,False,False,-465.812718658533,465.812718658533,0.0,A
5041,407.13380416855216,876.7391815781593,5,1,A,False,False,-462.7861611981586,462.7861611981586,0.0,A
5042,244.49295736849308,1290.1163776405156,8,1,A,False,False,-348.52148263488556,348.52148263488556,0.0,A
5043,275.88044945150614,510.328933596611,2,1,A,False,False,-351.6587884952805,351.6587884952805,0.0,A
5044,675.6628006696701,431.97204591706395,6,1,B,True,True,4.847029479939208,4.847029479939208,0.5,A
5045,91.75220131874084,493.41524206101894,5,1,A,False,False,-519.9507223553935,519.9507223553935,0.0,A
5046,364.5928683690727,433.13970789313316,5,1,A,False,False,-238.39655392892354,238.39655392892354,0.0,A
5047,1336.9624349288642,462.1698805131018,4,1,B,False,False,596.5644405065426,596.5644405065426,1.0,B
5048,210.72047296911478,793.9121006056666,2,1,A,False,False,-511.1834114878634,511.1834114878634,0.0,A
5049,1239.59996458143,1038.2533664815128,4,1,B,False,False,325.49347016662216,325.49347016662216,1.0,B
5050,924.8457988724113,518.9085211604834,7,1,B,False,False,294.1572833105803,294.1572833105803,1.0,B
5051,1005.6601571850479,1449.403915554285,5,1,B,False,False,146.33902415820256,146.33902415820256,1.0,B
5052,337.29244116693735,303.56732150539756,1,1,A,False,False,-328.64779047754337,328.64779047754337,0.0,A
5053,177.76844557374716,1381.8912729620934,7,1,A,False,False,-378.79852227266986,378.79852227266986,0.0,A
5054,669.9492274783552,1082.0750682614744,6,1,A,True,False,-31.982491441091643,31.982491441091643,0.15,A
5055,782.7031030319631,463.67122745141387,8,1,B,False,False,117.59405885961668,117.59405885961668,1.0,B
5056,3.4804637543857098,1049.5778205804527,5,1,A,False,False,-508.23215664917757,508.23215664917757,0.0,A
5057,924.0684080868959,1144.7801305912435,6,1,B,False,False,215.46207211852752,215.46207211852752,1.0,B
5058,662.0228695683181,1180.2239064127207,5,1,B,True,True,20.698489003691005,20.698489003691005,0.75,B
5059,136.26189529895782,838.7689772062004,6,1,A,False,False,-687.8541546933623,687.8541546933623,0.0,A
5060,1302.841435186565,1405.0709567964077,4,1,B,False,False,372.63733912261,372.63733912261,1.0,B
5061,158.5612795315683,433.2322874106467,1,1,A,False,False,-400.0594672112149,400.0594672112149,0.0,A
5062,641.8315535411239,659.9598359316587,8,1,A,True,False,-46.449733329972965,46.449733329972965,0.05,A
5063,34.52082630246878,90.20554600283504,6,1,A,False,False,-644.0767329825082,644.0767329825082,0.0,A
5064,1338.5420073755085,358.4045581519604,6,1,B,False,False,407.21033838184576,407.21033838184576,1.0,B
5065,260.739101562649,136.0385692678392,5,1,A,False,False,-564.7637880840111,564.7637880840111,0.0,A
5066,391.5988840162754,313.76490695402026,6,1,A,False,False,-277.6608069480676,277.6608069480676,0.0,A
5067,926.0301450267434,1455.117266625166,3,1,B,True,False,86.40225696553667,86.40225696553667,1.0,B
5068,1259.388052392751,194.77391056716442,4,1,B,False,False,384.38403565027755,384.38403565027755,1.0,B
5069,1263.422270771116,247.0791614614427,3,1,B,False,False,350.31317531521734,350.31317531521734,1.0,B
5070,1028.9645022712648,372.07968905568123,3,1,B,False,False,208.05609968616878,208.05609968616878,1.0,B
5071,1208.0734642222524,679.1172134689987,2,1,B,False,False,329.97248011278947,329.97248011278947,1.0,B
5072,603.9685201831162,474.1213205270469,6,1,A,True,False,-34.6221486135354,34.6221486135354,0.1,B
5073,988.9059844426811,192.47593078762293,4,1,B,False,False,118.71046131353239,118.71046131353239,1.0,B
5074,1051.1167980730534,969.9028967879713,7,1,B,False,False,172.52995276646544,172.52995276646544,1.0,B
5075,260.0673227570951,348.5935963690281,8,1,A,False,False,-334.38788635439215,334.38788635439215,0.0,A
5076,545.3999298624694,1229.2739837430418,2,1,A,True,False,-84.61618936369109,84.61618936369109,0.0,A
5077,1380.3437682799995,944.2681982181966,6,1,B,False,False,451.3312714393575,451.3312714393575,1.0,B
5078,604.3042307719588,277.69191563129425,5,1,A,False,False,-165.61086426227322,165.61086426227322,0.0,A
5079,1195.5062742345035,1224.51724531129,8,1,B,False,False,565.4989882247118,565.4989882247118,1.0,B
5080,52.75414511561394,29.61422922089696,5,1,A,False,False,-505.29642433618125,505.29642433618125,0.0,A
5081,880.1678409799933,365.9570594318211,4,1,B,False,False,100.77141189194111,100.77141189194111,1.0,B
5082,1234.8378002643585,1345.5622354522347,4,1,B,False,False,392.13721231748815,392.13721231748815,1.0,B
5083,1043.1948686018586,520.5300464294851,8,1,B,False,False,412.71327813054137,412.71327813054137,1.0,B
5084,814.4868607632816,1266.9410887174308,3,1,B,False,False,163.71506404383481,163.71506404383481,1.0,B
5085,665.1708539575338,843.0148875340819,7,1,A,False,False,-191.2207078309667,191.2207078309667,0.0,A
5086,437.6140432432294,692.1884994953871,1,1,A,False,False,-207.0958977575213,207.0958977575213,0.0,A
5087,826.08124287799,916.7445972561836,6,1,A,True,False,-33.11281502732549,33.11281502732549,0.15,A
5088,992.4540091305971,473.6846541054547,4,1,B,False,False,315.6376985962254,315.6376985962254,1.0,B
5089,1030.897163785994,303.3174192532897,3,1,B,False,False,165.424005087711,165.424005087711,1.0,B
5090,71.09040906652808,1186.5766290575266,1,1,A,False,False,-531.8104181013219,531.8104181013219,0.0,A
5091,1117.867100983858,450.3629095852375,4,1,B,False,False,383.96615622131173,383.96615622131173,1.0,B
5092,351.6067676246166,1164.3921383656561,7,1,A,False,False,-258.29057671243805,258.29057671243805,0.0,A
5093,60.90236082673073,1233.623671811074,6,1,A,False,False,-567.491858321517,567.491858321517,0.0,A
5094,1335.5415095575154,1327.3545429110527,3,1,B,False,False,500.11545483897777,500.11545483897777,1.0,B
5095,1015.3073128312826,646.3085794821382,5,1,B,False,False,232.15680637879376,232.15680637879376,1.0,B
5096,808.5811715573072,888.2067482918501,1,1,A,True,False,-60.09106582745593,60.09106582745593,0.0,A
5097,370.2702219597995,277.28063939139247,6,1,A,False,False,-343.89493704217216,343.89493704217216,0.0,A
5098,613.5509493760765,863.6239534243941,7,1,A,False,False,-254.29583258533924,254.29583258533924,0.0,A
5099,1064.028984401375,98.84655196219683,8,1,B,False,False,182.71991423917456,182.71991423917456,1.0,B
5100,688.8126810081303,1327.198297251016,6,1,B,True,True,8.941771050820904,8.941771050820904,0.6,B
5101,393.6861022375524,152.38662902265787,2,1,A,False,False,-463.0603053881325,463.0603053881325,0.0,A
5102,411.3480728119612,1194.8611261323094,2,1,A,False,False,-214.31433145027444,214.31433145027444,0.0,A
5103,631.6950735636055,613.2559846155345,6,1,A,True,False,-27.004724802591735,27.004724802591735,0.15,A
5104,499.6393220499158,162.1488779783249,1,1,A,False,False,-366.7556239195442,366.7556239195442,0.0,A
5105,319.26380144432187,1326.592039782554,1,1,A,False,False,-271.99523361143287,271.99523361143287,0.0,A
5106,110.63051456585526,34.38592795282602,2,1,A,False,False,-471.65517200143415,471.65517200143415,0.0,A
5107,678.7448320537806,1258.3119277842343,6,1,B,True,False,41.38705529428038,41.38705529428038,0.95,A
5108,1497.646360192448,658.3685288205743,6,1,B,False,False,558.8624101139419,558.8624101139419,1.0,B
5109,83.2613599486649,129.2861164547503,8,1,A,False,False,-713.6864925169292,713.6864925169292,0.0,A
5110,595.7694416865706,379.5501133427024,4,1,A,True,False,-85.1187821773486,85.1187821773486,0.0,A
5111,755.4929349571466,242.63963056728244,2,1,A,True,False,-79.28757947392377,79.28757947392377,0.0,A
5112,488.0069252103567,102.5789212435484,2,1,A,False,False,-299.499674710618,299.499674710618,0.0,A
5113,637.1410740539432,1489.5975147373974,6,1,A,False,False,-159.6524351584274,159.6524351584274,0.0,A
5114,1431.5109830349684,1049.7402884066105,3,1,B,False,False,463.5002932805109,463.5002932805109,1.0,B
5115,987.2138961218297,512.8114353865385,8,1,B,False,False,354.05634126663557,354.05634126663557,1.0,B
5116,688.4784204885364,686.4887047559023,5,1,A,True,False,-32.10724931391084,32.10724931391084,0.2,A
5117,1220.3960535116494,656.3806054182351,7,1,B,False,False,365.8022557621924,365.8022557621924,1.0,B
5118,1061.436632182449,1110.6306463479996,7,1,B,False,False,274.71277942902975,274.71277942902975,1.0,B
5119,570.092311128974,589.8052635602653,5,1,A,True,False,-68.54018387834063,68.54018387834063,0.0,A
5120,604.9918625503778,1057.8871141187847,6,1,A,True,False,-93.01115715781198,93.01115715781198,0.0,A
5121,235.33034417778254,56.40188092365861,2,1,A,False,False,-416.9830176096215,416.9830176096215,0.0,A
5122,980.7197344489396,1332.0813341997564,7,1,B,False,False,224.4413701116982,224.4413701116982,1.0,B
5123,1421.1832894943655,306.6335781477392,7,1,B,False,False,443.1625801812432,443.1625801812432,1.0,B
5124,1235.0477096624672,185.48471247777343,5,1,B,False,False,363.7202802994034,363.7202802994034,1.0,B
5125,1307.960080448538,557.9312187619507,3,1,B,False,False,641.8995642536838,641.8995642536838,1.0,B
5126,44.985649175941944,938.9079823158681,8,1,A,False,False,-695.672505068988,695.672505068988,0.0,A
5127,1362.9355877637863,942.8353398106992,8,1,B,False,False,438.0465874920012,438.0465874920012,1.0,B
5128,1025.1669608987868,1141.515489667654,6,1,B,False,False,292.6923082135687,292.6923082135687,1.0,B
5129,396.79346792399883,110.310775693506,8,1,A,False,False,-390.4705857684812,390.4705857684812,0.0,A
5130,91.07064921408892,845.7954511977732,5,1,A,False,False,-746.3011981873287,746.3011981873287,0.0,A
5131,219.15249712765217,1338.437166530639,2,1,A,False,False,-344.8608216127057,344.8608216127057,0.0,A
5132,838.9734411612153,1002.0986725576222,5,1,B,True,False,27.833644662951066,27.833644662951066,0.8,A
5133,951.9613324664533,804.7659010626376,2,1,B,True,False,88.66483147651334,88.66483147651334,1.0,B
5134,1471.1548732593656,518.3476475067437,5,1,B,False,False,839.2091354316968,839.2091354316968,1.0,B
5135,399.15475342422724,1496.2377646006644,6,1,A,False,False,-362.2348241777516,362.2348241777516,0.0,A
5136,1255.0841462798417,137.69743451848626,3,1,B,False,False,369.2979251609458,369.2979251609458,1.0,B
5137,212.69199158996344,414.5383941940963,2,1,A,False,False,-350.30809982917003,350.30809982917003,0.0,A
5138,1302.7204354293644,705.4931432940066,6,1,B,False,False,372.2816526087285,372.2816526087285,1.0,B
5139,1261.1476010642946,1003.0577564612031,7,1,B,False,False,329.535442544811,329.535442544811,1.0,B
5140,1173.7215067259967,526.0466253384948,8,1,B,False,False,543.6883778410526,543.6883778410526,1.0,B
5141,828.8702736608684,1123.4467565082014,4,1,B,False,False,116.01909879002821,116.01909879002821,1.0,B
5142,1239.923711400479,63.42637958005071,7,1,B,False,False,314.94239964991596,314.94239964991596,1.0,B
5143,33.894512336701155,542.789117898792,1,1,A,False,False,-589.0560711069232,589.0560711069232,0.0,A
5144,951.5124270692468,297.2285798750818,3,1,B,False,False,105.95842923044123,105.95842923044123,1.0,B
5145,1297.1892189234495,442.43106013163924,6,1,B,False,False,514.1442722873845,514.1442722873845,1.0,B
5146,1018.7260815873742,1297.786741051823,4,1,B,False,False,304.5476968791404,304.5476968791404,1.0,B
5147,5.599102936685085,1121.4418024756014,7,1,A,False,False,-509.17640042347784,509.17640042347784,0.0,A
5148,1106.6001942381263,845.5450837500393,4,1,B,False,False,231.7640514456821,231.7640514456821,1.0,B
5149,372.2681603394449,515.9661308862269,1,1,A,False,False,-257.14931296555875,257.14931296555875,0.0,A
5150,22.55157893523574,719.3952854722738,5,1,A,False,False,-513.2392633779943,513.2392633779943,0.0,A
5151,849.0402884781361,16.958339139819145,3,1,B,True,False,55.3482711253742,55.3482711253742,1.0,B
5152,210.25964291766286,1351.0148786008358,2,1,A,False,False,-349.93995806869543,349.93995806869543,0.0,A
5153,841.3397362455726,1291.1267182789743,3,1,B,False,False,163.4460592892028,163.4460592892028,1.0,B
5154,353.4473651088774,204.17330274358392,2,1,A,False,False,-493.6306824917052,493.6306824917052,0.0,A
5155,1154.6917939558625,208.77048885449767,7,1,B,False,False,276.23566895902997,276.23566895902997,1.0,B
5156,1490.2858925051987,1254.4746841304004,3,1,B,False,False,824.0489358595025,824.0489358595025,1.0,B
5157,141.41018595546484,822.198199108243,6,1,A,False,False,-641.9825160686619,641.9825160686619,0.0,A
5158,1487.7058044075966,717.8850551135838,5,1,B,False,False,492.262451043726,492.262451043726,1.0,B
5159,262.70545832812786,1286.3437193445861,5,1,A,False,False,-335.4304529866233,335.4304529866233,0.0,A
5160,631.8383873440325,931.2438927590847,5,1,A,False,False,-197.94066221753317,197.94066221753317,0.0,A
5161,1139.0177006833255,651.8481527455151,6,1,B,False,False,314.0447736377661,314.0447736377661,1.0,B
5162,972.7685730904341,806.7044327035546,6,1,B,False,False,105.92770693714353,105.92770693714353,1.0,B
5163,777.8730900026858,529.3305111117661,3,1,B,False,False,147.65315400559504,147.65315400559504,1.0,B
5164,565.9868130460382,1398.318035993725,6,1,A,False,False,-123.97483786041276,123.97483786041276,0.0,A
5165,1223.2834654860198,313.1564506329596,3,1,B,False,False,304.24344715706127,304.24344715706127,1.0,B
5166,1136.0895917750895,1102.6093773543835,5,1,B,False,False,318.01721539240225,318.01721539240225,1.0,B
5167,210.4763500392437,1003.21986945346,5,1,A,False,False,-419.5290173607161,419.5290173607161,0.0,A
5168,931.7729864269495,403.7332101725042,3,1,B,False,False,171.7733597189088,171.7733597189088,1.0,B
5169,1311.1963807605207,1019.0105480141938,3,1,B,False,False,366.9164931027085,366.9164931027085,1.0,B
5170,942.682224791497,98.0929546058178,3,1,B,True,False,82.59555572823253,82.59555572823253,1.0,B
5171,341.5479473769665,428.3208637498319,1,1,A,False,False,-255.6337765943144,255.6337765943144,0.0,A
5172,777.1854526363313,1135.106303729117,5,1,B,True,False,86.98125092770715,86.98125092770715,1.0,B
5173,289.7128192707896,1144.436953123659,1,1,A,False,False,-301.5571443103713,301.5571443103713,0.0,A
5174,1365.0880688801408,345.8485286682844,7,1,B,False,False,415.60999369120435,415.60999369120435,1.0,B
5175,442.15389573946595,1040.2742880396545,8,1,A,False,False,-217.01584954093696,217.01584954093696,0.0,A
5176,1428.2961753197014,1262.1212610974908,4,1,B,False,False,746.7141470700989,746.7141470700989,1.0,B
5177,940.5987462960184,476.716676261276,3,1,B,False,False,272.88552313582136,272.88552313582136,1.0,B
5178,1081.9382797926664,1295.6140763126314,4,1,B,False,False,361.3658041877282,361.3658041877282,1.0,B
5179,506.73561450093985,597.2197609953582,7,1,A,False,False,-123.74029469934025,123.74029469934025,0.0,A
5180,317.79195042327046,1112.6412483863533,2,1,A,False,False,-272.1734778855695,272.1734778855695,0.0,A
5181,24.478940293192863,674.9173728749156,1,1,A,False,False,-481.89991168737765,481.89991168737765,0.0,A
5182,428.9482422173023,489.0522575005889,8,1,A,False,False,-196.120665179213,196.120665179213,0.0,A
5183,338.4531936608255,1263.7575692497194,5,1,A,False,False,-280.4269810461994,280.4269810461994,0.0,A
5184,153.4666707739234,813.3150679059327,2,1,A,False,False,-607.8779475652638,607.8779475652638,0.0,A
5185,924.2149810306728,496.8393975868821,8,1,B,False,False,280.4066363411242,280.4066363411242,1.0,B
5186,322.98644352704287,483.8489927351475,8,1,A,False,False,-293.6830408289081,293.6830408289081,0.0,A
5187,394.88676376640797,213.46304845064878,5,1,A,False,False,-439.72822873574813,439.72822873574813,0.0,A
5188,1186.4298158325255,641.2514937110245,4,1,B,False,False,363.6600833520713,363.6600833520713,1.0,B
5189,1472.6242432370782,46.63013247773051,5,1,B,False,False,480.278708288995,480.278708288995,1.0,B
5190,667.2544553875923,1208.45738472417,3,1,B,True,False,35.48627887193326,35.48627887193326,0.9,B
5191,1449.760009534657,1319.4243740290403,5,1,B,False,False,606.2197312956021,606.2197312956021,1.0,B
5192,1114.5700388588011,244.04664197936654,3,1,B,False,False,226.25608110455252,226.25608110455252,1.0,B
5193,1329.14215978235,1474.9514870345592,6,1,B,False,False,385.73465970936786,385.73465970936786,1.0,B
5194,303.8406567648053,1046.2967064231634,7,1,A,False,False,-306.3645492192054,306.3645492192054,0.0,A
5195,1142.908409703523,857.9939980991185,8,1,B,False,False,270.6972124624387,270.6972124624387,1.0,B
5196,1171.3016722351313,197.2832609899342,7,1,B,False,False,296.96980865972114,296.96980865972114,1.0,B
5197,303.8638774305582,613.0264587700367,1,1,A,False,False,-287.2351574723539,287.2351574723539,0.0,A
5198,333.9290013536811,120.48583058640361,1,1,A,False,False,-465.7074883657599,465.7074883657599,0.0,A
5199,443.3221207000315,792.2884309664369,5,1,A,False,False,-319.3880711724445,319.3880711724445,0.0,A
5200,578.8942817598581,642.7918625995517,2,1,A,True,False,-81.79500722811565,81.79500722811565,0.0,A
5201,535.1887280121446,116.05806089937687,1,1,A,False,False,-279.7386938793221,279.7386938793221,0.0,A
5202,32.65724843367934,1437.8888262435794,7,1,A,False,False,-531.4279446509235,531.4279446509235,0.0,A
5203,1335.9407996758819,170.82461016252637,4,1,B,False,False,465.64598786363564,465.64598786363564,1.0,B
5204,1195.728254970163,226.97668243199587,3,1,B,False,False,304.6776850794949,304.6776850794949,1.0,B
5205,231.35544592514634,1027.335370425135,5,1,A,False,False,-373.4902690003476,373.4902690003476,0.0,A
5206,32.72607224062085,277.7878241613507,8,1,A,False,False,-599.1509471853562,599.1509471853562,0.0,A
5207,650.6498870439827,800.7969162426889,6,1,A,False,False,-161.25485060482086,161.25485060482086,0.0,A
5208,1482.4712416157126,738.7155750766397,3,1,B,False,False,485.9350305031618,485.9350305031618,1.0,B
5209,550.2845426090062,205.6946544907987,5,1,A,False,False,-302.4717332023932,302.4717332023932,0.0,A
5210,245.96469663083553,771.5537021867931,8,1,A,False,False,-436.11356439649364,436.11356439649364,0.0,A
5211,369.7524145245552,976.2167441658676,1,1,A,False,False,-346.049828089505,346.049828089505,0.0,A
5212,1443.9705801196396,1350.4954730160534,6,1,B,False,False,534.4802897873877,534.4802897873877,1.0,B
5213,588.8315699994564,1188.2459856569767,6,1,A,True,False,-44.97995548916272,44.97995548916272,0.05,A
5214,600.1553647220135,1197.3129236139357,6,1,A,True,False,-32.41302309709293,32.41302309709293,0.1,A
5215,445.19224762916565,582.0688800886273,1,1,A,False,False,-177.05140211688084,177.05140211688084,0.0,A
5216,848.857588134706,285.9914777800441,6,1,B,True,True,24.95534419890803,24.95534419890803,0.75,B
5217,981.3782754354179,1213.5845348238945,4,1,B,False,False,348.63932618362946,348.63932618362946,1.0,B
5218,1009.930141735822,1049.2346207611263,3,1,B,False,False,176.29393362021156,176.29393362021156,1.0,B
5219,1491.9551135972142,617.7080171182752,3,1,B,False,False,643.5896520383881,643.5896520383881,1.0,B
5220,161.9279533624649,558.1155032850802,3,1,A,False,False,-451.4044689441886,451.4044689441886,0.0,A
5221,1381.8154628388584,1492.0360282994807,3,1,B,False,False,439.04091355655,439.04091355655,1.0,B
5222,400.4522357136011,719.7639117948711,7,1,A,False,False,-254.37157300712502,254.37157300712502,0.0,A
5223,726.8428271636367,954.5298479497433,6,1,A,True,False,-93.04623649975315,93.04623649975315,0.0,A
5224,725.0894489698112,272.7377135306597,1,1,A,True,False,-78.25861650913109,78.25861650913109,0.0,A
5225,1065.6611840240657,874.9692086130381,7,1,B,False,False,195.66117993723708,195.66117993723708,1.0,B
5226,1240.1063279248774,333.8219518773258,8,1,B,False,False,323.4705420587863,323.4705420587863,1.0,B
5227,1430.3310220129788,511.38462871313095,3,1,B,False,False,792.6319569416803,792.6319569416803,1.0,B
5228,1054.2468116618693,699.3492124602199,6,1,B,False,False,207.48384165145055,207.48384165145055,1.0,B
5229,1240.7250409014523,709.5631677657366,8,1,B,False,False,327.52933888704285,327.52933888704285,1.0,B
5230,764.0786217525601,918.5885977931321,6,1,A,True,False,-89.5900385077565,89.5900385077565,0.0,A
5231,1235.685677267611,881.445353385061,5,1,B,False,False,365.17889728078916,365.17889728078916,1.0,B
5232,763.73550016433,684.8275638185441,6,1,B,True,False,20.532166685643443,20.532166685643443,0.8,B
5233,451.7954592593014,189.1679037362337,6,1,A,False,False,-413.3959330470011,413.3959330470011,0.0,A
5234,970.8857978694141,1495.5982770770788,4,1,B,False,False,106.3617347454253,106.3617347454253,1.0,B
5235,612.76636691764,509.9651380442083,3,1,A,True,False,-18.135263499073293,18.135263499073293,0.2,B
5236,43.15341403707862,1155.937367118895,5,1,A,False,False,-516.402590278806,516.402590278806,0.0,A
5237,34.33740511536598,359.2272405512631,2,1,A,False,False,-481.0566423890709,481.0566423890709,0.0,A
5238,119.43196412175894,1296.0031195543706,2,1,A,False,False,-449.6874015191823,449.6874015191823,0.0,A
5239,355.963465757668,1290.8277246169746,1,1,A,False,False,-252.4253923996498,252.4253923996498,0.0,A
5240,59.862221125513315,321.7321406118572,7,1,A,False,False,-498.5627317562997,498.5627317562997,0.0,A
5241,805.8842369355261,642.0859624631703,6,1,B,True,False,84.36846693413761,84.36846693413761,1.0,B
5242,851.3622209429741,1343.2874428108335,4,1,B,False,False,116.4350008294697,116.4350008294697,1.0,B
5243,94.49467901140451,951.1568541638553,2,1,A,False,False,-618.9095908749168,618.9095908749168,0.0,A
5244,272.8774300776422,1332.8843051567674,1,1,A,False,False,-305.9943218962177,305.9943218962177,0.0,A
5245,1103.6425838246942,89.1541731543839,3,1,B,False,False,214.0062739295482,214.0062739295482,1.0,B
5246,903.9996704086661,792.036646977067,5,1,B,True,False,53.11582410954413,53.11582410954413,1.0,A
5247,1466.109351720661,639.0320872887969,3,1,B,False,False,573.0116480505978,573.0116480505978,1.0,B
5248,578.208259306848,1443.4949629940093,8,1,A,False,False,-154.06994590744637,154.06994590744637,0.0,A
5249,708.3580079488456,100.64364597201347,2,1,A,False,False,-113.06786215561743,113.06786215561743,0.0,A
5250,1378.7804343737662,454.5709127560258,3,1,B,False,False,612.1242377307701,612.1242377307701,1.0,B
5251,647.3709982819855,525.5920328199863,6,1,B,True,True,17.36901939883655,17.36901939883655,0.6,B
5252,1333.5656337440014,143.79367092624307,4,1,B,False,False,448.7684530825961,448.7684530825961,1.0,B
5253,1445.0055984780192,1027.2202896885574,4,1,B,False,False,461.4306584248506,461.4306584248506,1.0,B
5254,1344.5296129211783,1196.7628961429,3,1,B,False,False,686.1112201100434,686.1112201100434,1.0,B
5255,951.997596770525,181.3611052930355,6,1,B,True,False,82.038316916362,82.038316916362,1.0,B
5256,1498.9186618477106,577.0300445146859,4,1,B,False,False,770.2721274477979,770.2721274477979,1.0,B
5257,370.6215899437666,90.06613958626986,7,1,A,False,False,-374.0238809426177,374.0238809426177,0.0,A
5258,1043.6332044191658,335.3232597000897,6,1,B,False,False,189.94098711836833,189.94098711836833,1.0,B
5259,963.5611474514008,1211.814746260643,8,1,B,False,False,330.06307688885107,330.06307688885107,1.0,B
5260,1325.622362550348,612.409028224647,6,1,B,False,False,525.643399928812,525.643399928812,1.0,B
5261,962.9804114811122,416.6080802679062,7,1,B,False,False,209.52395508023164,209.52395508023164,1.0,B
5262,619.5923681370914,1440.5583799816668,6,1,A,False,False,-122.02627035481515,122.02627035481515,0.0,A
5263,1440.3679543174803,1412.175786215812,4,1,B,False,False,462.29002623037815,462.29002623037815,1.0,B
5264,753.0053076334298,217.83519024029374,6,1,A,False,False,-100.35299137752266,100.35299137752266,0.0,A
5265,1246.2652763351798,1403.534489683807,6,1,B,False,False,335.1522566414689,335.1522566414689,1.0,B
5266,1226.2799791060388,1199.4753247126937,1,1,B,False,False,576.155892329797,576.155892329797,1.0,B
5267,37.11199527606368,960.7792762108147,6,1,A,False,False,-639.2995298086907,639.2995298086907,0.0,A
5268,70.28595870360732,437.3021638020873,2,1,A,False,False,-473.044235735871,473.044235735871,0.0,A
5269,1347.4765154533088,180.99713092669845,5,1,B,False,False,476.850232771404,476.850232771404,1.0,B
5270,419.01355516165495,0.009282957762479782,1,1,A,False,False,-225.20506304915824,225.20506304915824,0.0,A
5271,901.2373639270663,833.1390512175858,1,1,B,True,False,36.8360209633836,36.8360209633836,0.85,A
5272,131.16462109610438,564.3717236816883,1,1,A,False,False,-474.363241097854,474.363241097854,0.0,A
5273,387.71670777350664,1168.1608627550304,1,1,A,False,False,-227.95354305144497,227.95354305144497,0.0,A
5274,867.5479651428759,1037.883309647441,1,1,B,True,False,71.34168772749771,71.34168772749771,1.0,A
5275,758.7046036496758,1481.8526557646692,1,1,A,True,False,-56.03989575713903,56.03989575713903,0.05,A
5276,1025.2191396430135,500.8529336191714,5,1,B,False,False,382.2896828121026,382.2896828121026,1.0,B
5277,1018.886455334723,312.5617350451648,4,1,B,False,False,160.78877113748152,160.78877113748152,1.0,B
5278,232.1981848217547,901.8213842064142,8,1,A,False,False,-614.4031280099252,614.4031280099252,0.0,A
5279,268.06297805160284,227.61839954182506,7,1,A,False,False,-528.7322128552331,528.7322128552331,0.0,A
5280,940.8763814717531,285.2812637574971,3,1,B,True,False,92.90816137735867,92.90816137735867,1.0,B
5281,1369.4200348109007,1266.8544840998948,4,1,B,False,False,679.8819809203305,679.8819809203305,1.0,B
5282,97.77344902977347,659.3643659725785,2,1,A,False,False,-429.5794019862647,429.5794019862647,0.0,A
5283,1014.3465846776962,1169.1545988433063,4,1,B,False,False,328.2232162109076,328.2232162109076,1.0,B
5284,167.57346969097853,1288.8392116874456,5,1,A,False,False,-415.8735218485784,415.8735218485784,0.0,A
5285,483.57925191521645,1076.7952823080122,6,1,A,False,False,-164.34390638721135,164.34390638721135,0.0,A
5286,1222.1064046025276,65.12938113883138,6,1,B,False,False,301.9536401274805,301.9536401274805,1.0,B
5287,1497.9440630413592,893.4089932590723,4,1,B,False,False,619.9239894894623,619.9239894894623,1.0,B
5288,329.6679686754942,1088.436242658645,6,1,A,False,False,-266.6963862147498,266.6963862147498,0.0,A
5289,117.06055328249931,1268.6059693805873,2,1,A,False,False,-482.8409717058383,482.8409717058383,0.0,A
5290,1439.5903735421598,626.5331218019128,7,1,B,False,False,581.0753800292573,581.0753800292573,1.0,B
5291,378.359183203429,79.08345479518175,8,1,A,False,False,-348.37300839795114,348.37300839795114,0.0,A
5292,1184.4840212725103,180.05787022411823,4,1,B,False,False,314.2324437696598,314.2324437696598,1.0,B
5293,821.3717518374324,359.71066541969776,6,1,B,True,False,55.78141067573304,55.78141067573304,1.0,B
5294,914.9458492174745,134.35383467003703,6,1,B,True,False,49.32678824515186,49.32678824515186,1.0,B
5295,1153.8909268565476,1467.2969304956496,5,1,B,False,False,251.22635696012503,251.22635696012503,1.0,B
5296,1048.468734137714,656.4677464775741,3,1,B,False,False,243.86344265833455,243.86344265833455,1.0,B
5297,402.7396123856306,962.7228509634733,7,1,A,False,False,-343.3736721684112,343.3736721684112,0.0,A
5298,362.29823157191277,883.1736124120653,2,1,A,False,False,-505.8049153907358,505.8049153907358,0.0,A
5299,333.8605798780918,1210.669511463493,1,1,A,False,False,-294.33459338055627,294.33459338055627,0.0,A
5300,127.23379489034414,827.1873355843127,6,1,A,False,False,-667.8693030273364,667.8693030273364,0.0,A
5301,185.0930512882769,1278.6384802311659,2,1,A,False,False,-410.33780842869805,410.33780842869805,0.0,A
5302,247.83477885648608,1436.9982951320708,1,1,A,False,False,-379.2692419369171,379.2692419369171,0.0,A
5303,1425.5552077665925,1310.7771179638803,8,1,B,False,False,609.4358591281854,609.4358591281854,1.0,B
5304,1052.7633572928607,1422.8753596544266,4,1,B,False,False,191.49875302315192,191.49875302315192,1.0,B
5305,832.932067103684,1205.4034369066358,5,1,B,False,False,197.60092615256852,197.60092615256852,1.0,B
5306,498.43937577679753,221.28124348819256,6,1,A,False,False,-331.3976397248337,331.3976397248337,0.0,A
5307,149.3896977044642,1245.1931568793952,1,1,A,False,False,-473.7289860044479,473.7289860044479,0.0,A
5308,65.30307652428746,973.0497705750167,7,1,A,False,False,-585.618882700674,585.618882700674,0.0,A
5309,1113.8783222995698,1393.3058883994818,6,1,B,False,False,252.7251093790274,252.7251093790274,1.0,B
5310,609.2263832688332,1147.5161709822714,5,1,A,True,False,-40.03546590647676,40.03546590647676,0.05,A
5311,1042.3652571626008,793.9472794532776,5,1,B,False,False,164.82383756247307,164.82383756247307,1.0,B
5312,1097.8602524846792,583.8395683094859,8,1,B,False,False,396.82162279946283,396.82162279946283,1.0,B
5313,907.744905911386,36.434170324355364,7,1,B,True,False,83.44502915068803,83.44502915068803,1.0,B
5314,33.20688055828214,1167.7909847348928,1,1,A,False,False,-541.1825031517723,541.1825031517723,0.0,A
5315,399.1770828142762,137.6621606759727,2,1,A,False,False,-437.5030011805513,437.5030011805513,0.0,A
5316,510.66369423642755,358.83803106844425,5,1,A,False,False,-156.63504285703192,156.63504285703192,0.0,A
5317,204.58515034988523,751.0077464394271,8,1,A,False,False,-430.3875835614906,430.3875835614906,0.0,A
5318,1342.9002463817596,431.80930987000465,7,1,B,False,False,525.8871388396378,525.8871388396378,1.0,B
5319,341.616771183908,861.8647190742195,2,1,A,False,False,-523.3660778401279,523.3660778401279,0.0,A
5320,1482.0284508168697,165.39812553673983,8,1,B,False,False,609.8581180981755,609.8581180981755,1.0,B
5321,239.84726797789335,1179.8139824531972,2,1,A,False,False,-368.0312538296646,368.0312538296646,0.0,A
5322,1158.6078540422022,310.93805423006415,4,1,B,False,False,258.2836600532228,258.2836600532228,1.0,B
5323,1041.0527139902115,876.8529812805355,5,1,B,False,False,171.04186879066438,171.04186879066438,1.0,B
5324,1102.0210781134665,1166.7371755465865,4,1,B,False,False,401.56169711406176,401.56169711406176,1.0,B
5325,880.7209208607674,491.3766053505242,6,1,B,False,False,233.61578827553384,233.61578827553384,1.0,B
5326,534.3883289024234,481.5453509800136,5,1,A,True,False,-96.8193733003555,96.8193733003555,0.0,A
5327,178.5780075006187,1078.4956980496645,7,1,A,False,False,-374.62634196598316,374.62634196598316,0.0,A
5328,362.2297262772918,449.4466627947986,8,1,A,False,False,-243.86503920466646,243.86503920466646,0.0,A
5329,1053.6971795372665,406.8785738199949,4,1,B,False,False,264.0384887669271,264.0384887669271,1.0,B
5330,205.9201025404036,225.0450225546956,5,1,A,False,False,-590.7478080535708,590.7478080535708,0.0,A
5331,237.02321480959654,939.8059453815222,6,1,A,False,False,-527.7457774138111,527.7457774138111,0.0,A
5332,1386.4351222291589,528.0730524100363,3,1,B,False,False,756.055933790198,756.055933790198,1.0,B
5333,98.68525760248303,170.6639276817441,7,1,A,False,False,-770.5474052788596,770.5474052788596,0.0,A
5334,697.8855826891959,723.0678219348192,5,1,A,True,False,-52.84590532165138,52.84590532165138,0.0,A
5335,167.9270644672215,963.6862403713167,1,1,A,False,False,-527.7808503561301,527.7808503561301,0.0,A
5336,668.255730997771,101.99180524796247,7,1,A,False,False,-147.87487754336607,147.87487754336607,0.0,A
5337,574.4688995182514,1015.4772754758596,5,1,A,False,False,-148.07075018824423,148.07075018824423,0.0,A
5338,100.97054159268737,744.3416872993112,1,1,A,False,False,-493.56400880376344,493.56400880376344,0.0,A
5339,1494.0846674144268,156.1544998548925,3,1,B,False,False,615.7556462180867,615.7556462180867,1.0,B
5340,1161.5448142401874,1347.7252973243594,7,1,B,False,False,335.9090721578094,335.9090721578094,1.0,B
5341,1341.9466470368207,1383.9742220006883,8,1,B,False,False,416.7620346800516,416.7620346800516,1.0,B
5342,315.6382874585688,1436.127141583711,2,1,A,False,False,-330.68928119930735,330.68928119930735,0.0,A
5343,772.872228641063,1421.844711061567,1,1,A,True,True,-0.3482587528976726,0.3482587528976726,0.55,B
5344,737.8781377337873,512.2292661108077,3,1,B,False,False,106.28701891033582,106.28701891033582,1.0,B
5345,44.91664655506611,716.0205650143325,6,1,A,False,False,-494.16131884515414,494.16131884515414,0.0,A
5346,312.07680562511086,914.9602996185422,2,1,A,False,False,-514.72057347617,514.72057347617,0.0,A
5347,40.333958342671394,392.90802273899317,2,1,A,False,False,-470.3512368686679,470.3512368686679,0.0,A
5348,883.4620337001979,533.5408095270395,4,1,B,False,False,252.2527294618181,252.2527294618181,1.0,B
5349,1373.1677024625242,43.30297093838453,4,1,B,False,False,409.14884468291564,409.14884468291564,1.0,B
5350,949.0156997926533,529.0561784058809,6,1,B,False,False,318.6913222719863,318.6913222719863,1.0,B
5351,641.6863217018545,357.6035709120333,5,1,A,True,False,-68.21227360431472,68.21227360431472,0.0,A
5352,1247.465739492327,1229.8925975337625,3,1,B,False,False,616.6609717620897,616.6609717620897,1.0,B
5353,640.0746242143214,845.7049964927137,5,1,A,False,False,-217.43918074877234,217.43918074877234,0.0,A
5354,1061.7652097716928,37.69530449062586,5,1,B,False,False,190.7491600856305,190.7491600856305,1.0,B
5355,735.7455692254007,1317.1969992108643,5,1,B,True,False,52.453602530371946,52.453602530371946,1.0,B
5356,909.453438129276,161.52911726385355,2,1,B,True,False,39.99346078973932,39.99346078973932,0.95,B
5357,59.43046510219574,826.4106181450188,1,1,A,False,False,-727.5591494603187,727.5591494603187,0.0,A
5358,342.7000385709107,1386.322170495987,5,1,A,False,False,-268.20448344662725,268.20448344662725,0.0,A
5359,144.1884571686387,1471.0256354883313,2,1,A,False,False,-512.0654165038321,512.0654165038321,0.0,A
5360,640.6919066794217,1228.7468276917934,5,1,B,True,True,10.617087384305886,10.617087384305886,0.6,A
5361,815.9446748904884,795.2779498882592,5,1,A,True,True,-20.10694821996844,20.10694821996844,0.25,A
5362,1156.1525138095021,727.3617186583579,3,1,B,False,False,260.6602393584408,260.6602393584408,1.0,B
5363,117.66548221930861,229.52951956540346,6,1,A,False,False,-658.6113398565819,658.6113398565819,0.0,A
5364,1462.895981501788,857.402365654707,4,1,B,False,False,586.0377840787652,586.0377840787652,1.0,B
5365,588.7171989306808,98.27435575425625,1,1,A,False,False,-209.54066112098312,209.54066112098312,0.0,A
5366,1381.7928680218756,214.84870137646794,7,1,B,False,False,485.98100577530954,485.98100577530954,1.0,B
5367,384.2339375987649,224.95456784963608,2,1,A,False,False,-429.3971064030461,429.3971064030461,0.0,A
5368,1052.5437640026212,1121.7894335277379,8,1,B,False,False,283.8795264741674,283.8795264741674,1.0,B
5369,202.5031135417521,1135.5666127055883,1,1,A,False,False,-366.9011210386418,366.9011210386418,0.0,A
5370,1439.5286575891078,413.9201589860022,8,1,B,False,False,559.6424764290688,559.6424764290688,1.0,B
5371,1177.6134492829442,875.8385824039578,7,1,B,False,False,307.6067391495917,307.6067391495917,1.0,B
5372,668.7106965109706,390.74469823390245,1,1,A,True,False,-27.055029056565456,27.055029056565456,0.1,A
5373,1069.6518095210195,1355.5124890990555,5,1,B,False,False,260.00717899307244,260.00717899307244,1.0,B
5374,748.2557147741318,901.5932246111333,6,1,A,False,False,-114.6812094900688,114.6812094900688,0.0,A
5375,813.6092070490122,184.9804725497961,5,1,A,True,False,-55.651796874704964,55.651796874704964,0.0,A
5376,511.7528485134244,171.02629551663995,2,1,A,False,False,-357.90690498408037,357.90690498408037,0.0,A
5377,1194.2224041558802,813.4747347794473,8,1,B,False,False,297.8055397096023,297.8055397096023,1.0,B
5378,454.5706082135439,1421.3651404716074,6,1,A,False,False,-218.71167314090314,218.71167314090314,0.0,A
5379,1101.7438173294067,732.3611844331026,8,1,B,False,False,220.85709270172458,220.85709270172458,1.0,B
5380,224.2522845044732,1068.7047229148448,7,1,A,False,False,-346.6768546061697,346.6768546061697,0.0,A
5381,322.5310673005879,301.74907576292753,7,1,A,False,False,-341.6715212546319,341.6715212546319,0.0,A
5382,1064.815008547157,1246.2689350359142,6,1,B,False,False,423.87216310535024,423.87216310535024,1.0,B
5383,1344.097155611962,702.3354638367891,6,1,B,False,False,402.55094829675045,402.55094829675045,1.0,B
5384,1483.164383098483,1092.7276792936027,8,1,B,False,False,550.4882344864119,550.4882344864119,1.0,B
5385,1024.1371490992606,251.69559102505445,5,1,B,False,False,149.75899124531088,149.75899124531088,1.0,B
5386,979.0335819125175,148.42881727963686,3,1,B,False,False,108.95807532810859,108.95807532810859,1.0,B
5387,1204.287562519312,1116.7389652691782,5,1,B,False,False,389.9800895989079,389.9800895989079,1.0,B
5388,130.20282005891204,1181.1508988030255,1,1,A,False,False,-470.4176055286486,470.4176055286486,0.0,A
5389,670.3314743936062,1166.8097767978907,7,1,B,True,False,21.433038627748807,21.433038627748807,0.8,B
5390,1379.6957354061306,748.5182359814644,6,1,B,False,False,414.2886614463138,414.2886614463138,1.0,B
5391,145.68048901855946,741.285340860486,5,1,A,False,False,-457.1325977490736,457.1325977490736,0.0,A
5392,332.5784420594573,1480.7100989855826,1,1,A,False,False,-386.8007573676794,386.8007573676794,0.0,A
5393,1126.0355352424085,1127.3583644069731,5,1,B,False,False,348.82959503905914,348.82959503905914,1.0,B
5394,492.4356434494257,1456.7765020765364,2,1,A,False,False,-230.29557476368063,230.29557476368063,0.0,A
5395,811.8801503442228,199.18189197778702,6,1,A,True,False,-53.87372416216819,53.87372416216819,0.0,A
5396,1303.0933616682887,46.355861239135265,5,1,B,False,False,359.4471749879942,359.4471749879942,1.0,B
5397,1319.2918337881565,931.9405392743647,5,1,B,False,False,411.0653129652043,411.0653129652043,1.0,B
5398,339.25776137039065,1182.4148939922452,2,1,A,False,False,-277.8186815922045,277.8186815922045,0.0,A
5399,615.0084282271564,1200.621759518981,5,1,A,True,True,-17.38414541944274,17.38414541944274,0.25,A
5400,1051.3291745446622,293.9929822459817,5,1,B,False,False,177.08882092014724,177.08882092014724,1.0,B
5401,218.79591001197696,913.4002598002553,7,1,A,False,False,-605.3026982764957,605.3026982764957,0.0,A
5402,1154.426318127662,388.4900179691613,8,1,B,False,False,312.59564556409356,312.59564556409356,1.0,B
5403,14.563243836164474,63.17459559068084,7,1,A,False,False,-592.0379828626941,592.0379828626941,0.0,A
5404,805.0422454252839,214.75604502484202,4,1,A,True,False,-53.721084786822395,53.721084786822395,0.0,A
5405,670.6437827087939,730.9667905792594,1,1,A,True,False,-77.98893929982687,77.98893929982687,0.0,A
5406,1044.110706076026,626.8970989622176,8,1,B,False,False,279.4019047003142,279.4019047003142,1.0,B
5407,747.3405925557017,1007.5599127449095,8,1,A,True,False,-33.4298915710008,33.4298915710008,0.1,A
5408,1053.8178216665983,1235.49845488742,3,1,B,False,False,421.1280281243652,421.1280281243652,1.0,B
5409,76.21838338673115,222.4263078533113,6,1,A,False,False,-715.4849252958204,715.4849252958204,0.0,A
5410,95.49465542659163,1019.9180566705763,2,1,A,False,False,-476.2836715509945,476.2836715509945,0.0,A
5411,1346.9804017804563,1363.1479796022177,3,1,B,False,False,445.497348791023,445.497348791023,1.0,B
5412,789.0669847838581,289.3656101077795,8,1,A,True,True,-16.962770621205607,16.962770621205607,0.3,B
5413,1175.194148439914,393.7538042664528,8,1,B,False,False,333.9471558426899,333.9471558426899,1.0,B
5414,783.2297324202955,978.6808309145272,8,1,A,True,True,-29.096073863064223,29.096073863064223,0.25,A
5415,1136.5220434963703,45.76228279620409,3,1,B,False,False,240.9287090108032,240.9287090108032,1.0,B
5416,170.30049674212933,1454.5715223066509,5,1,A,False,False,-461.1072702355227,461.1072702355227,0.0,A
5417,251.58001435920596,680.514995008707,8,1,A,False,False,-327.58503730463366,327.58503730463366,0.0,A
5418,59.01008890941739,237.54845838993788,6,1,A,False,False,-687.5408592799374,687.5408592799374,0.0,A
5419,1383.7216710671782,265.2205000631511,4,1,B,False,False,434.4365384937817,434.4365384937817,1.0,B
5420,492.03012557700276,254.70365909859538,5,1,A,False,False,-284.6674623064315,284.6674623064315,0.0,A
5421,672.6637822575867,68.02592799067497,1,1,A,False,False,-109.57343767122741,109.57343767122741,0.0,A
5422,1339.352936949581,338.30939931795,6,1,B,False,False,393.5964751380685,393.5964751380685,1.0,B
5423,583.321908954531,147.5121108815074,7,1,A,False,False,-273.7306001049416,273.7306001049416,0.0,A
5424,349.5156755670905,253.08006769046187,1,1,A,False,False,-404.249981336618,404.249981336618,0.0,A
5425,939.1202540136874,443.3011938817799,3,1,B,False,False,225.72614716711803,225.72614716711803,1.0,B
5426,1395.7209549844265,1416.9018873944879,5,1,B,False,False,429.64310612599945,429.64310612599945,1.0,B
5427,180.07510202005506,954.442628659308,5,1,A,False,False,-540.0837964615165,540.0837964615165,0.0,A
5428,86.31116710603237,1153.109947219491,2,1,A,False,False,-476.56013461111047,476.56013461111047,0.0,A
5429,357.6503321528435,937.6755310222507,1,1,A,False,False,-428.21974868883046,428.21974868883046,0.0,A
5430,646.2403647601604,1477.7469313703477,6,1,A,False,False,-139.49594221882694,139.49594221882694,0.0,A
5431,484.383097384125,1335.9851692803204,2,1,A,False,False,-148.64745471085817,148.64745471085817,0.0,A
5432,36.80814290419221,841.936337761581,6,1,A,False,False,-789.6950963906553,789.6950963906553,0.0,A
5433,737.7634537406266,828.4904812462628,5,1,A,False,False,-111.73993811225004,111.73993811225004,0.0,A
5434,479.3477193452418,301.89796490594745,2,1,A,False,False,-229.36704134361887,229.36704134361887,0.0,A
5435,459.1689775697887,302.4942032061517,5,1,A,False,False,-243.0823661289508,243.0823661289508,0.0,A
5436,806.2701970338821,1256.6520008258522,6,1,B,False,False,164.14170074766656,164.14170074766656,1.0,B
5437,698.7555515952408,1234.2184321023524,5,1,B,True,False,68.07576117079803,68.07576117079803,1.0,B
5438,1457.1783458814025,463.07647274807096,5,1,B,False,False,703.4436289515193,703.4436289515193,1.0,B
5439,478.1959801912308,1265.0636765174568,5,1,A,False,False,-149.12631709311552,149.12631709311552,0.0,A
5440,497.7831160649657,60.39425963535905,2,1,A,False,False,-230.86763419978377,230.86763419978377,0.0,A
5441,1327.9257989488542,10.137731675058603,5,1,B,False,False,386.6512203299896,386.6512203299896,1.0,B
5442,1405.5200284346938,725.7597204297781,4,1,B,False,False,433.4522321651251,433.4522321651251,1.0,B
5443,340.93075431883335,52.55566164851189,2,1,A,False,False,-334.5241063582004,334.5241063582004,0.0,A
5444,1356.6245315596461,118.55055950582027,3,1,B,False,False,444.6242626721442,444.6242626721442,1.0,B
5445,1182.044091168791,351.1949060484767,6,1,B,False,False,294.84116430641586,294.84116430641586,1.0,B
5446,565.3528589755297,1372.2706837579608,1,1,A,False,False,-107.28144046429095,107.28144046429095,0.0,A
5447,797.5430027581751,574.720919597894,7,1,B,False,False,141.26856718175247,141.26856718175247,1.0,B
5448,340.43346578255296,1016.4407989941537,6,1,A,False,False,-310.3107974991949,310.3107974991949,0.0,A
5449,778.1854206696153,1206.9802936166525,3,1,B,False,False,144.46197599862242,144.46197599862242,1.0,B
5450,172.76523308828473,1432.5134851969779,6,1,A,False,False,-425.8059281524111,425.8059281524111,0.0,A
5451,1181.0452938079834,610.2907927706838,4,1,B,False,False,414.76969693243166,414.76969693243166,1.0,B
5452,150.55811405181885,526.5272855758667,8,1,A,False,False,-479.4009043220694,479.4009043220694,0.0,A
5453,1041.964522562921,1453.4497889690101,8,1,B,False,False,171.04579933079845,171.04579933079845,1.0,B
5454,1262.4559393152595,1084.4907355494797,7,1,B,False,False,383.2164778576103,383.2164778576103,1.0,B
5455,1.3664583675563335,294.3319855257869,5,1,A,False,False,-585.7798937606301,585.7798937606301,0.0,A
5456,963.3404407650232,331.5986576490104,8,1,B,False,False,132.69623879713174,132.69623879713174,1.0,B
5457,1159.0053560212255,123.69995098561049,6,1,B,False,False,271.95735585269597,271.95735585269597,1.0,B
5458,1486.505891662091,403.82554242387414,8,1,B,False,False,573.2846385962655,573.2846385962655,1.0,B
5459,885.3680463507771,414.007646497339,3,1,B,False,False,148.7808292713732,148.7808292713732,1.0,B
5460,210.9200614504516,1188.61568486318,8,1,A,False,False,-402.09349893383546,402.09349893383546,0.0,A
5461,222.52595610916615,828.0792692676187,6,1,A,False,False,-582.9702301958891,582.9702301958891,0.0,A
5462,267.20833126455545,332.40179624408484,2,1,A,False,False,-343.6186006271642,343.6186006271642,0.0,A
5463,687.6728525385261,395.9881835617125,8,1,A,True,True,-10.099126220286983,10.099126220286983,0.4,A
5464,57.7736422419548,302.8571046888828,6,1,A,False,False,-529.031502689709,529.031502689709,0.0,A
5465,202.80324295163155,715.9301145002246,8,1,A,False,False,-386.05021343441234,386.05021343441234,0.0,A
5466,1457.9569939523935,1247.4830942228436,1,1,B,False,False,806.9295598044926,806.9295598044926,1.0,B
5467,631.3193840906024,425.630078651011,5,1,A,True,False,-33.20743317232817,33.20743317232817,0.1,A
5468,66.70641666278243,208.65784445777535,6,1,A,False,False,-759.7934727265789,759.7934727265789,0.0,A
5469,873.5116794705391,635.6897824443877,1,1,B,False,False,140.30026169254353,140.30026169254353,1.0,B
5470,4.683975130319595,827.9866031371057,7,1,A,False,False,-782.0654731636636,782.0654731636636,0.0,A
5471,1292.794258799404,717.3452409915626,6,1,B,False,False,358.9742603967608,358.9742603967608,1.0,B
5472,204.24948167055845,1497.8515282273293,2,1,A,False,False,-525.7838177990216,525.7838177990216,0.0,A
5473,1126.6147959977388,129.95165353640914,6,1,B,False,False,245.18567183556547,245.18567183556547,1.0,B
5474,1337.382554076612,1435.601034667343,3,1,B,False,False,384.32128287987024,384.32128287987024,1.0,B
5475,704.3824139982462,1032.6205473393202,6,1,A,True,False,-44.00874640047037,44.00874640047037,0.0,A
5476,1129.1792434640229,675.8312182500958,7,1,B,False,False,279.05512034024486,279.05512034024486,1.0,B
5477,243.21081954985857,1394.6635904721916,5,1,A,False,False,-341.1125827593967,341.1125827593967,0.0,A
5478,1318.2763494551182,1213.221990969032,5,1,B,False,False,683.2075049224533,683.2075049224533,1.0,B
5479,1117.4710616469383,1473.5001046210527,4,1,B,False,False,223.83047854429606,223.83047854429606,1.0,B
5480,0.7766685448586941,1151.2918383814394,2,1,A,False,False,-545.8446060839287,545.8446060839287,0.0,A
5481,557.6537735760212,554.4194849207997,6,1,A,True,False,-73.65061640217475,73.65061640217475,0.0,A
5482,1004.8141549341381,1136.0026490874588,4,1,B,False,False,267.9845269015307,267.9845269015307,1.0,B
5483,1062.3189825564623,631.4983041957021,4,1,B,False,False,286.4506302378279,286.4506302378279,1.0,B
5484,620.4623370431364,539.759824052453,4,1,A,True,True,-10.483654937186618,10.483654937186618,0.35,B
5485,652.7684424072504,778.909467626363,6,1,A,False,False,-135.68064219547415,135.68064219547415,0.0,A
5486,427.3525415919721,872.3015156574547,7,1,A,False,False,-442.46173141692907,442.46173141692907,0.0,A
5487,1076.6112562268972,1053.274780511856,3,1,B,False,False,224.67315975724486,224.67315975724486,1.0,B
5488,728.2890602946281,230.83561565726995,2,1,A,False,False,-112.74937445590142,112.74937445590142,0.0,A
5489,209.47790471836925,205.03845484927297,1,1,A,False,False,-630.739319017996,630.739319017996,0.0,A
5490,1231.2532514333725,823.8574233837426,3,1,B,False,False,337.2362179278765,337.2362179278765,1.0,B
5491,643.155803438276,577.2465406917036,5,1,B,True,True,0.18004972129701213,0.18004972129701213,0.45,B
5492,126.14393653348088,1421.6876355931163,7,1,A,False,False,-444.747816608826,444.747816608826,0.0,A
5493,200.66572353243828,1471.8983578495681,5,1,A,False,False,-471.10683591419536,471.10683591419536,0.0,A
5494,1246.3340945541859,313.6530490592122,3,1,B,False,False,320.49701531691045,320.49701531691045,1.0,B
5495,506.9549772888422,886.1803072504699,6,1,A,False,False,-360.34921426340946,360.34921426340946,0.0,A
5496,924.5566930621862,684.2337842099369,6,1,B,False,False,130.98322095129464,130.98322095129464,1.0,B
5497,396.1816616356373,74.37754143029451,2,1,A,False,False,-326.86145894276274,326.86145894276274,0.0,A
5498,1155.356110073626,1192.485746461898,3,1,B,False,False,496.9635786691212,496.9635786691212,1.0,B
5499,1243.9159573987126,1167.9975064471364,7,1,B,False,False,529.4344303038785,529.4344303038785,1.0,B
5500,626.7757345922291,1348.8013660535216,1,1,A,True,False,-50.36051904436047,50.36051904436047,0.0,A
5501,246.65774032473564,1191.3043451495469,7,1,A,False,False,-370.2027123671104,370.2027123671104,0.0,A
5502,453.2874687574804,971.318026073277,7,1,A,False,False,-289.73359395007765,289.73359395007765,0.0,A
5503,361.45072616636753,1261.8684098124504,8,1,A,False,False,-259.61968312638953,259.61968312638953,0.0,A
5504,882.3106354102492,1121.6961275786161,3,1,B,False,False,154.78072007269827,154.78072007269827,1.0,B
5505,1489.6580250933766,1.8869047053158283,3,1,B,False,False,501.90823079949894,501.90823079949894,1.0,B
5506,1020.1594093814492,819.6357758715749,7,1,B,False,False,146.48911289386004,146.48911289386004,1.0,B
5507,104.26545236259699,154.97305383905768,5,1,A,False,False,-750.0190897325881,750.0190897325881,0.0,A
5508,1136.361493729055,1299.3518142029643,4,1,B,False,False,399.89691094585595,399.89691094585595,1.0,B
5509,1348.45380904153,587.1608010493219,5,1,B,False,False,608.2915867617437,608.2915867617437,1.0,B
5510,1444.9369087815285,687.0372905395925,3,1,B,False,False,484.0581460748223,484.0581460748223,1.0,B
5511,43.767746072262526,1284.066708292812,6,1,A,False,False,-529.2838744247248,529.2838744247248,0.0,A
5512,1483.8222032412887,880.1841381937265,8,1,B,False,False,613.1829364607062,613.1829364607062,1.0,B
5513,835.8789584599435,183.93784342333674,6,1,A,True,False,-33.61009241859643,33.61009241859643,0.2,A
5514,1289.3846668303013,637.8721813671291,4,1,B,False,False,445.0279048854486,445.0279048854486,1.0,B
5515,622.1966156736016,1039.3964205868542,8,1,A,True,False,-94.94522922525653,94.94522922525653,0.0,A
5516,1035.1615785621107,590.0570028461516,6,1,B,False,False,331.2686719156337,331.2686719156337,1.0,B
5517,606.9303886033595,1216.2770102731884,1,1,A,True,True,-23.354514219151547,23.354514219151547,0.25,A
5518,1046.0838787257671,173.62916423007846,6,1,B,False,False,176.077499799454,176.077499799454,1.0,B
5519,487.786250654608,1379.946865607053,1,1,A,False,False,-165.2176903143813,165.2176903143813,0.0,A
5520,2.617129124701023,188.1826319731772,2,1,A,False,False,-859.6222931946475,859.6222931946475,0.0,A
5521,1376.5990203246474,1194.5175686851144,6,1,B,False,False,712.5685191541443,712.5685191541443,1.0,B
5522,1255.6258044205606,715.7690771855414,3,1,B,False,False,334.29371136470684,334.29371136470684,1.0,B
5523,1464.204205200076,530.199924018234,3,1,B,False,False,833.0222324969758,833.0222324969758,1.0,B
5524,1263.4453154169023,1137.0420944876969,6,1,B,False,False,474.97254822395485,474.97254822395485,1.0,B
5525,383.371464908123,1246.3368102908134,2,1,A,False,False,-243.75201226347266,243.75201226347266,0.0,A
5526,440.80565962940454,712.7140816301107,5,1,A,False,False,-220.43754662280213,220.43754662280213,0.0,A
5527,500.85259694606066,1426.9703915342689,2,1,A,False,False,-192.07657862682132,192.07657862682132,0.0,A
5528,1382.6425401493907,1015.9605187363923,6,1,B,False,False,416.11785709152105,416.11785709152105,1.0,B
5529,576.5616917051375,943.6034644022584,8,1,A,False,False,-230.43969422982187,230.43969422982187,0.0,A
5530,455.58455726131797,1201.0785047896206,1,1,A,False,False,-172.6816736457511,172.6816736457511,0.0,A
5531,1000.7839291356504,1218.8065331429243,7,1,B,False,False,369.936605332606,369.936605332606,1.0,B
5532,1354.3271273374557,463.94753688946366,3,1,B,False,False,616.342114092562,616.342114092562,1.0,B
5533,388.8577404431999,359.5915725454688,2,1,A,False,False,-239.17063107011535,239.17063107011535,0.0,A
5534,1376.798541750759,787.9172447137535,4,1,B,False,False,431.47777628730927,431.47777628730927,1.0,B
5535,21.380291786044836,1203.3756002783775,1,1,A,False,False,-598.101387849409,598.101387849409,0.0,A
5536,1027.9868803918362,695.516531355679,3,1,B,False,False,192.5066834917101,192.5066834917101,1.0,B
5537,951.3290952891111,3.338655922561884,6,1,B,False,False,134.56738871582004,134.56738871582004,1.0,B
5538,1193.9558079466224,1378.2679256983101,7,1,B,False,False,321.14316517767116,321.14316517767116,1.0,B
5539,253.8045309484005,1420.4837791621685,8,1,A,False,False,-355.7388517790125,355.7388517790125,0.0,A
5540,907.7676348388195,1290.3724224306643,8,1,B,False,False,221.3239783893953,221.3239783893953,1.0,B
5541,1448.0455652810633,240.37646083161235,4,1,B,False,False,513.6949846143909,513.6949846143909,1.0,B
5542,603.8495781831443,730.3041759878397,1,1,A,False,False,-123.79765662989693,123.79765662989693,0.0,A
5543,1059.8567286506295,506.4138360321522,1,1,B,False,False,421.50149904752897,421.50149904752897,1.0,B
5544,1447.8627699427307,159.25512509420514,5,1,B,False,False,572.50754005724,572.50754005724,1.0,B
5545,807.7276088297367,808.3262261934578,6,1,A,True,False,-35.40759642882636,35.40759642882636,0.15,A
5546,1047.713222913444,891.6476690210402,4,1,B,False,False,176.79192953400187,176.79192953400187,1.0,B
5547,946.6429813764989,327.45364867150784,3,1,B,False,False,118.67689121540361,118.67689121540361,1.0,B
5548,433.86894185096025,1448.5791851766407,2,1,A,False,False,-262.46434127177696,262.46434127177696,0.0,A
5549,923.9379689097404,311.4409167319536,7,1,B,True,False,93.58568334790596,93.58568334790596,1.0,B
5550,1117.032818030566,905.7772094383836,4,1,B,False,False,241.38130116459578,241.38130116459578,1.0,B
5551,604.9614083021879,18.616610672324896,6,1,A,False,False,-113.1053619213957,113.1053619213957,0.0,A
5552,600.8094353601336,1176.3038551434875,5,1,A,True,False,-36.82511717688792,36.82511717688792,0.05,A
5553,1467.4097006209195,1362.371552735567,4,1,B,False,False,531.0670662529179,531.0670662529179,1.0,B
5554,947.2544523887336,243.18091990426183,5,1,B,True,False,84.21418943930702,84.21418943930702,1.0,B
5555,1159.0785160660744,335.93812258914113,7,1,B,False,False,269.2009996085827,269.2009996085827,1.0,B
5556,1299.0934127010405,284.7780562005937,7,1,B,False,False,359.2540310186037,359.2540310186037,1.0,B
5557,1408.794050104916,513.8635165058076,4,1,B,False,False,773.7379047395414,773.7379047395414,1.0,B
5558,325.50145173445344,1007.9676574096084,2,1,A,False,False,-331.19926052808677,331.19926052808677,0.0,A
5559,256.6056763753295,382.9979686997831,1,1,A,False,False,-319.25676241342296,319.25676241342296,0.0,A
5560,495.8679252304137,305.4458540864289,1,1,A,False,False,-213.57449015593835,213.57449015593835,0.0,A
5561,1005.8053219690919,1095.5323171801865,3,1,B,False,False,215.85108486808375,215.85108486808375,1.0,B
5562,1138.1492405198514,1165.9052856266499,3,1,B,False,False,431.72275869455996,431.72275869455996,1.0,B
5563,601.5840042382479,74.28413769230247,6,1,A,False,False,-169.93049787040763,169.93049787040763,0.0,A
5564,543.9124619588256,340.8153927884996,7,1,A,False,False,-147.2105728035822,147.2105728035822,0.0,A
5565,764.3966353498399,229.4169212691486,6,1,A,True,False,-81.72494301127632,81.72494301127632,0.0,A
5566,198.5498797148466,538.6110632680357,6,1,A,False,False,-428.6671543891258,428.6671543891258,0.0,A
5567,736.2564308568835,406.08213376253843,8,1,B,True,False,32.108640186335265,32.108640186335265,0.95,B
5568,1035.8488583005965,1496.263082139194,8,1,B,False,False,159.4574163808334,159.4574163808334,1.0,B
5569,1339.9025690741837,67.91405053809285,4,1,B,False,False,390.6680406530417,390.6680406530417,1.0,B
5570,261.5471282042563,196.5243173763156,1,1,A,False,False,-593.6577886353192,593.6577886353192,0.0,A
5571,525.5078072659671,787.7098373137414,1,1,A,False,False,-246.39203946384424,246.39203946384424,0.0,A
5572,152.3596909828484,1437.0204554870725,8,1,A,False,False,-446.198016222526,446.198016222526,0.0,A
5573,1119.3322422914207,733.6112502962351,3,1,B,False,False,232.6100185009418,232.6100185009418,1.0,B
5574,1258.2140620797873,1156.417915597558,4,1,B,False,False,514.7438642272454,514.7438642272454,1.0,B
5575,1146.4875466190279,1180.5714927613735,5,1,B,False,False,467.802824648617,467.802824648617,1.0,B
5576,394.0778821706772,340.12415958568454,6,1,A,False,False,-249.91874829523013,249.91874829523013,0.0,A
5577,873.3690697699785,903.6840861663222,5,1,B,True,True,7.063664983248737,7.063664983248737,0.65,A
5578,681.135690305382,1426.0457251220942,6,1,A,True,False,-66.73741754694879,66.73741754694879,0.0,A
5579,1432.2040965780616,698.9854169078171,5,1,B,False,False,464.9154175590722,464.9154175590722,1.0,B
5580,556.4140914939344,897.7345847524703,7,1,A,False,False,-303.93950326931036,303.93950326931036,0.0,A
5581,491.0804517567158,837.7279881387949,1,1,A,False,False,-350.9634933767511,350.9634933767511,0.0,A
5582,755.1561738364398,1117.7242202684283,6,1,B,True,False,55.2081482227981,55.2081482227981,1.0,B
5583,512.1330642141402,578.5766271874309,5,1,A,False,False,-117.67928482515407,117.67928482515407,0.0,A
5584,1215.9633049741387,868.7182464636862,3,1,B,False,False,345.5180457683149,345.5180457683149,1.0,B
5585,1176.3313058763742,980.3978092968464,8,1,B,False,False,268.20364283968,268.20364283968,1.0,B
5586,19.109972286969423,1183.3721953444183,8,1,A,False,False,-576.2328232734338,576.2328232734338,0.0,A
5587,535.0745301693678,1182.135432958603,6,1,A,True,False,-96.13928940117452,96.13928940117452,0.0,A
5588,861.3933557644486,844.2841367796063,6,1,A,True,True,-3.910046325427719,3.910046325427719,0.5,A
5589,740.931838285178,985.4826251976192,5,1,A,True,False,-55.513494001158776,55.513494001158776,0.0,A
5590,770.9112390875816,50.76941940933466,3,1,A,True,False,-22.929809224942062,22.929809224942062,0.15,A
5591,1402.7788848616183,674.1656963713467,3,1,B,False,False,469.61300889576273,469.61300889576273,1.0,B
5592,353.6884607747197,1063.1901137530804,8,1,A,False,False,-260.98023788514536,260.98023788514536,0.0,A
5593,28.623387683182955,1490.8578456379473,7,1,A,False,False,-650.6218824829194,650.6218824829194,0.0,A
5594,663.4880863130093,1456.1367519199848,8,1,A,False,False,-105.08081960398673,105.08081960398673,0.0,A
5595,625.7059006020427,900.7903360761702,7,1,A,False,False,-234.05213351923152,234.05213351923152,0.0,A
5596,374.65547444298863,314.36038250103593,6,1,A,False,False,-288.82921683851407,288.82921683851407,0.0,A
5597,1487.4084144830704,859.1720997355878,3,1,B,False,False,611.5459862224362,611.5459862224362,1.0,B
5598,923.7775085493922,1401.3492241501808,3,1,B,False,False,117.25149174306918,117.25149174306918,1.0,B
5599,1077.8552242554724,948.5803465358913,5,1,B,False,False,194.46849962220455,194.46849962220455,1.0,B
5600,254.18170681223273,831.3850681297481,7,1,A,False,False,-561.1919500913842,561.1919500913842,0.0,A
5601,151.48110268637538,841.3454415276647,1,1,A,False,False,-679.0703213788681,679.0703213788681,0.0,A
5602,417.7304492332041,511.63209043443203,8,1,A,False,False,-211.38261769285552,211.38261769285552,0.0,A
5603,238.2265068590641,450.2458912320435,6,1,A,False,False,-347.1327096359514,347.1327096359514,0.0,A
5604,530.6803747080266,1454.2028959840536,2,1,A,False,False,-199.47142952810066,199.47142952810066,0.0,A
5605,1278.8667669519782,336.62650594487786,8,1,B,False,False,351.41168136526534,351.41168136526534,1.0,B
5606,1325.798508245498,30.325873754918575,5,1,B,False,False,377.208110931014,377.208110931014,1.0,B
5607,1093.64875825122,564.7149011492729,6,1,B,False,False,426.9388617136605,426.9388617136605,1.0,B
5608,395.35931032150984,47.7793556638062,2,1,A,False,False,-288.9906793552206,288.9906793552206,0.0,A
5609,313.42664966359735,679.7351147979498,2,1,A,False,False,-284.782165985769,284.782165985769,0.0,A
5610,897.3513557575643,170.229849871248,1,1,B,True,False,27.432195561515023,27.432195561515023,0.85,B
5611,925.0859334133565,1482.7821250073612,5,1,B,True,False,73.56816066048079,73.56816066048079,1.0,B
5612,772.2400557249784,945.8918790332973,6,1,A,True,False,-62.557077113569555,62.557077113569555,0.0,A
5613,479.15813885629177,739.1047300770879,8,1,A,False,False,-219.4307878101731,219.4307878101731,0.0,A
5614,573.6713390797377,1345.9098218008876,7,1,A,True,False,-87.12365882919923,87.12365882919923,0.0,A
5615,933.6203229613602,940.5721700750291,3,1,B,True,False,71.93223067588005,71.93223067588005,1.0,B
5616,886.4571168087423,953.8224055431783,8,1,B,True,False,37.07656007880516,37.07656007880516,1.0,B
5617,108.26424462720752,1071.8727693893015,1,1,A,False,False,-425.0666829193324,425.0666829193324,0.0,A
5618,445.6433462910354,625.481229275465,1,1,A,False,False,-175.63435439073962,175.63435439073962,0.0,A
5619,151.73231391236186,607.6323073357344,7,1,A,False,False,-412.212622228689,412.212622228689,0.0,A
5620,578.5597222857177,455.42036136612296,7,1,A,True,False,-62.69433580107497,62.69433580107497,0.0,A
5621,634.5759141258895,909.7518939524889,8,1,A,False,False,-218.0295164850076,218.0295164850076,0.0,A
5622,170.23841198533773,1244.909031316638,7,1,A,False,False,-453.4364708771444,453.4364708771444,0.0,A
5623,352.0440417341888,980.4640444926918,1,1,A,False,False,-352.43836144129756,352.43836144129756,0.0,A
5624,637.0723396539688,212.2060381807387,1,1,A,False,False,-213.38834860108219,213.38834860108219,0.0,A
5625,755.5535836145282,30.046692118048668,1,1,A,True,False,-18.32810691276598,18.32810691276598,0.1,A
5626,383.9995851740241,1219.5583241991699,5,1,A,False,False,-245.80385389994487,245.80385389994487,0.0,A
5627,1102.2421214729548,812.8598495386541,5,1,B,False,False,217.55697965017086,217.55697965017086,1.0,B
5628,295.7396465353668,143.95443303510547,1,1,A,False,False,-546.1630535394188,546.1630535394188,0.0,A
5629,1413.8447209261358,578.8481086492538,4,1,B,False,False,688.6376690775429,688.6376690775429,1.0,B
5630,50.79840123653412,1328.0677101574838,5,1,A,False,False,-475.30843873160336,475.30843873160336,0.0,A
5631,850.6763884797692,742.2723029740155,6,1,B,True,False,39.74974924115077,39.74974924115077,0.95,B
5632,791.162318084389,74.9253211542964,5,1,A,True,False,-25.690146144905267,25.690146144905267,0.15,A
5633,1171.004282310605,1180.9904663823545,4,1,B,False,False,491.23266654019216,491.23266654019216,1.0,B
5634,1093.7009369954467,1451.9304209388793,6,1,B,False,False,208.8057098560875,208.8057098560875,1.0,B
5635,617.3076094128191,1413.8700691983104,6,1,A,False,False,-100.83885826242489,100.83885826242489,0.0,A
5636,1317.6500061526895,1331.7187875509262,4,1,B,False,False,477.70934297449844,477.70934297449844,1.0,B
5637,796.5429676696658,1053.1610897742212,1,1,B,True,False,33.99079989647374,33.99079989647374,0.9,B
5638,781.8030710332096,609.3256096355617,8,1,B,True,False,95.70537412152993,95.70537412152993,1.0,B
5639,457.0408430881798,377.43203435093164,6,1,A,False,False,-182.35694311226447,182.35694311226447,0.0,A
5640,1282.6667740009725,1440.2565588243306,3,1,B,False,False,345.3462914342779,345.3462914342779,1.0,B
5641,787.0661183260381,150.81872418522835,5,1,A,True,False,-78.04619714827736,78.04619714827736,0.0,A
5642,414.25132378935814,495.6005522981286,5,1,A,False,False,-211.7060107405244,211.7060107405244,0.0,A
5643,873.2224577106535,1263.414369430393,3,1,B,False,False,221.90927263135427,221.90927263135427,1.0,B
5644,1017.8691004402936,65.72480639442801,3,1,B,False,False,149.8528399391212,149.8528399391212,1.0,B
5645,1483.3782375790179,1452.2986868396401,8,1,B,False,False,489.7418340588332,489.7418340588332,1.0,B
5646,1146.1361423134804,1072.0326374284923,5,1,B,False,False,288.5740001137935,288.5740001137935,1.0,B
5647,340.3809489682317,344.6948351338506,1,1,A,False,False,-282.7572641488025,282.7572641488025,0.0,A
5648,448.4378560446203,1440.0994777679443,7,1,A,False,False,-242.14046857036493,242.14046857036493,0.0,A
5649,1196.3464370928705,1210.554426535964,4,1,B,False,False,559.9347805963104,559.9347805963104,1.0,B
5650,622.9738220572472,249.3135379627347,6,1,A,False,False,-184.16223929836764,184.16223929836764,0.0,A
5651,17.45794527232647,877.1090595982969,2,1,A,False,False,-852.3433969997612,852.3433969997612,0.0,A
5652,1318.128262180835,765.6469037756324,3,1,B,False,False,373.55732364947494,373.55732364947494,1.0,B
5653,119.90915844216943,1106.0268287546933,1,1,A,False,False,-416.1790819202634,416.1790819202634,0.0,A
5654,248.7279768101871,170.52313266322017,8,1,A,False,False,-620.5944131128442,620.5944131128442,0.0,A
5655,1002.3580184206367,1204.9482031725347,6,1,B,False,False,363.719865548476,363.719865548476,1.0,B
5656,525.572054553777,996.9697259366512,7,1,A,False,False,-201.83046756766677,201.83046756766677,0.0,A
5657,1203.4932277165353,1451.0405422188342,2,1,B,False,False,287.9869535689787,287.9869535689787,1.0,B
5658,287.7055839635432,123.67807561531663,7,1,A,False,False,-513.9098084792265,513.9098084792265,0.0,A
5659,1120.2473700977862,463.44473864883184,5,1,B,False,False,411.23120423151965,411.23120423151965,1.0,B
5660,1055.590490810573,882.3722647503018,6,1,B,False,False,185.38350662064457,185.38350662064457,1.0,B
5661,1090.410518925637,1202.324797399342,4,1,B,False,False,447.4515329766364,447.4515329766364,1.0,B
5662,146.34092152118683,567.657679785043,6,1,A,False,False,-456.752312080263,456.752312080263,0.0,A
5663,663.3343216963112,1061.4266437478364,1,1,A,True,False,-50.749708029163365,50.749708029163365,0.0,A
5664,878.422767855227,929.7315054573119,1,1,B,True,False,20.161137733577707,20.161137733577707,0.8,B
5665,692.4137086607516,1441.3325157947838,6,1,A,True,False,-71.34584501004748,71.34584501004748,0.0,A
5666,407.9362233169377,850.874702911824,1,1,A,False,False,-447.4352589167383,447.4352589167383,0.0,A
5667,600.3897171467543,340.218267403543,1,1,A,False,False,-109.17766263128999,109.17766263128999,0.0,A
5668,422.14131401851773,845.4314740374684,8,1,A,False,False,-426.94414548245635,426.94414548245635,0.0,A
5669,1456.2623240053654,733.2428055815399,4,1,B,False,False,467.50695238252183,467.50695238252183,1.0,B
5670,1347.4415000528097,804.4031755998731,5,1,B,False,False,422.18427429867495,422.18427429867495,1.0,B
5671,1295.7312036305666,117.22494894638658,7,1,B,False,False,389.4785344470898,389.4785344470898,1.0,B
5672,1443.5099149122834,654.5348321087658,7,1,B,False,False,527.0392722309301,527.0392722309301,1.0,B
5673,168.53527072817087,669.1300892271101,1,1,A,False,False,-381.02046767342296,381.02046767342296,0.0,A
5674,43.48405357450247,567.0637213625014,5,1,A,False,False,-552.9678343593915,552.9678343593915,0.0,A
5675,1159.7885638475418,1227.182989474386,5,1,B,False,False,529.6475920571401,529.6475920571401,1.0,B
5676,894.5400933735073,1340.5744414776564,4,1,B,False,False,150.7116339692564,150.7116339692564,1.0,B
5677,1382.4730566702783,1317.0343525707722,7,1,B,False,False,559.5644222447327,559.5644222447327,1.0,B
5678,732.3111542500556,173.5107866115868,8,1,A,False,False,-137.66385765749297,137.66385765749297,0.0,A
5679,536.2370037473738,1047.9231476783752,1,1,A,False,False,-146.97682476568446,146.97682476568446,0.0,A
5680,309.2081844806671,235.9599731862545,1,1,A,False,False,-473.9269061030334,473.9269061030334,0.0,A
5681,204.71579069271684,693.8608065247536,6,1,A,False,False,-366.80534132267087,366.80534132267087,0.0,A
5682,35.11919919401407,1459.7648307681084,3,1,A,False,False,-569.5848957194747,569.5848957194747,0.0,A
5683,1392.7696673199534,203.69198871776462,7,1,B,False,False,507.95850892818066,507.95850892818066,1.0,B
5684,1362.7891964279115,323.77779576927423,3,1,B,False,False,403.83385489643604,403.83385489643604,1.0,B
5685,785.4878478683531,623.8220357336104,2,1,B,True,False,85.42965589511404,85.42965589511404,1.0,B
5686,1424.554840195924,1323.376331012696,6,1,B,False,False,577.0369819416698,577.0369819416698,1.0,B
5687,1418.5141590423882,793.3397926390171,8,1,B,False,False,469.99501235066197,469.99501235066197,1.0,B
5688,377.48169573023915,1498.125177808106,1,1,A,False,False,-383.565099314987,383.565099314987,0.0,A
5689,1317.9869488812983,685.1038732565939,7,1,B,False,False,399.24395490939713,399.24395490939713,1.0,B
5690,1026.2571196071804,426.91298481076956,4,1,B,False,False,271.3147946548443,271.3147946548443,1.0,B
5691,1371.8900685198605,625.7534315809608,2,1,B,False,False,531.243173965878,531.243173965878,1.0,B
5692,42.30720503255725,777.2371605969965,5,1,A,False,False,-604.019907386957,604.019907386957,0.0,A
5693,537.281820550561,136.79684093222022,2,1,A,False,False,-306.2656380749011,306.2656380749011,0.0,A
5694,1184.5176927745342,803.1423096545041,6,1,B,False,False,284.23523638839373,284.23523638839373,1.0,B
5695,716.7495251633227,449.0823280066252,4,1,B,True,False,49.60902502597181,49.60902502597181,1.0,B
5696,388.51700630038977,789.461100474,5,1,A,False,False,-358.5775380382136,358.5775380382136,0.0,A
5697,1035.789635963738,615.0441910140216,3,1,B,False,False,290.8721309901423,290.8721309901423,1.0,B
5698,88.28631229698658,207.49998930841684,7,1,A,False,False,-741.8635340922746,741.8635340922746,0.0,A
5699,1431.3505226746202,616.1774452775717,8,1,B,False,False,600.0536391151379,600.0536391151379,1.0,B
5700,460.62029572203755,242.16004880145192,2,1,A,False,False,-331.3289266809515,331.3289266809515,0.0,A
5701,376.4775451272726,1010.2361468598247,3,1,A,False,False,-292.41363752931386,292.41363752931386,0.0,A
5702,927.5565091520548,737.4197384342551,8,1,B,True,False,96.76152302771126,96.76152302771126,1.0,B
5703,1373.5687946900725,954.417881090194,3,1,B,False,False,435.5693943996545,435.5693943996545,1.0,B
5704,402.7624363079667,739.7674284875393,7,1,A,False,False,-273.9172285568427,273.9172285568427,0.0,A
5705,900.2403826452792,518.4348779730499,5,1,B,False,False,269.49040096848535,269.49040096848535,1.0,B
5706,1431.800213176757,51.38443876057863,8,1,B,False,False,452.2827606220294,452.2827606220294,1.0,B
5707,1153.7761925719678,189.82888804748654,4,1,B,False,False,281.97137151879934,281.97137151879934,1.0,B
5708,224.07363541424274,1287.8739112056792,2,1,A,False,False,-367.85349832403347,367.85349832403347,0.0,A
5709,1129.4050589203835,804.6789332292974,4,1,B,False,False,238.4369063108521,238.4369063108521,1.0,B
5710,1165.75763002038,1039.0076232142746,2,1,B,False,False,275.5515368656252,275.5515368656252,1.0,B
5711,1326.8676437437534,941.4423038251698,3,1,B,False,False,408.62569025310546,408.62569025310546,1.0,B
5712,152.55064889788628,1083.3782250992954,8,1,A,False,False,-391.67016619680334,391.67016619680334,0.0,A
5713,690.170222427696,603.8699126802385,4,1,B,True,False,25.66565355059347,25.66565355059347,0.9,B
5714,355.0938433036208,688.696545548737,1,1,A,False,False,-261.139094670006,261.139094670006,0.0,A
5715,528.1106242910028,1141.6291552595794,2,1,A,False,False,-108.04121021115562,108.04121021115562,0.0,A
5716,749.4911011308432,281.88427817076445,5,1,A,True,False,-52.04149888599376,52.04149888599376,0.0,A
5717,1314.3602921627462,1275.8387974463403,5,1,B,False,False,607.1614842807878,607.1614842807878,1.0,B
5718,716.9262003153563,5.889526102691889,1,1,A,True,False,-26.837208093398505,26.837208093398505,0.05,A
5719,1261.9266123510897,286.3543820567429,7,1,B,False,False,331.2797287060727,331.2797287060727,1.0,B
5720,1267.1397509984672,773.7483540549874,7,1,B,False,False,337.8924590789645,337.8924590789645,1.0,B
5721,1307.902199216187,1175.2489116042852,3,1,B,False,False,603.9848106219556,603.9848106219556,1.0,B
5722,1256.3202478922904,1114.8509178310633,7,1,B,False,False,425.44045610500206,425.44045610500206,1.0,B
5723,1325.9524321183562,858.5814270190895,4,1,B,False,False,451.63903921455403,451.63903921455403,1.0,B
5724,429.31141471490264,676.6343540512025,2,1,A,False,False,-203.57694582406305,203.57694582406305,0.0,A
5725,583.5885806009173,707.5386755168438,8,1,A,False,False,-118.89044918553716,118.89044918553716,0.0,A
5726,961.013229098171,1399.598237592727,7,1,B,False,False,143.86520129204075,143.86520129204075,1.0,B
5727,212.00579591095448,1296.757746487856,2,1,A,False,False,-371.1678047545863,371.1678047545863,0.0,A
5728,716.1470158025622,907.7927162870765,5,1,A,False,False,-141.9240436038595,141.9240436038595,0.0,A
5729,292.1597440727055,1253.207044210285,2,1,A,False,False,-329.8702811376569,329.8702811376569,0.0,A
5730,832.5889008119702,220.40856443345547,5,1,A,True,True,-25.365435862786047,25.365435862786047,0.35,A
5731,1089.903676416725,348.3901214785874,6,1,B,False,False,230.09854725400683,230.09854725400683,1.0,B
5732,1158.391253091395,953.4785309806466,3,1,B,False,False,259.958750616021,259.958750616021,1.0,B
5733,614.7650261409581,1316.485747229308,7,1,A,True,False,-41.990937167107155,41.990937167107155,0.0,A
5734,1003.6867456510663,588.1460560485721,6,1,B,False,False,307.23943885151266,307.23943885151266,1.0,B
5735,1083.2929881289601,518.9989660866559,3,1,B,False,False,452.35894847787813,452.35894847787813,1.0,B
5736,714.8656770586967,988.9028314501047,6,1,A,True,False,-71.92577174932961,71.92577174932961,0.0,A
5737,763.5874073021114,335.5743242427707,6,1,A,True,True,-1.3035871389967082,1.3035871389967082,0.55,B
5738,333.24733190238476,1224.5381036773324,2,1,A,False,False,-296.75074050225606,296.75074050225606,0.0,A
5739,1112.4278088100255,570.4619488678873,5,1,B,False,False,434.542867661434,434.542867661434,1.0,B
5740,761.1997160129249,1268.4780755080283,7,1,B,False,False,113.05384339052101,113.05384339052101,1.0,B
5741,52.91452165693045,1306.7139373160899,8,1,A,False,False,-493.1152057876927,493.1152057876927,0.0,A
5742,1411.6028202697635,1176.505835261196,4,1,B,False,False,701.4534435667651,701.4534435667651,1.0,B
5743,899.4427663274109,410.724557004869,6,1,B,False,False,155.6861434308715,155.6861434308715,1.0,B
5744,529.3447296135128,333.0223811790347,7,1,A,False,False,-163.5397485823798,163.5397485823798,0.0,A
5745,1270.1302855275571,160.87656933814287,8,1,B,False,False,397.4249320748016,397.4249320748016,1.0,B
5746,503.3693932928145,76.81575044989586,1,1,A,False,False,-248.38779982892908,248.38779982892908,0.0,A
5747,1255.1069199107587,1204.444330651313,5,1,B,False,False,611.2498195312022,611.2498195312022,1.0,B
5748,549.8036895878613,1190.9125079400837,6,1,A,True,False,-81.58311860081331,81.58311860081331,0.0,A
5749,1253.8473643362522,74.58600355312228,1,1,B,False,False,328.0300020591677,328.0300020591677,1.0,B
5750,316.03571120649576,812.0610052719712,2,1,A,False,False,-463.74019719436836,463.74019719436836,0.0,A
5751,1177.681865170598,465.61635565012693,5,1,B,False,False,465.82545326066287,465.82545326066287,1.0,B
5752,302.38328967243433,1389.1038810834289,5,1,A,False,False,-297.34153730331303,297.34153730331303,0.0,A
5753,338.47592817619443,79.84608365222812,6,1,A,False,False,-380.63879028282616,380.63879028282616,0.0,A
5754,61.09759630635381,932.6522508636117,1,1,A,False,False,-700.0153796921787,700.0153796921787,0.0,A
5755,715.2800881303847,112.22198512405157,6,1,A,False,False,-118.02708820000112,118.02708820000112,0.0,A
5756,1371.106832753867,1023.3632563613355,4,1,B,False,False,409.4704459789991,409.4704459789991,1.0,B
5757,505.27507346123457,342.3918974585831,7,1,A,False,False,-172.29407573281622,172.29407573281622,0.0,A
5758,340.7705621793866,1236.119208857417,2,1,A,False,False,-288.17171569133035,288.17171569133035,0.0,A
5759,1294.1063619218767,1205.8381042443216,3,1,B,False,False,651.360179149798,651.360179149798,1.0,B
5760,1259.8435333929956,393.06862838566303,8,1,B,False,False,392.9710895722521,392.9710895722521,1.0,B
5761,1091.0142324864864,404.18844390660524,7,1,B,False,False,287.5867011915963,287.5867011915963,1.0,B
5762,950.0518189743161,639.9911739863455,4,1,B,False,False,192.0838877181656,192.0838877181656,1.0,B
5763,801.6868829727173,1402.1062636747956,4,1,B,True,False,33.62672127826778,33.62672127826778,0.8,A
5764,1122.9235511273146,629.9675535410643,5,1,B,False,False,334.3825721709411,334.3825721709411,1.0,B
5765,421.57935770228505,187.81972769647837,8,1,A,False,False,-444.24275674920636,444.24275674920636,0.0,A
5766,1201.1577151715755,653.6693014204502,4,1,B,False,False,355.89948313182765,355.89948313182765,1.0,B
5767,1196.8142548575997,1141.7917991057038,8,1,B,False,False,431.65156190708865,431.65156190708865,1.0,B
5768,1281.6499639302492,1193.1678713299334,4,1,B,False,False,618.8929699890552,618.8929699890552,1.0,B
5769,916.6134218685329,28.023596853017807,6,1,B,True,False,94.62745897364931,94.62745897364931,1.0,B
5770,576.7798293381929,1386.8250804953277,4,1,A,False,False,-108.63044044926015,108.63044044926015,0.0,A
5771,273.7844232469797,625.2027684822679,1,1,A,False,False,-306.9759876301209,306.9759876301209,0.0,A
5772,736.6982493549585,615.3297764249146,7,1,B,True,False,54.67785701723531,54.67785701723531,1.0,B
5773,164.7861124947667,401.719780638814,1,1,A,False,False,-382.8095099825729,382.8095099825729,0.0,A
5774,1383.7512102909386,1095.1683400198817,8,1,B,False,False,484.0596197876992,484.0596197876992,1.0,B
5775,1274.4636721909046,1065.7372875139117,3,1,B,False,False,370.3084647908177,370.3084647908177,1.0,B
5776,862.5044063664973,1403.9025795646012,4,1,B,True,False,73.71117045349658,73.71117045349658,1.0,B
5777,1476.5388281084597,101.18938190862536,8,1,B,False,False,526.7943265395567,526.7943265395567,1.0,B
5778,1346.6439060866833,885.7496953569353,6,1,B,False,False,474.6533963311351,474.6533963311351,1.0,B
5779,1321.4182569645345,807.0687674917281,3,1,B,False,False,402.6123048537866,402.6123048537866,1.0,B
5780,1081.4242050983012,706.7634053528309,5,1,B,False,False,220.76088062037655,220.76088062037655,1.0,B
5781,812.8319894894958,776.3367011211812,2,1,A,True,True,-10.065777212077556,10.065777212077556,0.35,A
5782,314.1662129200995,999.6388549916446,8,1,A,False,False,-350.6493981638139,350.6493981638139,0.0,A
5783,566.8269759044051,1410.813856869936,1,1,A,False,False,-132.87630599736775,132.87630599736775,0.0,A
5784,942.3712575808167,1061.9537732563913,5,1,B,False,False,140.06214485433344,140.06214485433344,1.0,B
5785,73.97532323375344,843.5187600553036,1,1,A,False,False,-757.8256607394227,757.8256607394227,0.0,A
5786,465.82571882754564,269.683750346303,6,1,A,False,False,-282.491868787172,282.491868787172,0.0,A
5787,684.4952898100019,1091.746254824102,7,1,A,True,True,-15.244048096231777,15.244048096231777,0.4,A
5788,1273.3246511779726,122.77406919747591,7,1,B,False,False,374.3023322777924,374.3023322777924,1.0,B
5789,746.3728724978864,332.7459949068725,5,1,A,True,True,-15.1592088397491,15.1592088397491,0.4,B
5790,1347.6368025876582,1153.8631464354694,3,1,B,False,False,584.007658860911,584.007658860911,1.0,B
5791,409.4083202071488,1211.172674316913,1,1,A,False,False,-219.57134421849383,219.57134421849383,0.0,A
5792,1447.4323061294854,324.55754186958075,8,1,B,False,False,462.4478534669793,462.4478534669793,1.0,B
5793,1150.6579276174307,238.5766413062811,3,1,B,False,False,259.0182945606601,259.0182945606601,1.0,B
5794,607.5534489937127,1230.145770125091,5,1,A,True,True,-22.546664503080553,22.546664503080553,0.25,A
5795,1039.0753280371428,1110.203494783491,4,1,B,False,False,257.7050729938895,257.7050729938895,1.0,B
5796,139.6009004674852,666.2070960737765,8,1,A,False,False,-400.635671265978,400.635671265978,0.0,A
5797,357.4278806336224,1392.3867917619646,5,1,A,False,False,-261.85326750672016,261.85326750672016,0.0,A
5798,613.2929516024888,1120.184422004968,5,1,A,True,False,-49.793647082204025,49.793647082204025,0.0,A
5799,119.67554362490773,436.619826592505,8,1,A,False,False,-433.22217683084307,433.22217683084307,0.0,A
5800,494.8082948103547,874.3274942971766,8,1,A,False,False,-375.181588724314,375.181588724314,0.0,A
5801,763.457705732435,1212.9433737136424,5,1,B,False,False,131.86631737192482,131.86631737192482,1.0,B
5802,460.3081773966551,859.6570263616741,7,1,A,False,False,-404.1609236614584,404.1609236614584,0.0,A
5803,670.4981443472207,811.69148767367,6,1,A,False,False,-156.28436596485795,156.28436596485795,0.0,A
5804,371.6203314252198,542.5642831251025,2,1,A,False,False,-256.2298008989238,256.2298008989238,0.0,A
5805,1495.33533398062,603.0759634450078,3,1,B,False,False,687.4924993988636,687.4924993988636,1.0,B
5806,1160.2403442375362,82.90470018982887,6,1,B,False,False,257.8271456954412,257.8271456954412,1.0,B
5807,934.2761398293078,1118.5038881376386,6,1,B,False,False,190.32220131931697,190.32220131931697,1.0,B
5808,1411.3860852085054,781.8538164719939,3,1,B,False,False,453.8061431531662,453.8061431531662,1.0,B
5809,500.92137046158314,243.33928618580103,2,1,A,False,False,-295.08011811786446,295.08011811786446,0.0,A
5810,396.5104934759438,991.3632706739008,6,1,A,False,False,-302.79115812372856,302.79115812372856,0.0,A
5811,1465.0031067430973,108.43512648716569,3,1,B,False,False,526.6507805341373,526.6507805341373,1.0,B
5812,311.0592467710376,950.8826052770019,6,1,A,False,False,-440.4249942699417,440.4249942699417,0.0,A
5813,838.5989950038493,1245.3114995732903,6,1,B,False,False,202.77956376040146,202.77956376040146,1.0,B
5814,1152.114967815578,294.51627004891634,4,1,B,False,False,250.4390872581521,250.4390872581521,1.0,B
5815,884.9272057414055,626.2566335499287,4,1,B,False,False,159.03159159615896,159.03159159615896,1.0,B
5816,587.550058029592,1458.263506181538,2,1,A,False,False,-162.5905677923079,162.5905677923079,0.0,A
5817,774.8885429464281,987.4862325377762,5,1,A,True,False,-28.792864157764864,28.792864157764864,0.15,A
5818,374.8155771754682,1404.2461370117962,6,1,A,False,False,-258.481755696672,258.481755696672,0.0,A
5819,1239.7080939263105,922.6727094501257,7,1,B,False,False,347.404234415396,347.404234415396,1.0,B
5820,707.0912467315793,17.83961383625865,6,1,A,True,False,-42.50369109165935,42.50369109165935,0.0,A
5821,606.0015116818249,1355.2602580748498,1,1,A,True,False,-68.95035446779069,68.95035446779069,0.0,A
5822,202.78002228587866,938.2689641788602,6,1,A,False,False,-561.032283177062,561.032283177062,0.0,A
5823,65.05150767043233,458.2239710725844,2,1,A,False,False,-500.6817640252995,500.6817640252995,0.0,A
5824,974.6559862978756,643.3427156880498,7,1,B,False,False,206.18106353628627,206.18106353628627,1.0,B
5825,23.640219122171402,640.4457609169185,1,1,A,False,False,-487.88999580669247,487.88999580669247,0.0,A
5826,737.3291370458901,593.2703032158315,5,1,B,True,False,72.67801182072154,72.67801182072154,1.0,B
5827,24.75129207596183,109.94679853320122,5,1,A,False,False,-709.6761152443796,709.6761152443796,0.0,A
5828,802.3771913722157,252.82403407618403,4,1,A,True,False,-32.48386571389764,32.48386571389764,0.1,A
5829,941.0991291515529,979.1374895721674,8,1,B,True,False,90.55162641036353,90.55162641036353,1.0,B
5830,894.8572156950831,557.5625924393535,3,1,B,False,False,248.0940994793704,248.0940994793704,1.0,B
5831,1150.8346335031092,592.2195450402796,3,1,B,False,False,426.32802421160073,426.32802421160073,1.0,B
5832,951.1767388321459,452.36740820109844,6,1,B,False,False,248.25231662083914,248.25231662083914,1.0,B
5833,667.5669006071985,524.9008443206549,5,1,B,True,False,37.566835816811285,37.566835816811285,0.85,B
5834,886.8943881243467,1143.4266124852002,4,1,B,False,False,183.5141562538493,183.5141562538493,1.0,B
5835,86.13453665748239,805.1549443043768,2,1,A,False,False,-643.3619010835642,643.3619010835642,0.0,A
5836,1023.9216517657042,1224.421817343682,3,1,B,False,False,393.9138813811198,393.9138813811198,1.0,B
5837,1305.3280664607882,790.6979802064598,7,1,B,False,False,376.35469202807275,376.35469202807275,1.0,B
5838,949.868218973279,557.061844971031,5,1,B,False,False,301.1730873030172,301.1730873030172,1.0,B
5839,1223.5030168667436,708.0665621906519,3,1,B,False,False,316.7033586647928,316.7033586647928,1.0,B
5840,1253.5064653493464,1074.2891770787537,4,1,B,False,False,364.8509617389554,364.8509617389554,1.0,B
5841,270.5337549559772,868.0785801261663,8,1,A,False,False,-597.8992656796156,597.8992656796156,0.0,A
5842,1369.9616538360715,1064.1587083227932,8,1,B,False,False,434.0375474905249,434.0375474905249,1.0,B
5843,402.0693339407444,1090.8529129810631,1,1,A,False,False,-215.0087417859448,215.0087417859448,0.0,A
5844,818.0663133971393,1037.2899435460567,6,1,B,True,False,37.14637099756227,37.14637099756227,1.0,B
5845,971.5104508213699,425.38223415613174,3,1,B,False,False,227.1675283620903,227.1675283620903,1.0,B
5846,596.8435783870518,567.1538016758859,2,1,A,True,False,-38.69380843883963,38.69380843883963,0.05,A
5847,1499.1181888617575,280.49952909350395,7,1,B,False,False,511.2080232415302,511.2080232415302,1.0,B
5848,275.578748434782,722.5635289214551,8,1,A,False,False,-342.9589272715114,342.9589272715114,0.0,A
5849,369.4692919962108,1168.756338302046,1,1,A,False,False,-244.3318327453274,244.3318327453274,0.0,A
5850,122.68225522711873,209.34297563508153,8,1,A,False,False,-704.9710456328506,704.9710456328506,0.0,A
5851,854.2425949126482,716.1317998543382,6,1,B,True,False,59.47759638577794,59.47759638577794,1.0,B
5852,337.6741991378367,446.80395908653736,7,1,A,False,False,-263.28153638496866,263.28153638496866,0.0,A
5853,16.388116870075464,282.3874354362488,7,1,A,False,False,-600.68556769352,600.68556769352,0.0,A
5854,1472.5043065845966,256.26986660063267,5,1,B,False,False,514.2521723142889,514.2521723142889,1.0,B
5855,83.19258084520698,1196.0097667761147,8,1,A,False,False,-530.8397308704411,530.8397308704411,0.0,A
5856,997.3132233135402,1458.1994824111462,3,1,B,False,False,137.01914312376604,137.01914312376604,1.0,B
5857,174.82296377420425,332.65286358073354,5,1,A,False,False,-406.63822457559996,406.63822457559996,0.0,A
5858,229.6060435473919,440.6792283989489,2,1,A,False,False,-348.2551910125152,348.2551910125152,0.0,A
5859,175.90468330308795,92.07114949822426,7,1,A,False,False,-535.0399319268456,535.0399319268456,0.0,A
5860,108.93421433866024,1499.2026365362108,1,1,A,False,False,-607.9343377609744,607.9343377609744,0.0,A
5861,317.9823732934892,1220.4998354427516,2,1,A,False,False,-311.8206752495325,311.8206752495325,0.0,A
5862,1277.4777263402939,1107.3811682872474,7,1,B,False,False,427.962959121208,427.962959121208,1.0,B
5863,1119.7752496227622,1164.9436047300696,4,1,B,False,False,413.7267208018585,413.7267208018585,1.0,B
5864,1450.0148822553456,754.4566662982106,3,1,B,False,False,466.4290064011949,466.4290064011949,1.0,B
5865,716.6316225193441,567.9330895654857,4,1,B,True,False,72.14197035406755,72.14197035406755,1.0,B
5866,1494.868938345462,1401.2566627934575,6,1,B,False,False,505.8941117653158,505.8941117653158,1.0,B
5867,434.7613798454404,182.28853633627295,2,1,A,False,False,-433.9074754424114,433.9074754424114,0.0,A
5868,233.1923246383667,877.0156921818852,2,1,A,False,False,-636.667161139164,636.667161139164,0.0,A
5869,327.03613629564643,1311.3250876776874,5,1,A,False,False,-269.3154942539336,269.3154942539336,0.0,A
5870,2.858495805412531,1076.4506310224533,8,1,A,False,False,-496.573207197506,496.573207197506,0.0,A
5871,18.089563585817814,1450.7869756780565,7,1,A,False,False,-564.0892525022831,564.0892525022831,0.0,A
5872,82.79445860534906,703.0486087314785,1,1,A,False,False,-456.2823825628168,456.2823825628168,0.0,A
5873,1151.6483346931636,571.390519849956,8,1,B,False,False,468.83350147024754,468.83350147024754,1.0,B
5874,56.021487805992365,1264.5579501986504,7,1,A,False,False,-544.5368601746792,544.5368601746792,0.0,A
5875,455.55770164355636,722.8431687690318,6,1,A,False,False,-219.41418407064873,219.41418407064873,0.0,A
5876,758.5593941621482,1038.6375663802028,5,1,A,True,True,-2.4958573563830475,2.4958573563830475,0.5,A
5877,1467.5696245394647,296.17359302937984,3,1,B,False,False,478.90374789395,478.90374789395,1.0,B
5878,267.39183627068996,61.9147215038538,6,1,A,False,False,-402.7555460348499,402.7555460348499,0.0,A
5879,1463.2190046831965,244.4147290661931,5,1,B,False,False,521.3418769370404,521.3418769370404,1.0,B
5880,146.45507466048002,1095.3306430019438,2,1,A,False,False,-395.32315172665926,395.32315172665926,0.0,A
5881,338.68836611509323,375.1232670620084,1,1,A,False,False,-265.17879534129247,265.17879534129247,0.0,A
5882,566.5034162811935,440.31668175011873,2,1,A,True,False,-77.51212789935266,77.51212789935266,0.0,A
5883,644.7829976677895,959.1070585884154,5,1,A,False,False,-154.97269156557374,154.97269156557374,0.0,A
5884,1161.7352426983416,818.3783059939742,3,1,B,False,False,271.8244123726153,271.8244123726153,1.0,B
5885,1476.7967713996768,144.5677620358765,6,1,B,False,False,586.9674125601821,586.9674125601821,1.0,B
5886,476.4173864386976,696.9373910687864,7,1,A,False,False,-183.93470164743601,183.93470164743601,0.0,A
5887,292.5362465903163,998.6419547349215,2,1,A,False,False,-367.6554668080513,367.6554668080513,0.0,A
5888,1499.7620210051537,727.1293681114912,3,1,B,False,False,498.2816284389967,498.2816284389967,1.0,B
5889,1350.366865284741,529.4260564260185,3,1,B,False,False,719.6139653642846,719.6139653642846,1.0,B
5890,825.9360305964947,1229.3882821686566,4,1,B,False,False,195.6670196656911,195.6670196656911,1.0,B
5891,220.2528160996735,756.388558074832,7,1,A,False,False,-427.93544668839854,427.93544668839854,0.0,A
5892,1317.1435561962426,624.3598312139511,6,1,B,False,False,492.38926986325345,492.38926986325345,1.0,B
5893,828.0199295841157,948.4452763572335,6,1,A,True,True,-14.052056083492339,14.052056083492339,0.4,B
5894,520.764569286257,593.9137386158109,8,1,A,False,False,-111.50725699235694,111.50725699235694,0.0,A
5895,99.30654102936387,19.09984415397048,1,1,A,False,False,-460.2625670334437,460.2625670334437,0.0,A
5896,189.95274882763624,703.9785906672478,6,1,A,False,False,-384.0944473782112,384.0944473782112,0.0,A
5897,137.3493424616754,1410.101518034935,4,1,A,False,False,-425.16832426087916,425.16832426087916,0.0,A
5898,105.98549153655767,1093.7489527277648,5,1,A,False,False,-423.94690622865437,423.94690622865437,0.0,A
5899,407.9596255905926,709.4054245389998,2,1,A,False,False,-240.06262524090337,240.06262524090337,0.0,A
5900,239.686980843544,113.25524328276515,2,1,A,False,False,-532.7130293019301,532.7130293019301,0.0,A
5901,365.72964023798704,1016.9062167406082,6,1,A,False,False,-292.1501820534121,292.1501820534121,0.0,A
5902,14.930436853319407,654.4657470658422,6,1,A,False,False,-488.87732345776965,488.87732345776965,0.0,A
5903,292.60863550007343,786.0376196913421,2,1,A,False,False,-428.4226418215885,428.4226418215885,0.0,A
5904,171.93272430449724,736.5049221552908,1,1,A,False,False,-431.76628864750467,431.76628864750467,0.0,A
5905,1160.0656458176672,624.4510025717318,5,1,B,False,False,371.85046211579197,371.85046211579197,1.0,B
5906,735.6129507534206,132.06604588776827,6,1,A,False,False,-116.40614433897365,116.40614433897365,0.0,A
5907,1407.6135945506394,620.2814388088882,5,1,B,False,False,571.3605911826057,571.3605911826057,1.0,B
5908,1093.3116367086768,187.1083932928741,1,1,B,False,False,222.50615587156804,222.50615587156804,1.0,B
5909,620.2568574808538,1056.045980192721,2,1,A,True,False,-83.9129809187988,83.9129809187988,0.0,A
5910,549.3547590449452,1000.9449510835111,6,1,A,False,False,-180.3394247628091,180.3394247628091,0.0,A
5911,704.5900435186923,434.88844530656934,6,1,B,True,False,29.524477166831407,29.524477166831407,0.85,A
5912,120.30669813975692,457.4474995024502,1,1,A,False,False,-452.6192165064706,452.6192165064706,0.0,A
5913,1094.623401761055,904.6258614398539,5,1,B,False,False,220.18985316688017,220.18985316688017,1.0,B
5914,369.93592511862516,871.2226306088269,2,1,A,False,False,-499.6621369573544,499.6621369573544,0.0,A
5915,579.0045512840152,386.66917802765965,6,1,A,True,False,-92.58734206501974,92.58734206501974,0.0,A
5916,1119.9588440358639,1435.4305509477854,3,1,B,False,False,232.36793633848495,232.36793633848495,1.0,B
5917,773.6063157208264,906.284614931792,5,1,A,True,False,-87.86243021483996,87.86243021483996,0.0,A
5918,856.159255374223,886.364737059921,7,1,A,True,True,-13.13813171684582,13.13813171684582,0.3,A
5919,462.2407634742558,931.3364722765982,2,1,A,False,False,-348.1961151583415,348.1961151583415,0.0,A
5920,1137.8349401056767,476.4438704587519,4,1,B,False,False,452.072327458979,452.072327458979,1.0,B
5921,173.25084563344717,1109.0816496871412,1,1,A,False,False,-378.0465408679436,378.0465408679436,0.0,A
5922,837.9978728480637,203.96303432062268,1,1,A,True,True,-26.95566061738637,26.95566061738637,0.25,A
5923,244.90083334967494,1477.3768745362759,8,1,A,False,False,-448.2899451176319,448.2899451176319,0.0,A
5924,1418.665062636137,1187.998164910823,8,1,B,False,False,737.9219048764857,737.9219048764857,1.0,B
5925,322.383220307529,965.803190600127,1,1,A,False,False,-401.3141037340714,401.3141037340714,0.0,A
5926,1007.7203116379678,554.3045704253018,8,1,B,False,False,359.75031916584373,359.75031916584373,1.0,B
5927,645.6217411905527,1112.229935824871,2,1,A,True,False,-30.110639457964254,30.110639457964254,0.2,A
5928,444.600323215127,873.4531891532242,5,1,A,False,False,-425.3405533272149,425.3405533272149,0.0,A
5929,1176.5450234524906,286.9534925557673,6,1,B,False,False,267.9944309647555,267.9944309647555,1.0,B
5930,714.3793352879584,1017.2743066214025,5,1,A,True,False,-48.99113746331942,48.99113746331942,0.0,A
5931,863.5215237736702,1335.1417346857488,5,1,B,False,False,133.44328697201027,133.44328697201027,1.0,B
5932,21.438103169202805,531.9961183704436,6,1,A,False,False,-607.4123366578052,607.4123366578052,0.0,A
5933,150.8805169723928,713.7862262316048,1,1,A,False,False,-419.4289903758489,419.4289903758489,0.0,A
5934,431.5587370656431,1018.8543386757374,8,1,A,False,False,-244.23774256602172,244.23774256602172,0.0,A
5935,662.3499286361039,544.9988669715822,3,1,B,True,False,29.87425686692257,29.87425686692257,0.8,B
5936,816.5466575883329,667.9004402831197,1,1,B,True,False,70.0124312211872,70.0124312211872,1.0,B
5937,1396.521309390664,1032.36702689901,8,1,B,False,False,429.89241333860633,429.89241333860633,1.0,B
5938,1338.0698282271624,649.9583702534437,4,1,B,False,False,459.45014015786006,459.45014015786006,1.0,B
5939,66.52371631935239,103.81267732009292,2,1,A,False,False,-656.0988818441202,656.0988818441202,0.0,A
5940,797.3462697118521,279.4208452105522,3,1,A,True,True,-17.89081991266224,17.89081991266224,0.25,B
5941,206.6976665519178,1110.5144103057683,1,1,A,False,False,-353.8198592729782,353.8198592729782,0.0,A
5942,262.1717727743089,80.64826251938939,2,1,A,False,False,-441.47760970911935,441.47760970911935,0.0,A
5943,852.91413590312,1242.1135897748172,4,1,B,False,False,218.5529084639194,218.5529084639194,1.0,B
5944,654.6725984662771,1044.8634624481201,5,1,A,True,False,-68.66152785291743,68.66152785291743,0.0,A
5945,668.2328679598868,1191.810023970902,5,1,B,True,False,31.414355023427365,31.414355023427365,0.9,B
5946,1468.559361062944,431.1270620673895,8,1,B,False,False,622.266506531838,622.266506531838,1.0,B
5947,1044.7698701173067,1297.006939072162,8,1,B,False,False,327.6605557183792,327.6605557183792,1.0,B
5948,834.5647710375488,1310.2739159949124,4,1,B,False,False,137.1220732159143,137.1220732159143,1.0,B
5949,168.37108600884676,1157.6879960484803,8,1,A,False,False,-411.88128980402126,411.88128980402126,0.0,A
5950,175.03967927768826,687.7490244805813,7,1,A,False,False,-383.47658914774127,383.47658914774127,0.0,A
5951,643.655292224139,871.6610614210367,8,1,A,False,False,-226.1730381097003,226.1730381097003,0.0,A
5952,1126.886477228254,701.6971302218735,6,1,B,False,False,255.2001601830902,255.2001601830902,1.0,B
5953,548.2658757828176,461.11874794587493,2,1,A,True,False,-87.1406272717397,87.1406272717397,0.0,A
5954,1415.9575975500047,1103.4555374644697,3,1,B,False,False,521.547658861607,521.547658861607,1.0,B
5955,1091.2535204552114,1238.165674265474,8,1,B,False,False,456.7483198223138,456.7483198223138,1.0,B
5956,791.0481202416122,1258.4702940657735,5,1,B,False,False,148.32067500917768,148.32067500917768,1.0,B
5957,125.83910627290606,2.6400117203593254,8,1,A,False,False,-426.66869434434057,426.66869434434057,0.0,A
5958,54.813237860798836,1012.4214515089989,6,1,A,False,False,-515.4035892096023,515.4035892096023,0.0,A
5959,485.32825196161866,490.09336391463876,2,1,A,False,False,-142.84755712168797,142.84755712168797,0.0,A
5960,1284.7628672607243,1174.2295282892883,4,1,B,False,False,580.5856315294325,580.5856315294325,1.0,B
5961,1100.352554116398,417.47630573809147,8,1,B,False,False,313.4409179547002,313.4409179547002,1.0,B
5962,1231.4757336862385,1132.3017440736294,2,1,B,False,False,439.85144084196776,439.85144084196776,1.0,B
5963,727.9015718959272,43.41346537694335,6,1,A,True,False,-47.94776906290784,47.94776906290784,0.0,A
5964,19.79162497445941,79.71168402582407,8,1,A,False,False,-627.6727082441732,627.6727082441732,0.0,A
5965,997.2442709840834,204.05632071197033,3,1,B,False,False,126.51325325812432,126.51325325812432,1.0,B
5966,1395.4264330677688,845.1535496860743,4,1,B,False,False,509.4056382423605,509.4056382423605,1.0,B
5967,493.57021087780595,545.6372732296586,5,1,A,False,False,-135.8354949669107,135.8354949669107,0.0,A
5968,378.7649245932698,990.23417243734,7,1,A,False,False,-317.41860097809587,317.41860097809587,0.0,A
5969,1233.2217749208212,218.95717084407806,5,1,B,False,False,344.1119005541722,344.1119005541722,1.0,B
5970,1242.2432857565582,1250.6284494884312,3,1,B,False,False,591.5036471635385,591.5036471635385,1.0,B
5971,1127.7819368988276,1488.4759378619492,3,1,B,False,False,233.19759124068295,233.19759124068295,1.0,B
5972,706.0928544960916,473.433384206146,5,1,B,True,False,57.195269331491055,57.195269331491055,1.0,B
5973,461.6199703887105,136.131236795336,2,1,A,False,False,-376.4422602940734,376.4422602940734,0.0,A
5974,51.94538505747914,144.54677794128656,1,1,A,False,False,-781.2424494234681,781.2424494234681,0.0,A
5975,50.249489955604076,1221.769338939339,7,1,A,False,False,-579.5184192470664,579.5184192470664,0.0,A
5976,1002.4727024137974,138.65840015932918,2,1,B,False,False,131.20504921809658,131.20504921809658,1.0,B
5977,127.44141882285476,698.3453035354614,7,1,A,False,False,-422.39202256057774,422.39202256057774,0.0,A
5978,77.69070379436016,717.5514721311629,8,1,A,False,False,-473.37822893336704,473.37822893336704,0.0,A
5979,101.16986325010657,1175.8658168837428,6,1,A,False,False,-490.90829238104294,490.90829238104294,0.0,A
5980,813.9636288397014,563.2278746925294,6,1,B,False,False,166.38043601637904,166.38043601637904,1.0,B
5981,1475.2872940152884,1059.2137109488249,3,1,B,False,False,501.1385045869406,501.1385045869406,1.0,B
5982,540.1630802080035,1340.0234319269657,5,1,A,False,False,-108.8874627458329,108.8874627458329,0.0,A
5983,370.004341006279,461.39452094212174,2,1,A,False,False,-241.1490366042202,241.1490366042202,0.0,A
5984,585.2288268506527,125.44262409210205,2,1,A,False,False,-247.773971154371,247.773971154371,0.0,A
5985,1038.4215493686497,1038.5238756425679,5,1,B,False,False,188.37790848750754,188.37790848750754,1.0,B
5986,909.8958796821535,1009.0889437124133,1,1,B,True,False,82.3808182399469,82.3808182399469,1.0,A
5987,256.48483308032155,1259.5457145944238,2,1,A,False,False,-360.2779731046331,360.2779731046331,0.0,A
5988,453.90827022492886,258.1004099920392,6,1,A,False,False,-310.1924103120987,310.1924103120987,0.0,A
5989,216.88591316342354,970.014869235456,3,1,A,False,False,-475.316934743241,475.316934743241,0.0,A
5990,585.5643167160451,766.1969312466681,1,1,A,False,False,-172.8007731833695,172.8007731833695,0.0,A
5991,1467.1552302315831,805.2716357633471,1,1,B,False,False,524.25985185969,524.25985185969,1.0,B
5992,283.13362458720803,258.6951646953821,2,1,A,False,False,-446.81045752839594,446.81045752839594,0.0,A
5993,1019.1694214008749,836.3078129477799,5,1,B,False,False,146.7810789480185,146.7810789480185,1.0,B
5994,231.5079211257398,547.9850121773779,5,1,A,False,False,-391.6169977709677,391.6169977709677,0.0,A
5995,249.11513552069664,951.7480814829469,1,1,A,False,False,-489.723466894329,489.723466894329,0.0,A
5996,549.116242211312,473.52240700274706,5,1,A,True,False,-84.2574360317395,84.2574360317395,0.0,A
5997,1197.595965117216,39.21576915308833,8,1,B,False,False,285.65689564270235,285.65689564270235,1.0,B
5998,1158.0966752953827,1144.5506159216166,5,1,B,False,False,405.80719492418245,405.80719492418245,1.0,B
5999,146.11851470544934,265.2442082762718,5,1,A,False,False,-541.3571580988099,541.3571580988099,0.0,A
